label,lr_pred,lr_proba
0,0,0.11901675268160972
0,0,0.24604123550540463
0,0,0.027963362678860886
0,0,0.01046125584747871
0,0,0.033571599211158216
0,0,0.03496304622218761
0,0,0.0018160812830009232
0,0,0.033833086258940506
0,0,0.004724002574290435
0,0,0.02863378503789252
0,0,0.002529472926511861
0,0,0.036702021093682244
0,0,0.031225257623540035
0,0,0.019419326620648197
0,0,0.030411023242875288
0,0,0.04955144182486574
0,0,0.01856298807931724
0,0,0.04093754948133005
0,0,0.05733874292718801
0,0,0.020286166849975754
0,0,0.06499996486357708
0,0,0.018095249741259218
0,0,0.020565007473293866
0,0,0.0335294707852257
0,0,0.02098900369187442
0,0,0.047961335622762453
0,0,0.028579523377278402
0,0,0.0507440031057455
0,0,0.02838097507463525
0,0,0.010682755103090684
0,0,0.08543976097253486
0,0,0.03074896942553392
0,0,0.062324640118009665
0,0,0.03446725360302848
0,0,0.02815060768756357
0,0,0.03486557323589029
0,0,0.027188361964083585
0,0,0.04213569870556679
0,0,0.039752148462242363
0,0,0.03204198248568537
0,0,0.05499378407719751
0,0,0.043274708565612816
0,0,0.040455579668011624
0,0,0.04833831083033945
0,0,0.041228303897996796
0,0,0.005219185938447932
0,0,0.012767692242054807
0,0,0.029960241328766665
0,0,0.044502389141413454
0,0,0.028713856146771338
0,0,0.08797743948599475
0,0,0.03725207908501136
0,0,0.06027560961194994
0,0,0.0323150639242947
0,0,0.05929715325350876
0,0,0.03940542654777209
0,0,0.07665544223904784
0,0,0.04727454578131338
0,0,0.029388529155447547
0,0,0.10358858446985039
0,0,0.024734650786145132
0,0,0.03691320001576539
0,0,0.03298510921045447
0,0,0.06539228970933773
0,0,0.056877922442383676
0,0,0.06637294431945132
0,0,0.030755967568858397
0,0,0.03196246363200406
0,0,0.01805262051063603
0,0,0.06191420158181468
0,0,0.0508015766841351
0,0,0.02461452056895969
0,0,0.048583806120192946
0,0,0.10588787534732044
0,0,0.0378178176440339
0,0,0.02996398159975379
0,0,0.2070038461512638
0,0,0.0417114912613699
0,0,0.037222169037394094
0,0,0.029594718606849115
0,0,0.042631764925912814
0,0,0.02990896547039766
0,0,0.09827782112720448
0,0,0.045442760249618686
0,0,0.09890417748736345
0,0,0.04572954287240236
0,0,0.03351990508133731
0,0,0.01982158411868505
0,0,0.033334613102094124
0,0,0.0348845483642859
0,0,0.01732471613747477
0,0,0.058789856311185135
0,0,0.027622411828716085
0,0,0.06159577931878726
0,0,0.023909368665490583
0,0,0.02939244860202465
0,0,0.033645476262519375
0,0,0.04826454723114189
0,0,0.02991270423924182
0,0,0.03604909202159257
0,0,0.05551953140395662
0,0,0.03286843638546792
0,0,0.043912109803859505
0,0,0.04029009670732339
0,0,0.07619668625263401
0,0,0.05846051585719424
0,0,0.04497289450408612
0,0,0.032817669549255954
0,0,0.054112391937471964
0,0,0.03918218924331079
0,0,0.13400629615220797
0,0,0.04821552950385331
0,0,0.023291131348399437
0,0,0.006323809144785651
0,0,0.05108802332973752
0,0,0.006793344270707972
0,0,0.09933926808094826
0,0,0.006808824633644266
0,0,0.2315627124378613
0,0,0.07011280232243833
0,0,0.0027121242726721876
0,0,0.050276967028922
0,0,0.0032891259024835397
0,0,0.12968495964003862
0,0,0.3106843460656034
0,0,0.020473006186216877
0,0,0.05821772367563507
0,0,0.07623991161564293
0,0,0.02245090717892473
0,0,0.027701141195992898
0,0,0.09157853210690105
0,0,0.009168343721434144
0,0,0.0550846201388212
0,0,0.096595700551246
0,0,0.005173661955919593
0,0,0.08267370398362603
0,0,0.226632447540911
0,0,0.016956830884868965
0,0,0.007548331103335799
0,0,0.0014224149072324418
0,0,0.12789391133029573
0,0,0.001710086770765347
0,0,0.010054356596490188
0,0,0.0075839046010649095
0,0,0.017155393420237766
0,0,0.00236846221362913
0,0,0.020785736731516225
0,0,0.0902008360107601
0,0,0.011710138695898523
0,0,0.03706389376579848
0,0,0.0948742532318404
0,0,0.2411820401547035
0,0,0.15551598176400946
0,0,0.018576189270296122
0,0,0.052379289326145904
0,0,0.009846730188188888
0,0,0.10274812064899887
0,0,0.10674240997204985
0,0,0.030772415222517124
0,0,0.024839728267903125
0,0,0.0597587805821742
0,0,0.03084249058040567
0,0,0.13449306841856104
0,0,0.26787230978614746
0,0,0.004783327319922316
0,0,0.08698467264467885
0,0,0.016492931597521722
0,0,0.014361280297597713
0,0,0.00747108315232152
0,0,0.03821992590819006
0,0,0.1445179781430854
0,1,0.556056864880022
0,0,0.006085953838769783
0,0,0.003895024593906169
0,0,0.04729437753977465
0,0,0.005780621306586436
0,0,0.00748536290668186
0,0,0.007757655323164281
0,0,0.04415842668841437
0,0,0.15487853235715848
0,0,0.015672589059301016
0,0,0.001998755719502916
0,0,0.00223386352649525
0,0,0.05000351205652152
0,0,0.0017889060696494622
0,0,0.048139125745922585
0,0,0.14973968313767194
0,0,0.04407518881999272
0,0,0.012498775975122823
0,0,0.053653166728569124
0,0,0.03323153382668986
0,0,0.011328057297754506
0,0,0.053356041310177606
0,0,0.09849512312184351
0,0,0.12974082183564578
0,0,0.03473696763781519
0,0,0.22166020028831812
0,0,0.04840060921151909
0,0,0.18917374359301045
0,0,0.007981443703763266
0,0,0.44704918901276525
0,0,0.023448126703626605
0,0,0.026477688327647936
0,0,0.07387179803703477
0,0,0.0038724958705426064
0,0,0.005064321859693812
0,0,0.018766388199996764
0,0,0.0035912494215957647
0,0,0.045536854882570456
0,0,0.024217741504628458
0,0,0.1922706153580781
0,0,0.004654805939162273
0,0,0.010847476587432712
0,0,0.016010401053038744
0,0,0.024000748985409052
0,0,0.0908618619279508
0,0,0.014989423270129207
0,0,0.02736194102676682
0,0,0.02896334701440781
0,0,0.04344759080719828
0,0,0.026785430080971274
0,0,0.02706239843367756
0,0,0.1187586898074191
0,0,0.13415715111337076
0,0,0.00882163634925243
0,0,0.010376588502589634
0,0,0.12432692020015457
0,0,0.148078026039621
0,0,0.004676066552846599
0,0,0.2538872733001079
0,0,0.1106636126123882
0,0,0.020236694015555334
0,0,0.06836897699498426
0,0,0.20346021744653506
0,0,0.1904125066105028
0,0,0.19012862272783995
0,0,0.07364675581300566
0,0,0.005314116078722217
0,0,0.0435608834856227
0,0,0.020062887773009606
0,0,0.004421788573492533
0,0,0.15902372959512057
0,0,0.09576090221799281
0,0,0.019238364318346097
0,0,0.11178970165443078
0,0,0.009018871901720894
0,0,0.005128038147814186
0,0,0.013917888755085112
0,0,0.1718980121240817
0,0,0.4036924019139306
0,0,0.018809805367027116
0,0,0.06694286022596659
0,0,0.003735467738192735
0,0,0.07079471000564963
0,0,0.017742987180799308
0,0,0.005160701135234514
0,0,0.4218483772897516
0,0,0.0488239993871434
0,0,0.05330331482762672
0,0,0.21690012529600233
0,0,0.008689474699637538
0,0,0.006272133960239694
0,0,0.003435050107184191
0,0,0.2552822891839944
0,0,0.09329823798984077
0,0,0.023911280243773203
0,0,0.015561848248709481
0,0,0.10983730536481238
0,0,0.06264735776587575
0,0,0.1956323354688207
0,0,0.02337944175536998
0,0,0.09504936790508382
0,0,0.05856389459185031
0,0,0.07640289550819708
0,0,0.09554516779606184
0,0,0.09418170965935034
0,0,0.03421926465257197
0,0,0.11812188311640112
0,0,0.1573466231044837
0,0,0.07780204712710143
0,0,0.024858856102727013
0,0,0.11059164189956663
0,0,0.04116297285867492
0,0,0.09657211770444724
0,0,0.1435144085828573
0,0,0.1186500526617344
0,0,0.05867008535583132
0,0,0.15403544967926175
0,0,0.24023364496446525
0,0,0.1521895043236137
0,0,0.03446027695685607
0,0,0.1921943547390047
0,0,0.14634926924159394
0,0,0.024620146125904276
0,0,0.09407235440453277
0,0,0.03078161715166256
0,0,0.020005720596494872
0,0,0.020594024680609904
0,0,0.016846985787886692
0,0,0.10253004934273274
0,0,0.27827915290856176
0,0,0.1357045197705886
0,1,0.527294598489332
0,0,0.3222408484445522
0,0,0.027775095615446208
0,0,0.18883039710832686
0,0,0.34215009522302864
0,1,0.9236875799051834
0,1,0.6795065894690127
0,0,0.3877492917993046
0,0,0.33988005582422576
0,0,0.2812948803499838
0,1,0.7698373849928776
0,1,0.6673768815648147
0,0,0.29687168743939174
0,1,0.679837580018447
0,0,0.4574125771317595
0,0,0.14632665510872486
0,1,0.6224538222876146
0,0,0.2844613504845748
0,0,0.04825895325959408
0,0,0.21203657135510787
0,0,0.33191491665516343
0,0,0.11466967854710201
0,0,0.1676183432708929
0,1,0.5588069099742278
0,0,0.36089897184563663
0,1,0.843436253234155
0,1,0.5579232064369252
0,0,0.10297494604044254
0,0,0.03679345177710547
0,0,0.03920458601703932
0,0,0.03009887479170596
0,0,0.02656297852657966
0,0,0.4416232980839929
0,1,0.539125133314109
0,0,0.3216231580811044
0,0,0.1209349878579347
0,0,0.1533742718875353
0,0,0.14131882828266437
0,0,0.054894266095752556
0,1,0.5643079262937283
0,1,0.7306129143761245
0,1,0.574459876689292
0,0,0.37074144967103523
0,0,0.2484652649621089
0,0,0.18900134445176028
0,0,0.35921228430574675
0,1,0.5601318958318291
0,1,0.5158462486459666
0,0,0.3039286458965512
0,0,0.2666442756966793
0,0,0.022774596386299306
0,0,0.052802576948554156
0,0,0.18357458147439099
0,0,0.08994403751140621
0,0,0.2873563992585994
0,0,0.21681722023895506
0,0,0.011764000164857458
0,0,0.009110058503506394
0,0,0.13057186319614542
0,0,0.047324308368448434
0,0,0.2783167380590108
0,0,0.036808690743754244
0,0,0.011243193689126912
0,0,0.09099698739247775
0,0,0.028100311656358956
0,0,0.031314693568418595
0,0,0.08350708417784368
0,0,0.31611545096749527
0,0,0.09650965211197779
0,0,0.07440572278562899
0,0,0.021366385820327394
0,0,0.009790361776396066
0,0,0.0493663734917084
0,0,0.28070866759423896
0,0,0.034576083912865874
0,0,0.03113422414728125
0,0,0.005836790448096202
0,0,0.025519223691318718
0,0,0.00990740573388071
0,0,0.09642427624874787
0,0,0.14608576990415503
0,0,0.017442285908085157
0,0,0.041762490991617045
0,0,0.004427185530286777
0,0,0.02312771690184018
0,0,0.01112076726960046
0,0,0.09724234274797965
0,0,0.3483029282123903
0,0,0.00843889073117625
0,0,0.046016768255453706
0,0,0.03177858708509385
0,0,0.058626619791068715
0,0,0.005437904400134729
0,0,0.008414946069227063
0,0,0.048977673054099634
0,0,0.0027754339380298915
0,0,0.009019150187217547
0,0,0.14094792700480588
0,0,0.0189381875669584
0,0,0.025000597252284363
0,0,0.03317745274048908
0,0,0.0859481600114662
0,0,0.007288261068238897
0,0,0.2544033516309563
0,0,0.006262242350214609
0,0,0.036039871803912195
0,0,0.21898754837075377
0,0,0.0839469950819416
0,0,0.01905250620693992
0,0,0.011616385148558556
0,0,0.026967044365433335
0,0,0.4240313912263052
0,0,0.0060470410024023825
0,0,0.004752221748065754
0,0,0.03839705640769615
0,0,0.03489692932386715
0,0,0.009978661770105701
0,0,0.04891441084470639
0,0,0.10111385540558099
0,0,0.12650981673693426
0,1,0.5367011547938169
0,0,0.01834617460458422
0,0,0.1156953540918223
0,0,0.004866936047199391
0,0,0.012250178353633574
0,0,0.039382693935291035
0,0,0.03353378011325542
0,0,0.001968066015602047
0,0,0.0871226385528231
0,0,0.05029412031365074
0,0,0.022608687963754065
0,0,0.07762015941822874
0,0,0.025081347375705835
0,0,0.010491254482637805
0,0,0.006693302791338413
0,0,0.05388690524062172
0,0,0.006185378788375263
0,0,0.016506891391716395
0,0,0.007588506668906923
0,0,0.022112655391838154
0,0,0.019424934511143015
0,0,0.022631950452304747
0,0,0.11322236314712056
0,0,0.0048803374252804465
0,0,0.148767057098362
0,0,0.0072412171299782715
0,0,0.0021710831292061123
0,0,0.24868823289154618
0,0,0.07742521275479697
0,0,0.026861559238033933
0,0,0.08519385011254081
0,0,0.0038749382919675973
0,0,0.009388589379612395
0,0,0.130450571749182
0,0,0.06363738263654482
0,0,0.018361127877304945
0,0,0.07420499557567453
0,0,0.07559620905950308
0,0,0.017580906915096516
0,0,0.005145610984797496
0,0,0.04014244642843101
0,0,0.004264148484662
0,0,0.013345994614840038
0,0,0.03165853154881227
0,0,0.18376312318379998
0,0,0.003642557095012095
0,0,0.05596623643973715
0,0,0.18246402544904072
0,0,0.07935481972768502
0,0,0.07508024208624824
0,0,0.2615339690884789
0,0,0.009798251232192235
0,0,0.039301413526428186
0,0,0.0028908935497848473
0,0,0.00929733160486506
0,0,0.001910807315634626
0,0,0.016488126800303624
0,0,0.004872896050132369
0,0,0.16768510632550143
0,0,0.28083153759099033
0,0,0.09392459806181505
0,0,0.09901173342377317
0,0,0.004578561768646529
0,0,0.07035945468085508
0,0,0.0466331329466172
0,0,0.05601306382599989
0,0,0.08756847055663612
0,0,0.02058991932849973
0,0,0.08103868421097295
0,0,0.12376417619035232
0,0,0.030441015168925358
0,0,0.17176753846433432
0,0,0.086847228560934
0,0,0.10361289495997032
0,0,0.010427485067307977
0,0,0.18650590510418205
0,0,0.004708155631146374
0,0,0.00507300761795307
0,0,0.0574706533612902
0,0,0.119879308825345
0,0,0.0569772146813628
0,0,0.003913357293107989
0,0,0.029277828398454234
0,0,0.009136900973897308
0,0,0.023772818455511654
0,0,0.03576379561396679
0,0,0.005870354979727161
0,0,0.022080567065501933
0,0,0.14358136797545842
0,0,0.06783952362404766
0,0,0.07350303507973613
0,0,0.2391704186744783
0,0,0.06977296624218837
0,0,0.00612890860162853
0,0,0.023018512154410815
0,0,0.1731649553645229
0,0,0.02926879424350105
0,0,0.3904713955151729
0,0,0.022085135220712857
0,0,0.0464160334853159
0,0,0.02541270967203582
0,0,0.004975393509126763
0,0,0.007527899580158628
0,0,0.06048235852092013
0,0,0.019241466504575592
0,0,0.13751610977495804
0,0,0.048087943503574856
0,0,0.011887594971267812
0,0,0.03319781098945338
0,0,0.02727546007948839
0,0,0.037909556491451064
0,0,0.011439508804462187
0,0,0.031429735427226595
0,0,0.0012884665284954285
0,0,0.03923167494461696
0,0,0.012472774141999028
0,0,0.0925427048689105
0,0,0.00807655574861514
0,0,0.006866556752784357
0,0,0.1673845245397813
0,0,0.1991475583264091
0,0,0.13542792481482824
0,0,0.038473174762186
0,0,0.016540891753667793
0,0,0.009844544741523624
0,0,0.010678924437124258
0,0,0.07214060464529536
0,0,0.49482217857938976
0,0,0.07039553171396103
0,0,0.0014825726483917844
0,0,0.020540014420469297
0,0,0.006332034033010725
0,0,0.013263168157753436
0,0,0.0505887707835247
0,0,0.023410316211940063
0,0,0.006403114871606428
0,0,0.012170339904059002
0,0,0.02259052213181558
0,0,0.024135455274609533
0,0,0.0157657251281129
0,0,0.011149342063697436
0,0,0.16137715585326773
0,0,0.04054389434651438
0,0,0.023901674382084195
0,0,0.014647803433016271
0,0,0.021674272932794784
0,0,0.0528864948418964
0,0,0.010635534934747339
0,0,0.009366758515905772
0,0,0.0037461288270542728
0,0,0.011911326179121894
0,0,0.05850666263342567
0,0,0.011041128693036794
0,0,0.01981651763967854
0,0,0.04290152760044291
0,0,0.00900871194599903
0,0,0.011700738691110133
0,0,0.0748482964907709
0,0,0.06248134032169167
0,0,0.013822641106353175
0,0,0.027721399516048087
0,0,0.05857371360791011
0,0,0.025757720457573803
0,0,0.18189853786706217
0,0,0.005818940247771371
0,0,0.004159374974998228
0,0,0.016871767720571994
0,0,0.34392158237136344
0,0,0.011374884498217264
0,0,0.24146892709990353
0,0,0.011233469109036425
0,0,0.008336807852177908
0,0,0.04735036210492402
0,0,0.014819223242048552
0,0,0.00233157680973191
0,0,0.030593604831540656
0,0,0.024099234583058897
0,0,0.013596320201752804
0,0,0.23086926627238274
0,0,0.1583871093048509
0,0,0.00494888585282193
0,0,0.010325950856519482
0,0,0.004518644383625437
0,0,0.017467987113392165
0,0,0.043196948273778894
0,0,0.0018766596726393135
0,0,0.012301662968506466
0,0,0.1958296377248838
0,0,0.03871181007653056
0,0,0.20873929524553816
0,0,0.020158132917927913
0,0,0.022291667571889388
0,0,0.07925752681624368
0,0,0.011187866348265381
0,0,0.0878099190180779
0,0,0.07711414634199197
0,0,0.12996802211904288
0,0,0.021755379034269048
0,0,0.05155838071270554
0,0,0.1301530400439788
0,0,0.12343299549141827
0,0,0.1582419300658397
0,0,0.0018313997650794887
0,0,0.04521256082967517
0,0,0.01942302484953731
0,0,0.26911472995115765
0,0,0.033008966980705795
0,0,0.1205443096090398
0,1,0.5267413603887906
0,0,0.16015768643687991
0,0,0.017977897891160933
0,0,0.008678902126443115
0,0,0.062391315760701095
0,0,0.011814335089431619
0,0,0.10476326292698893
0,0,0.02535718839370001
0,0,0.012890827884794988
0,0,0.0157210274191678
0,0,0.002309191716022494
0,0,0.019254328072353732
0,0,0.014409744357194894
0,0,0.019135261322270197
0,0,0.011092332761663918
0,0,0.014752955512458216
0,0,0.014357053911247307
0,0,0.011043704154560623
0,0,0.04554830271315811
0,0,0.010831377642073403
0,0,0.0054172478752733825
0,0,0.4888530046899167
0,0,0.008887228963851964
0,0,0.15911737224568734
0,0,0.26513689490344217
0,0,0.018765446069925685
0,0,0.32891033484128956
0,0,0.04661463736918012
0,0,0.17812030018611988
0,0,0.10401947422904195
0,0,0.03769711997439304
0,0,0.02119730183991182
1,1,0.8668075795182432
1,1,0.923274671899467
1,1,0.9408383695481102
1,1,0.8793625588986421
1,1,0.7242715711743442
1,1,0.9463510626520298
1,1,0.7955618603206197
1,1,0.8339599014740318
1,1,0.7255750534609535
1,1,0.9796713109155093
1,1,0.9282226321881671
1,1,0.7609883748009102
1,1,0.9734597171495627
1,1,0.9780447333273256
1,1,0.8815574593039602
1,1,0.6507365824493323
1,1,0.946963519192913
1,1,0.939509655442778
1,1,0.9397304088133684
1,1,0.9965824441380946
1,1,0.9734405142954657
1,1,0.8762764787189239
1,0,0.32303448427458203
1,1,0.7332713065489369
1,1,0.9815871692235327
1,1,0.883890870432282
1,1,0.9162660285010564
1,1,0.9430675866469945
1,1,0.991116239584174
1,1,0.9286384465087222
1,1,0.774744004726194
1,1,0.5946734233393197
1,1,0.9774370543314286
1,1,0.9338217271207604
1,1,0.9033086850601213
1,1,0.9672264882702244
1,1,0.6293932315979216
1,1,0.8633969721344534
1,1,0.5945449507158788
1,1,0.8747247798259339
1,1,0.9655049381506835
1,1,0.9083888253353503
1,1,0.8433118484432405
1,1,0.9106873322617519
1,0,0.48744713494623215
1,1,0.851049476101334
1,1,0.9834025871452778
1,1,0.7611933242223877
1,1,0.9785388742685661
1,1,0.9597258084126344
1,1,0.8286987463248552
1,1,0.8333071455941073
1,1,0.6078392915032662
1,1,0.9316322574332854
1,1,0.9632469158228733
1,1,0.8499262371997269
1,1,0.9705166691008992
1,1,0.9297895893772937
1,1,0.9081069445457991
1,1,0.8743535486045014
1,1,0.965240055148422
1,1,0.8874796775287436
1,1,0.8742529795572727
1,1,0.9812272836810427
1,1,0.9796608656677259
1,1,0.9772078937405261
1,1,0.7569782251864486
1,1,0.8783162528910718
1,1,0.889932578829799
1,1,0.9485796397824057
1,1,0.987437050770207
1,1,0.8125888417936488
1,1,0.9609763143352026
1,1,0.847206626807257
1,1,0.9149274250693562
1,1,0.9243864086683082
1,0,0.4095183654224865
1,1,0.9462513878342721
1,1,0.8881439734983358
1,1,0.709310617960072
1,1,0.9254829968572456
1,1,0.8287600323624269
1,1,0.9876206338649224
1,1,0.9271258233156897
1,1,0.7180163421915204
1,1,0.9425707363120016
1,1,0.953883976255798
1,1,0.9935676367785399
1,1,0.908304693052005
1,1,0.798597563736519
1,1,0.9874562588042477
1,1,0.943080652212834
1,1,0.9122639997065475
1,1,0.7105237073969808
1,1,0.9862145206610647
1,1,0.9472077402676312
1,1,0.9031047147235689
1,1,0.8700525670626131
1,1,0.6041708869345987
1,1,0.9214293151061268
1,1,0.6531275072119854
1,1,0.8104573616304038
1,1,0.6788663707138659
1,1,0.6668013431005814
1,1,0.7897893358696375
1,1,0.9849738506296529
1,1,0.9250566377392087
1,1,0.9763898264824475
1,1,0.945035747669903
1,0,0.39296138256781477
1,1,0.944146062924016
1,1,0.9598872216969871
1,1,0.8616911445374036
1,1,0.944444925847092
1,1,0.9946241609952826
1,1,0.9941843693874076
1,1,0.9244560993865875
1,1,0.9785408105797851
1,1,0.9116990279473651
1,1,0.5022019260026901
1,1,0.9728455279682823
1,1,0.6887020862358777
1,1,0.8202082245503688
1,0,0.42113828111271734
1,1,0.944737547671352
1,1,0.9528297357470201
1,1,0.6935395619484919
1,1,0.9480059631812539
1,1,0.9064663066282325
1,1,0.9673552090028129
1,1,0.9884360687116363
1,1,0.8955184585700284
1,1,0.9698348286413436
1,1,0.8655122638905097
1,0,0.3261941376057232
1,1,0.8879829549177487
1,1,0.6133463317588369
1,1,0.7373508771976119
1,1,0.6508617488777242
1,1,0.9464006779127909
1,1,0.8951486793870108
1,1,0.9547817871098568
1,1,0.7760807204009189
1,1,0.5710414488750203
1,1,0.6605307200884819
1,1,0.9623039993896612
1,1,0.9640580996309555
1,0,0.3928065901068514
1,1,0.8937347204506696
1,1,0.7282234332197026
1,1,0.9001115264058414
1,1,0.9710963330710178
1,1,0.8113737280931708
1,1,0.9696600591054317
1,1,0.8267998488613613
1,1,0.9855425336997743
1,1,0.9079477176078525
1,1,0.8668660632654601
1,1,0.7172842912705988
1,1,0.916605598683022
1,1,0.97910709763516
1,1,0.7714910752850058
1,1,0.6797446902692039
1,1,0.8040815488412816
1,1,0.8192515303993174
1,0,0.050935589646427824
1,1,0.9830111834002554
1,1,0.528190201572723
1,1,0.9485473316941418
1,1,0.794312288963336
1,1,0.7559516846923323
1,1,0.8900513612668979
1,1,0.91106353061783
1,1,0.6975869011455595
1,1,0.9127377867887853
1,1,0.6136033904181518
1,1,0.961410453363889
1,1,0.9856597250096979
1,1,0.5774832273611379
1,1,0.9870117956318085
1,1,0.9081799065905215
1,1,0.821810732820262
1,1,0.7755484915386163
1,1,0.8405610926663477
1,1,0.9552453266342933
1,1,0.6563460739955248
1,1,0.9186430479769516
1,1,0.9798136995549448
1,1,0.977959593514861
1,1,0.7095866017870691
1,1,0.8665276677462963
1,1,0.9138143953598421
1,1,0.821810732820262
1,1,0.5148789547212368
1,1,0.9771690685603713
1,1,0.9544444345163182
1,1,0.9545552795438397
1,1,0.956926479227911
1,1,0.9525834880289099
1,1,0.8862285630596936
1,1,0.5831694888563586
1,0,0.24540433521732527
1,1,0.9813969957897355
1,1,0.7679640762550367
1,1,0.9459178380779047
1,0,0.48341651044055767
1,1,0.835206844158511
1,1,0.6151292912795014
1,1,0.9797728433420233
1,1,0.8729100611170201
1,1,0.8830037125906445
1,1,0.967305671994611
1,1,0.8263898723536361
1,1,0.9779647111266453
1,1,0.9950205944814903
1,1,0.5783324191679245
1,1,0.8866792968333677
1,1,0.7501607764686142
1,1,0.9327179381798736
1,1,0.9869006670705347
1,1,0.7743817950820324
1,1,0.9147672377597725
1,1,0.8611388024966397
1,1,0.9663195873473281
1,1,0.990927451814932
1,1,0.8880195280839244
1,1,0.8506273198616496
1,1,0.900548203713731
1,1,0.8110753548630459
1,1,0.9800260710518637
1,1,0.6025065769663407
1,1,0.9423787004890141
1,1,0.8585525129919859
1,1,0.7139365898232212
1,1,0.7575503310521172
1,1,0.9081726977047523
1,1,0.8739020134203624
1,1,0.8865519739035147
1,1,0.8481712851618511
1,1,0.8888762635094827
1,1,0.9306632955137251
1,0,0.4898106916783603
1,0,0.26138781004563494
1,1,0.8207989278658834
1,1,0.9081976301008139
1,1,0.8095845724361408
1,1,0.9122851413434754
1,1,0.6512182653935823
1,1,0.9696751486142589
1,1,0.95976870023942
1,0,0.4952629976274062
1,1,0.9852879069991278
1,1,0.9665875853830399
1,1,0.9099095449056245
1,1,0.9586187248705972
1,1,0.6624737803023071
1,1,0.8575905484249355
1,1,0.8464548036073026
1,1,0.8287516584290916
1,1,0.852055943987741
1,1,0.7496489186356845
1,1,0.6088002369993178
1,1,0.9784387012763639
1,1,0.5306179053228692
1,1,0.6137051310540617
1,1,0.6143792294570318
1,1,0.7979002030045899
1,1,0.946429565100809
1,1,0.9593720973333096
1,1,0.5727084658261491
0,0,0.0034660871048040384
0,0,0.005375572089234891
0,0,0.3058934158708523
0,0,0.008082823812553642
0,0,0.0101122965364738
0,0,0.048153592182668084
0,0,0.05584114521377577
0,0,0.19636778695842083
0,0,0.03660368204038239
0,0,0.012712391186575687
0,0,0.009435892251093186
0,0,0.011618993109368493
0,0,0.06290603016710018
0,0,0.008943440650009099
0,0,0.003252303987761132
0,0,0.013985281545841811
0,0,0.0017636128755460423
0,0,0.18029384962169323
0,0,0.0017166609062258123
0,0,0.003489139171234136
0,0,0.008575564045929593
0,0,0.015987239426106484
0,0,0.23471441487622813
0,0,0.015359096377037083
0,0,0.1383126845606244
0,0,0.023532230921919122
0,0,0.005112728862312169
0,0,0.009740785905100142
0,0,0.11231333834877512
0,0,0.0005524922937128168
0,0,0.040575459327933584
0,0,0.001838685558085858
0,0,0.012284865546448509
0,0,0.19573734754544028
0,0,0.08192294444173637
0,0,0.0005114842879506346
0,0,0.08248126327066663
0,0,0.0035003896547400226
0,0,0.00472204577747009
0,0,0.004734745400667338
0,0,0.04488534879081153
0,0,0.010506047079092027
0,0,0.02172102596604818
0,0,0.024573209763435928
0,0,0.011096761132736237
0,0,0.06982243611631894
0,0,0.00671255279191719
0,0,0.03380930452935271
0,0,0.006967928764123139
0,0,0.0037233845883576496
0,0,0.1446570115437132
0,0,0.0028128613235592357
0,0,0.008917399063355674
0,0,0.0034244163425766957
0,0,0.002877356775655318
0,0,0.009468210717052067
0,0,0.007949490926520919
0,0,0.01901790237227427
0,0,0.30765315219335987
0,0,0.0020444898322619473
0,0,0.07411163748109299
0,0,0.4451162886539915
0,0,0.0021084891908764477
0,0,0.00329627242172934
0,0,0.02126041380780628
0,0,0.01426612873068035
0,0,0.00660965546318031
0,0,0.002041009217798248
0,0,0.31045743514533747
0,0,0.0033940370790646913
0,0,0.0012964203283193773
0,0,0.03379492017667704
0,0,0.00038373710593921073
0,0,0.006783177941198597
0,0,0.2511309130096932
0,0,0.10399269319367156
0,0,0.2279414269427723
0,0,0.0475974179413299
0,0,0.05246803404563599
0,0,0.023335402639520237
0,0,0.0047868340087403385
0,0,0.0011896718357059907
0,0,0.4318351588916101
0,0,0.0038822394815471394
0,0,0.016726922156092207
0,0,0.11229887836580893
0,0,0.018843646021730474
0,0,0.004606120366711983
0,0,0.007926415554451007
0,0,0.001180560253418924
0,0,0.06273221017646358
0,0,0.007352921313123567
0,0,0.21029118307302866
0,0,0.02703786935757668
0,0,0.0028756732662985696
0,0,0.021021969042177704
0,0,0.00216327741126035
0,0,0.25636470646938353
0,0,0.0042766762165535625
0,0,0.10830849707447768
0,0,0.003005425240187092
0,0,0.07804986192554889
0,0,0.004859425966863123
0,0,0.03530529571837842
0,0,0.00259399027339446
0,0,0.1279688422511506
0,0,0.013873670137164815
0,0,0.004216031000241088
0,0,0.002199102918132633
0,0,0.0214799870052402
0,0,0.0019033976167424408
0,0,0.0008593392285244788
0,0,0.019870666472285647
0,0,0.004439628585454492
0,0,0.001974049703384052
0,0,0.02033988097838233
0,0,0.07635973879824028
0,0,0.008646348367575989
0,0,0.01506967896558615
0,0,0.027588036538840253
0,0,0.027516976224684374
0,0,0.0482680778634218
0,0,0.0042933367078924305
0,0,0.0022590353910324633
0,0,0.16385001987701583
0,0,0.004949865822758188
0,0,0.007090019073459352
0,0,0.05363483085396898
0,0,0.006564924015721292
0,0,0.014303847677149473
0,0,0.00454205642380947
0,0,0.003259201036232122
0,0,0.07141840004855533
0,0,0.0010508423241594774
0,0,0.000551398074468732
0,0,0.003545467935485699
0,0,0.0007058313901711327
0,0,0.03862642405543599
0,0,0.0004901115501846216
0,0,0.04886428330617379
0,0,0.009679921507705108
0,0,0.000545594627664209
0,0,0.09725140750505663
0,0,0.010041293089833331
0,0,0.04593066123400493
0,0,0.0076617807921971525
0,0,0.007305633179299818
0,0,0.25989821405974495
0,0,0.0022223018437635958
0,0,0.007812040601015323
0,0,0.0006694066588652791
0,0,0.3749900635575312
0,0,0.07621765108550926
0,0,0.013407953911390037
0,0,0.004302792789291197
0,0,0.009901513246965876
0,0,0.008726535949149485
0,0,0.18181729990049894
0,0,0.012884630395911654
0,0,0.031781473837396046
0,0,0.010125595509096495
0,0,0.009261746732260975
0,0,0.007700898440371062
0,0,0.0028048670936460913
0,0,0.28574677433824963
0,0,0.06876622959938468
0,0,0.009640695280502036
0,0,0.026498461911511173
0,0,0.004995746538445146
0,0,0.17834643626246796
0,0,0.2318146640992763
0,0,0.03922878703779208
0,0,0.016968145233788784
0,0,0.03815222052474746
0,0,0.2221020376336098
0,0,0.14197631219708354
0,0,0.01096806688326558
0,0,0.04936201854265422
0,0,0.03798743384127744
0,0,0.22159778391729937
0,0,0.013256203729943572
0,0,0.006223910294641909
0,0,0.028466607867778902
0,0,0.0067984904397404376
0,0,0.015786743694008686
0,0,0.10008049492959793
0,0,0.014512276874710668
0,0,0.00420146806385487
0,0,0.01342499575901265
0,0,0.002272295103299475
0,0,0.30491808387521663
0,0,0.012064373566281403
0,0,0.4137890049300826
0,0,0.03785054650497529
0,0,0.11606523266366008
0,0,0.015014444155791458
0,0,0.006731492380294014
0,0,0.021981695188474974
0,0,0.0712003536340223
0,0,0.00852776110854356
0,0,0.14418665082335422
0,0,0.008168516620705163
0,0,0.005191519075660831
0,0,0.07756234879067961
0,0,0.005890123020902883
0,0,0.12554930856316032
0,0,0.01900779561333627
0,0,0.1730432042695328
0,0,0.023846118650740752
0,0,0.030554315638199256
0,0,0.17744956655992342
0,0,0.01851610489909251
0,0,0.06263684297868306
0,0,0.06716498985835584
0,0,0.016569192577854493
0,0,0.01284039419394392
0,0,0.006223398094132715
0,0,0.018576055170622458
0,0,0.004420265029335918
0,0,0.05133713602554343
0,0,0.013042395828351263
0,0,0.3518942790409858
0,1,0.5025726203271377
0,0,0.004842119267123528
0,0,0.02974325822715645
0,0,0.0036154708142028123
0,0,0.10600071936842372
0,0,0.39664959516325143
0,0,0.07877924472521204
0,0,0.030258804542151286
0,0,0.2705488292201574
0,0,0.10609856547109829
0,0,0.04300591116642966
0,0,0.16985466006105138
0,0,0.21010404172000324
0,0,0.05304184766994554
0,0,0.010723394158147347
0,0,0.02875754077493255
0,0,0.07717610785786055
0,0,0.005517919244721869
0,0,0.017126572131397767
0,0,0.22861291233602174
0,0,0.07768108325473541
0,0,0.0012490312648704943
0,0,0.006087258744368634
0,0,0.06669146539376154
0,0,0.0012340452527064103
0,0,0.10382229307432948
0,0,0.06068507480744575
0,0,0.029614341734939178
0,0,0.003050815845852169
0,0,0.16063060664469225
0,0,0.17086528156571784
0,0,0.28029452725071075
0,0,0.014468376240614146
0,0,0.006455775010565162
0,0,0.015858065350128108
0,0,0.3474559687235413
0,0,0.009133202129878216
0,0,0.44137572385516854
0,0,0.06286917902913322
0,0,0.08474923644055815
0,0,0.0931059859869713
0,0,0.001296090867144948
0,0,0.016096051738150777
0,0,0.1747217991485151
0,0,0.16538380730495517
0,1,0.6244911179684413
0,0,0.01983359216921967
0,0,0.4677253567981905
0,0,0.06657923193758541
0,0,0.2983152525820197
0,0,0.04404383826472775
0,0,0.39898801390985045
0,0,0.010219850828595134
0,0,0.005200584715891382
0,0,0.04027451971346673
0,0,0.2325069189743688
0,0,0.41006242083740824
0,0,0.4016820059434674
0,0,0.22324718915694494
0,0,0.008343198403696305
0,0,0.0016961772342244487
0,0,0.006876701125650561
0,0,0.055703079790838085
0,0,0.0010178263225266717
0,0,0.0019945283344617345
0,0,0.062273153428569324
0,0,0.002419723842566955
0,0,0.01454186762074512
0,0,0.0007040887780434088
0,0,0.0010779437787463
0,0,0.08594476987571222
0,0,0.13701921584409543
0,0,0.012989745561160396
0,0,0.07887904327067045
0,0,0.011521632113735181
0,0,0.1539444992608721
0,0,0.25362859886364986
0,0,0.011112893856493732
0,0,0.006435441675623976
0,0,0.015820391760143746
0,0,0.01447204990934745
0,0,0.006615299428614586
0,0,0.025129605523902174
0,0,0.005958090904253066
0,0,0.028512375112669165
0,0,0.012621130671879952
0,0,0.0438907335713653
0,0,0.06920228485293646
0,0,0.061567758730568745
0,0,0.00619889126804881
0,0,0.012603329862392211
0,0,0.009381062165461161
0,0,0.002470586867573156
0,0,0.0022798627991758593
0,0,0.0033302311109901484
0,0,0.042216758364686385
0,0,0.032849339337111524
0,0,0.06745981357443939
0,0,0.008739241669231703
0,0,0.24508401000200167
0,0,0.09058284335193934
0,0,0.06627519133130581
0,0,0.011185492707629426
0,0,0.020383997016685994
0,0,0.024805224255894456
0,0,0.04588738979041323
0,0,0.004838783093485607
0,0,0.0027580842998869105
0,0,0.000750442495987552
0,0,0.006521981267132278
0,0,0.02380914647376438
0,0,0.0013262811277046133
0,0,0.060987583960457815
0,0,0.08818069105907562
0,0,0.015652279607696388
0,0,0.030942773680095268
0,0,0.3107878359662584
0,1,0.5108559738955712
0,0,0.0034246452873166315
0,0,0.008245353402657887
0,0,0.006169047010210033
0,0,0.0021738355433585425
0,0,0.06112827618722696
0,0,0.006170745914089893
0,0,0.0023745420731509977
0,0,0.019621638861282206
0,0,0.05862309182526348
0,0,0.02737948475704043
0,0,0.26986182129823977
0,0,0.013849252852572831
0,0,0.0926140500514258
0,0,0.0016588770768633967
0,0,0.1601998303198147
0,0,0.007642850560614674
0,0,0.0018318527483845788
0,0,0.004404329058096294
0,0,0.003623896343129586
0,0,0.06430552132426694
0,0,0.030899358926255054
0,0,0.022449147051394103
0,0,0.003001993197036073
0,0,0.0011744381688621615
0,0,0.018438683351735364
0,0,0.005950987060348563
0,0,0.010451645374448036
0,0,0.009842172372237324
0,0,0.192427095629481
0,0,0.0013571658352554278
0,0,0.0016389799100245228
0,0,0.1705986365703474
0,0,0.059565666961780735
0,0,0.21871898110044594
0,0,0.2131078368144349
0,0,0.007784650287779461
0,0,0.007776246301308417
0,0,0.03086700303008838
0,0,0.028074972023731905
0,0,0.04132811480197248
0,0,0.0865101774509355
0,0,0.052168375569256104
0,0,0.010891032133288911
0,0,0.0624580596975144
0,0,0.010888512739257885
0,0,0.004108801928981571
0,0,0.06572076028105757
0,0,0.03786444242111452
0,0,0.009643110566160648
0,0,0.004828573786393026
0,0,0.004407602659495263
0,0,0.0034143355493410307
0,0,0.007850546509750167
0,0,0.0077247295948075145
0,0,0.14479365112681283
0,0,0.007562407773887973
0,0,0.001166162670420332
0,0,0.00266993858996857
0,0,0.003310103651805588
0,0,0.0618229880479074
0,0,0.37338046447943896
0,0,0.04715794254589031
0,0,0.0032252276400850364
0,0,0.005780106741586337
0,0,0.24293006087807598
0,0,0.0063928633890169935
0,0,0.018448604218989386
0,0,0.0010158461337424177
0,0,0.013609534541939985
0,0,0.04557486275212672
0,0,0.006260461967859072
0,0,0.005330878652681946
0,0,0.08041181650333126
0,0,0.014693628531846827
0,0,0.14845333432871052
0,0,0.08251500264095661
0,0,0.019337573039553965
0,0,0.19496253454522885
0,0,0.41911755208220325
0,1,0.6274463971316492
0,0,0.15766871503029986
0,0,0.026198465158772343
0,0,0.03510724161887113
0,0,0.007801690147414665
0,0,0.16403933233897602
0,0,0.03769911159248176
0,0,0.10743723177780523
0,0,0.007600189117580395
0,0,0.08079203324500338
0,0,0.18976630699247124
0,0,0.09537881385971009
0,1,0.6756712567199509
0,0,0.058115112093809686
0,0,0.0031672321478755623
0,0,0.02745290875271785
0,0,0.1442994060914851
0,0,0.05744367228904987
0,1,0.5852908309945059
0,0,0.08830085939661728
0,0,0.040895039542796906
0,0,0.20433333099705311
0,0,0.015398724259915755
0,0,0.05404019018487083
0,0,0.006516827594556157
0,0,0.09473789736136129
0,0,0.0009484749572122846
0,0,0.01728307486192766
0,0,0.04270607333002967
0,0,0.046061577268678176
0,0,0.048391711391737695
0,0,0.07483900099661403
0,0,0.06930755127806891
0,0,0.02642098810754087
0,0,0.04390137944327554
0,0,0.0719257963130408
0,0,0.10071015372456112
0,0,0.07376869772343943
0,0,0.006626970802422274
0,0,0.016300439159135274
0,0,0.0914932845316973
0,0,0.042597634257987495
0,0,0.2323512405220668
0,0,0.007335943706510488
0,0,0.07518424806563036
0,0,0.05117374120108917
0,0,0.007463253595886805
0,0,0.005176097965696745
0,0,0.15214127785833434
0,0,0.26921106476906986
0,0,0.0058153923750915186
0,0,0.010117812879395921
0,0,0.005706979291126185
0,0,0.033168055042161616
0,0,0.003530550905206895
0,0,0.010161341878158602
0,0,0.007194425940251402
0,0,0.06959086056194357
0,0,0.0009365328905593158
0,0,0.050750347453182465
0,0,0.004370541038198372
0,0,0.017582908708300028
0,0,0.0030881880410097403
0,0,0.2466777081236798
0,0,0.004995307898542855
0,0,0.04663623521850843
0,0,0.03536119430207873
0,0,0.12280822609568694
0,0,0.013610671251938563
0,0,0.0015340293210517354
0,0,0.0012936964650786592
0,0,0.24046738915019028
0,0,0.04305090816406163
0,0,0.06918327412449478
0,0,0.0014863436951770774
0,0,0.0059916873400782025
0,0,0.0723752300813763
0,0,0.0809640122677599
0,0,0.016362882415758312
0,0,0.04209957903795929
0,0,0.013444414197246764
0,0,0.017657010064306214
0,0,0.0033896937908667706
0,0,0.001146026411250035
0,0,0.01359308941361083
0,0,0.0949361171367132
0,0,0.018309671321995406
0,0,0.23119132000855794
0,0,0.0012793453336905605
0,0,0.00333118621257809
0,0,0.3941592941876439
0,0,0.04486018761179425
0,0,0.06564719547813444
0,0,0.03822363540017271
0,0,0.00614791408409292
0,0,0.006955869392913494
0,0,0.033032323443100434
0,0,0.008979366286496955
0,0,0.4003922370034154
0,0,0.007472630881373876
0,0,0.004150771904183233
0,0,0.005410494950599895
0,0,0.03683509818987703
0,0,0.001839947998912383
0,0,0.012555419244111295
0,0,0.0003918600487903256
0,0,0.007621260805846368
0,0,0.0307236374799668
0,0,0.015909075866776617
0,0,0.0666497412733239
0,0,0.00915612752069407
0,0,0.08923259562460348
0,0,0.011359287153411095
0,0,0.00547461842129725
0,0,0.030189008623383005
0,0,0.11766030098909647
0,0,0.00102431853824713
0,0,0.08099646419571101
0,0,0.02372439087682357
0,0,0.3659922597647131
0,0,0.01948049407246692
0,0,0.1012286517196822
0,0,0.02298191958407213
0,0,0.008294605397960893
0,0,0.02024321056660035
0,0,0.01689859609289137
0,0,0.0018627376052322633
0,0,0.003036275969332512
0,0,0.18770852186164236
0,0,0.04114328247548706
0,0,0.113479580629869
0,0,0.2588366027552354
0,0,0.021149872253252815
0,0,0.31010045276181053
0,0,0.0073016070504142525
0,0,0.126178241996857
0,0,0.0030544674061563585
0,0,0.005866850066759918
0,0,0.002881375649330887
0,0,0.4957726553417133
0,0,0.011148673141242104
0,0,0.0074079876674615856
0,0,0.021967715521799765
0,0,0.14476636206410706
0,0,0.14457027125386426
0,0,0.0018293536373644526
0,0,0.11951049061081286
0,0,0.11515908591823419
0,0,0.0047732629043691875
0,0,0.004194980473739374
0,0,0.09604033356272768
0,0,0.05217966338235869
0,0,0.005360314121059654
0,0,0.046847725869205964
0,0,0.009212761567023801
0,0,0.002101264901837059
0,0,0.19063496610583294
0,0,0.0015089828953559
0,0,0.0068310390162931115
0,0,0.018283552801512858
0,0,0.17852759788167114
0,0,0.11241231036315605
0,0,0.002403961129808022
0,0,0.003809132677504463
0,0,0.0042738143011619885
0,0,0.013061835344772368
0,0,0.0052574863120941175
0,0,0.0013684349897548998
0,0,0.10193661240013101
0,0,0.007152230425918668
0,0,0.004737258193153491
0,0,0.003555993765676002
0,0,0.0023385745004493278
0,0,0.0075954104538065404
0,0,0.010522586164786523
0,0,0.0915794274405298
0,0,0.04124204040991931
0,0,0.1676784490131831
0,0,0.0027929778037075175
0,0,0.0014787060452033068
0,0,0.021099950270428137
0,0,0.09596678057628094
0,0,0.012600947211811238
0,0,0.04518350722093443
0,0,0.006831543892079274
0,0,0.010784921443350321
0,0,0.20303818494118694
0,0,0.0021254270898482855
0,0,0.0022420610391707244
0,0,0.005085769440423348
0,0,0.07055236992259607
0,0,0.037244083741496736
0,0,0.20942470810173067
0,0,0.011303158239190038
0,0,0.18341454157897089
0,0,0.08838788999909732
0,0,0.007463499681280552
0,0,0.036642338666963925
0,0,0.04691923723004435
0,0,0.012838665669745465
0,0,0.008099213481689694
0,0,0.028635349296482364
0,0,0.31217167686488334
0,0,0.0037609806389084875
0,0,0.008859638280907085
0,0,0.010952906151078395
0,0,0.021121555881866736
0,0,0.014963995675781465
0,0,0.03989323157607354
0,0,0.11439477087863352
0,0,0.0036812069439664916
0,0,0.056918219325245475
0,0,0.14747327582593625
0,0,0.004984870348100532
0,0,0.01167786421598238
0,0,0.24296472230267208
0,0,0.03879625157538753
0,0,0.005402617960272528
0,0,0.10812725474673072
0,0,0.0015674089626618506
0,1,0.586469174186546
0,0,0.025550155215446062
0,0,0.25457900271913125
0,0,0.023511964444500513
0,0,0.010819640750343886
0,0,0.005627362534070239
0,0,0.09915561391662053
0,0,0.16436150045970518
0,0,0.0043913609115303525
0,0,0.0055793249578862045
0,0,0.00914586122396987
0,0,0.3256535511093579
0,0,0.0034191778418112464
0,0,0.01502970170036494
0,0,0.06990081372300498
0,0,0.019158770994514043
0,1,0.6237606361242707
0,0,0.007264366352577683
0,0,0.06303489111399059
0,0,0.3658546030916785
0,0,0.0013063668296532309
0,0,0.3308728246914308
0,0,0.05926445552129151
0,0,0.010719056192856638
0,0,0.26834823543073816
0,0,0.1657859775804773
0,0,0.005062228138964523
0,0,0.007974746671612002
0,0,0.20063477232800014
0,0,0.1122604983872394
0,0,0.0651347730811772
0,0,0.22591873106029614
0,0,0.010811858938096707
0,1,0.6179315190041745
0,0,0.21940461052973692
0,0,0.009864157040285882
0,0,0.012609022417211716
0,0,0.1258097258519329
0,0,0.003007852716797029
0,0,0.0056291189184765715
0,0,0.011176420982535802
0,0,0.03316385055631658
0,0,0.00030940298506928197
0,0,0.007676300495882043
0,0,0.06433949560684253
0,0,0.0022457036898545822
0,0,0.19312986933842333
0,0,0.001927241402534262
0,0,0.002037323558006047
0,0,0.22722674331625403
0,0,0.007327888905295568
0,0,0.034278584241266404
0,0,0.2591170929499527
0,0,0.002949936838463046
0,0,0.18117069433683083
0,0,0.24364388249195126
0,1,0.7496359978410516
0,0,0.004326100106169052
0,0,0.4336208858030935
0,0,0.0033069471120094813
0,0,0.02914502921069458
0,0,0.03219616104485582
0,0,0.12756411828404604
0,0,0.0012882907137114995
0,0,0.007450780958276473
0,0,0.056553925329397944
0,0,0.002389323605941353
0,0,0.029381270360284473
0,0,0.00793567498065073
0,0,0.015923540575072608
0,0,0.15116041316377804
0,0,0.23980668419573684
0,0,0.006341790276150537
0,0,0.005564629364716527
0,0,0.006097612060715752
0,0,0.012977047261925305
0,0,0.12757343560126988
0,0,0.14707940815104373
0,0,0.01509015642670778
0,0,0.02230466382983266
0,0,0.17291211396356426
0,0,0.13228332359373818
0,0,0.014335000817998393
0,0,0.23338891335427028
0,0,0.22292122951684276
0,0,0.025724530150662683
0,0,0.02857854316492525
0,0,0.175600324740082
0,0,0.0038609662128950735
0,0,0.10471732052130744
0,0,0.07067989592392222
0,0,0.013831259221617391
0,0,0.011258777618566961
0,0,0.0002207000884237127
0,0,0.005972954607445799
0,0,0.04793982006647419
0,0,0.01738618731832601
0,0,0.0014313012324965748
0,0,0.0027873640031938337
0,0,0.03628312251364448
0,0,0.10558210147665502
0,0,0.008719430206412184
0,0,0.0019445549569693113
0,0,0.002561797076511259
0,0,0.001438888936091266
0,0,0.062342816475884036
0,0,0.0029997664134267187
0,0,0.02453240259291353
0,0,0.008160284094642362
0,0,0.007604486187224087
0,0,0.006515937437268836
0,0,0.048145570591060144
0,0,0.00412456323939374
0,0,0.11836465257438776
0,0,0.01194707634496312
0,0,0.08025606742713651
0,0,0.012274770336142162
0,0,0.011048542810067728
0,0,0.16039904925301507
0,0,0.008114511553274412
0,0,0.048179524420069536
0,0,0.010052960163527011
0,0,0.0007853869862819583
0,0,0.06750571961274891
0,0,0.07768270958659414
0,0,0.002605327761948211
0,0,0.004784133935734999
0,0,0.04905213298231629
0,0,0.001208464311458428
0,0,0.011418788555793579
0,0,0.03771204707913873
0,0,0.01170395781727218
0,0,0.020328167186014535
0,0,0.046245071508821047
0,0,0.02121054826570937
0,0,0.03271044056570049
0,0,0.0283753938666746
0,0,0.0045541790518099125
0,0,0.0013901452734666122
0,0,0.009444268887222568
0,0,0.01800434797270419
0,0,0.0516141453237707
0,0,0.0019802490703718957
0,0,0.058434046503735605
0,0,0.08961460242244094
0,0,0.07722761888601688
0,0,0.05078939801297939
0,0,0.08055948584732495
0,0,0.03705855732981916
0,0,0.055985947766604933
0,0,0.0055207094118812005
0,0,0.00798424663107086
0,0,0.08412514469049336
0,0,0.002067130555926805
0,0,0.16161060613098754
0,0,0.00046358149707750716
0,0,0.07350926678983812
0,0,0.0034733041157696755
0,0,0.020587965007377293
0,0,0.003029299071766496
0,0,0.009766011902325079
0,0,0.05002698276046443
0,0,0.05109456917166478
0,0,0.002995835332525449
0,0,0.006734844107724774
0,0,0.0015341972639366004
0,0,0.029077035668546115
0,0,0.07048020099610142
0,0,0.008851907360667615
0,0,0.004414311080610898
0,0,0.022148070536461947
0,0,0.17706946097632334
0,0,0.0016873303037761855
0,0,0.004979617298225433
0,0,0.023474626168930347
0,0,0.35989458557762827
0,0,0.024484436713513948
0,0,0.004454609513751598
0,0,0.051208016979511356
0,0,0.07827798607661485
0,0,0.0033820348171818278
0,0,0.33295385626895385
0,0,0.08403789472587486
1,1,0.9354745349710256
1,1,0.6859917820559138
1,1,0.9629637822661277
1,1,0.7207962693845519
1,1,0.6544554066905017
1,1,0.9232857430608119
1,1,0.885440752480539
1,1,0.9379194412263044
1,1,0.9285220586665958
1,1,0.9685814975615907
1,0,0.4984310745266822
1,1,0.9800748344069415
1,1,0.9027211146396424
1,1,0.9237004555685696
1,1,0.9123255085819247
1,1,0.8608853798051868
1,1,0.8422137442939122
1,0,0.4782373664776196
1,1,0.9661109391758522
1,1,0.9860557558061896
1,1,0.9314547517908816
1,1,0.9308032287630514
1,1,0.785134156747666
1,1,0.9896451923706303
1,1,0.9264352223365386
1,1,0.785134156747666
1,1,0.8646189336813531
1,1,0.9351882513347296
1,1,0.9133196255201051
1,1,0.9046597709811646
1,1,0.9158592590556686
1,1,0.8595845217331738
1,1,0.7128368217137635
1,1,0.818153453112066
1,1,0.9866191320198218
1,1,0.7845607638047829
1,1,0.5640820766013028
1,1,0.8791222893962457
1,1,0.9538665112036222
1,1,0.947550217555271
1,1,0.9343307625988133
1,1,0.9171611135104669
1,1,0.8771824194153726
1,1,0.8097277441271201
1,1,0.8409302724413087
1,1,0.9866191320198218
1,1,0.796069662699426
1,1,0.7769289502451174
1,1,0.9306123942186294
1,1,0.9272506074381475
1,1,0.9330425179933863
1,1,0.9426660104301106
1,1,0.9884952287061997
1,1,0.8802400012630927
1,1,0.9886831852396825
1,1,0.8233003649093095
1,1,0.9513089934213464
1,1,0.8992831898552889
1,1,0.9574177952887605
1,1,0.9321352395599524
1,1,0.8114178321462403
1,1,0.9449374864469743
1,1,0.9721441306437114
1,1,0.9550838538369737
1,1,0.85082159531581
1,1,0.7878488850407211
1,1,0.9144900805124117
1,1,0.9550565933812767
1,1,0.9228692281752701
1,1,0.9319289900590061
1,1,0.9638668530777056
1,1,0.8737081992862608
1,1,0.9888155882298044
1,1,0.9103567986385335
1,1,0.9493590526251052
1,1,0.9834000594058946
1,1,0.9632305994622639
1,1,0.8308213290885823
1,1,0.9482622551129081
1,1,0.9475438923383047
1,1,0.9358018613959059
1,1,0.9636567554354293
1,1,0.9825058957765623
1,1,0.9397381222132974
1,1,0.6693805839112378
1,1,0.8576611101251991
1,1,0.9426601692032048
1,1,0.9659052871219467
1,1,0.9439054156184223
1,1,0.9168534938385089
1,1,0.8230172763993079
1,1,0.5317524039107054
1,1,0.9501813251862198
1,1,0.7324698252045881
1,1,0.9697561816218352
1,1,0.9481852671751992
1,1,0.9851239069457585
1,1,0.8406072511283115
1,1,0.7665478263837072
1,1,0.953467331864467
1,1,0.8187777469312247
1,1,0.7674379640711049
1,1,0.8954253916326378
1,1,0.9366369399519047
1,1,0.9569311779707278
1,1,0.9095720835623751
1,1,0.7970598704334647
1,1,0.7575506626893443
1,1,0.8853642627046479
1,1,0.8308201746569279
1,1,0.8434404025503424
1,1,0.9309547954373993
1,1,0.9923405123958763
1,1,0.7532909675599446
1,1,0.8967494148959576
1,1,0.9724917614929608
1,1,0.6464967667961152
1,1,0.9002174716601561
1,1,0.8315239740245612
1,1,0.7894330880686338
1,1,0.9592757612151637
1,1,0.6187354033361152
1,1,0.9848964934866814
1,1,0.8691380096690126
1,1,0.8158464512379335
1,1,0.9649694372588568
1,1,0.928381955521527
1,1,0.8395870778651068
1,1,0.9156715004908845
1,1,0.9313846570097055
1,1,0.9557982887125962
1,1,0.9835185521875814
1,1,0.9553866558616437
1,1,0.9331635769975295
1,1,0.9383105690430348
1,1,0.9449113908916661
1,1,0.8710847853109385
1,1,0.8170791542067593
1,1,0.8498895447532154
1,1,0.846004743864308
1,1,0.9621336695474015
1,0,0.46932528510301047
1,1,0.9506422541821256
1,1,0.9215035452391117
1,1,0.9677855458529677
1,1,0.8635643244231239
1,1,0.9494942403248952
1,1,0.9665623879405678
1,1,0.7349015065229343
1,0,0.47030103471490986
1,1,0.901264903315116
1,1,0.7818972672211838
1,1,0.9341739143750851
1,1,0.9104927678469062
1,1,0.7005982775939845
1,1,0.9784896318653324
1,1,0.9117172896548589
1,1,0.9707625270005575
1,1,0.9450078493732947
1,1,0.7671564575097387
1,1,0.9761079473263957
1,1,0.9213803784363591
1,1,0.7276198410393392
1,1,0.9543444840708651
1,1,0.9666428252907614
1,1,0.951529934320851
1,1,0.959964957906802
1,1,0.9418615377197946
1,1,0.8812231878886592
1,1,0.9680963964209415
1,1,0.912576153934744
1,1,0.5510773164821344
1,1,0.9294331773592338
1,1,0.9489868546583475
1,1,0.9328026354672181
1,1,0.584459429777377
1,1,0.9435622529276756
1,1,0.9030561998406956
1,1,0.6463826889139469
1,1,0.7048520519382538
1,1,0.7376712436346397
1,1,0.7648031895444364
1,0,0.4305447223582849
1,1,0.9925905201302081
1,1,0.8452170377554183
1,1,0.9563632177520567
1,1,0.9373814131952064
1,1,0.5569361799035516
1,1,0.848067272131154
1,1,0.7955645766107858
1,1,0.6466858327876593
1,1,0.9627843110541773
1,1,0.922367184226644
1,1,0.9706369671055615
1,1,0.7904047673470473
1,1,0.6057067137275017
1,1,0.7280686114667831
1,1,0.9323694314909977
1,1,0.9839380485419563
1,1,0.8742111322856992
1,1,0.9496577465705192
1,1,0.6057067137275017
1,1,0.8106313747769756
1,1,0.9277440300289825
1,1,0.923820227380927
1,1,0.7964769798021449
1,1,0.9717924667697656
1,1,0.9511568178365346
1,1,0.542630802876111
1,1,0.9853589516164372
1,1,0.9153661273243999
1,1,0.9767632701290612
1,1,0.6475653375574695
1,1,0.9140645075378034
1,1,0.7609780521784938
1,1,0.9037516838258061
1,1,0.8981525666358324
1,1,0.9382904235721569
1,1,0.8782891437967552
1,1,0.7866390357298801
1,1,0.8545796575203279
1,1,0.8916111151737978
1,1,0.5143836139712608
1,1,0.9160514290987931
1,1,0.9807057351164907
1,1,0.8920143571811313
1,1,0.9098627151407572
1,1,0.9264232005434645
1,1,0.946426803710927
1,1,0.9818843113882155
1,1,0.9129197448697932
1,1,0.9895227284977689
1,1,0.5837020910655188
1,0,0.43490975341439336
1,1,0.9140899747194535
1,1,0.9288398893310239
1,1,0.9462034993965679
1,1,0.8849367945468074
1,1,0.9204114248165726
1,1,0.9453692774030454
1,1,0.9097036792150084
1,1,0.9741983057558796
1,1,0.93212259777546
1,1,0.9876334173626127
1,1,0.8809983348697064
1,1,0.7932917745818189
1,1,0.9090470436051508
1,1,0.7207962693845519
1,1,0.6555125667139449
1,1,0.7207962693845519
1,1,0.949406419264021
1,1,0.93505490742514
1,1,0.9243999557922321
1,1,0.8745861797022219
1,1,0.9559559767706938
1,1,0.9195925289066509
1,1,0.9445531846369662
1,1,0.9623954854654045
1,1,0.9205690613078232
1,1,0.9231703249239096
1,1,0.8641369929789636
1,1,0.895000760444166
1,1,0.9462664537328772
1,1,0.9450047421209055
1,1,0.9421453908419006
1,1,0.9568196795556466
1,1,0.9232154742667709
1,1,0.8919108359699435
1,1,0.9613658439859142
1,1,0.9285984656770234
1,1,0.8983194530973558
1,1,0.9188735545780335
1,1,0.9368178098521426
1,1,0.909513063144703
1,1,0.9321657975331824
1,1,0.9489188301782914
1,1,0.9154679490367572
1,1,0.9493544167750616
1,1,0.8582829400213388
1,1,0.9208515029183336
1,1,0.9167964558381152
1,1,0.9363233381637788
1,1,0.8273537275575322
1,1,0.9421633341125948
1,1,0.5120891382411605
1,1,0.9656405099428745
1,1,0.9487476846211647
1,1,0.943174649881768
1,1,0.9466720215021651
1,1,0.9354657830668103
1,1,0.9021075743513232
0,0,0.12721930558144298
0,0,0.053493388633742346
0,0,0.016080431561333063
0,0,0.008513487501984777
0,0,0.06664830153514902
0,0,0.00707391763002054
0,0,0.02990190600609726
0,0,0.013101996778219532
0,0,0.05097950466239463
0,0,0.0849760138385064
0,0,0.011639450124582087
0,0,0.0068255918393085235
0,0,0.10403368466623185
0,0,0.04015667076097099
0,0,0.4811116806006196
0,0,0.18843844535655055
0,0,0.03538701564235836
0,0,0.018592144293336877
0,0,0.017597822474617775
0,0,0.013755652431166561
0,0,0.0422320009104307
0,0,0.06757389330661895
0,0,0.03820041621649477
0,0,0.04138159845426473
0,0,0.031568468689276
0,0,0.01273618307713216
0,0,0.2540296539483964
0,0,0.13866619891308793
0,0,0.14274296877941264
0,0,0.012479748843941119
0,0,0.05577377191810877
0,0,0.13911000683446256
0,0,0.10313174529287138
0,0,0.0064883742031366844
0,0,0.09082548623887948
0,0,0.4995458567986224
0,0,0.04151423504125113
0,0,0.4366229138875053
0,1,0.7637725282517438
0,0,0.38049278171401335
0,0,0.14982197436961678
0,0,0.006745239646612931
0,0,0.003257201504240159
0,0,0.006552568397819841
0,0,0.05185615068903537
0,0,0.003901370221934178
0,0,0.042372980344005766
0,0,0.06129572362490555
0,0,0.10724144031564185
0,0,0.06620935301565412
0,0,0.12345487162191397
0,0,0.14920949107032935
0,0,0.031425476404046575
0,0,0.013673873911843638
0,0,0.0067393118779131315
0,0,0.026475755759117772
0,0,0.016065513958228427
0,0,0.11155392923545622
0,0,0.0010979512619436382
0,0,0.03323084741157112
0,0,0.16886574929955447
0,1,0.6037421253977253
0,0,0.10494696746212455
0,0,0.04920418479665086
0,0,0.02999140994998383
0,0,0.04094829798343006
0,0,0.005308654414452919
0,0,0.017459583922841075
0,0,0.09204383392318564
0,0,0.005276270957585521
0,0,0.18264221915270462
0,0,0.09740577274739357
0,0,0.21914584261892195
0,0,0.17275352592631896
0,0,0.07223088561044742
0,0,0.11350091644814898
0,0,0.04178668434141397
0,0,0.027772651907556477
0,0,0.020860034390071707
0,0,0.014689362878941301
0,0,0.001686465592332579
0,0,0.04967926054585303
0,0,0.07356346387756689
0,0,0.11516628667110602
0,0,0.2220371697291163
0,0,0.035686643916149056
0,0,0.12275498399482022
0,0,0.01560735571673101
0,0,0.10326064639978803
0,0,0.05278061270152047
0,0,0.010165591113136146
0,0,0.016351717494086867
0,0,0.05115164188989393
0,0,0.02260295006433966
0,0,0.1855264066505151
0,0,0.06774195647352717
0,0,0.05627968964674451
0,0,0.005653649068295246
0,0,0.020224854709551633
0,0,0.07399863883348498
0,0,0.0030630057640068362
0,0,0.02002024217337012
0,0,0.01148580366022413
0,0,0.06383741335750343
0,0,0.048281434588387774
0,0,0.14971113650588602
0,0,0.15682267192677882
0,0,0.09288533392771195
0,0,0.17805282660279795
0,0,0.0056519465846819345
0,0,0.04569460803998564
0,0,0.009800806126583513
0,0,0.004559072700647593
0,0,0.07689999162212145
0,0,0.03517969542534071
0,0,0.028765765129602404
0,0,0.0999342285750526
0,0,0.05969911989192458
0,0,0.19417693830670746
0,0,0.07760936859746029
0,0,0.085773422663888
0,0,0.008001009566195455
0,0,0.3762181781422419
0,0,0.10836667936515564
0,0,0.015379316169077142
0,0,0.007440702639635182
0,0,0.01874336875068089
0,0,0.005103689673059747
0,0,0.033257115200669464
0,0,0.07270880883918628
0,0,0.020223526963583493
0,0,0.018582619477814817
0,0,0.012178150408062284
0,0,0.010790232253551371
0,0,0.012138916084367705
0,0,0.026072103541599168
0,0,0.016216613273978393
0,0,0.009712336859569497
0,0,0.023831019814879086
0,0,0.017524112797603242
0,0,0.016882594229001274
0,0,0.014163371458007643
0,0,0.02749646757358068
0,0,0.03610797353325727
0,0,0.04129636024362325
0,0,0.024277880442495254
0,0,0.13225684243188
0,0,0.09663571560930459
0,0,0.012169128090669147
0,0,0.018270229476109047
0,0,0.12437944639065072
0,0,0.01936630940320577
0,0,0.015696785201256575
0,0,0.13588080743521516
0,0,0.031409779756978805
0,0,0.00039891849524373394
0,0,0.055125928500860975
0,0,0.03046561055174228
0,0,0.00822287276271562
0,0,0.009247936644060465
0,0,0.08694849342132432
0,0,0.15488241543390446
0,0,0.005414319983158228
0,0,0.19942306979989732
0,0,0.005154927107498678
0,0,0.10287062935829858
0,0,0.1198823335289291
0,0,0.05418330630194972
0,0,0.01913046221162662
0,0,0.04374525776449866
0,0,0.466226841810034
0,0,0.1984619925701848
0,0,0.1275538159868236
0,0,0.09725556190291777
0,0,0.013699852667676472
0,0,0.004532513016431418
0,0,0.011515626653270699
0,0,0.010536721530674545
0,0,0.022968066307239483
0,0,0.00876645189482205
0,0,0.015048078513476898
0,0,0.08576450556967068
0,0,0.02208711888079188
0,0,0.03653580582862375
0,0,0.0986325936038803
0,0,0.06601464702705129
0,0,0.32432422465297855
0,0,0.08620825992693579
0,0,0.297859701495821
0,0,0.006231016943477985
0,0,0.006522322081365765
0,1,0.8240608956091977
0,0,0.023609169334289547
0,0,0.0177731040617154
0,0,0.015891744346568953
0,0,0.03811447645598805
0,0,0.003392309346936249
0,0,0.024493298067448686
0,0,0.13596808171527888
0,0,0.017432413802233274
0,0,0.07994276469368371
0,0,0.025876002797987022
0,0,0.18008079104857755
0,0,0.0579673171603603
0,0,0.05669125488924957
0,0,0.12447849577080664
0,0,0.027215367761913724
0,0,0.09447214094431498
0,0,0.08091359769937999
0,0,0.0026652659966087
0,0,0.022893948692266426
0,0,0.050766656192979584
0,0,0.05837122064350643
0,0,0.183282471841835
0,0,0.09353135675373846
0,0,0.08122362992939293
0,0,0.03490583218333264
0,0,0.0217494830869166
0,0,0.0069727270528300985
0,0,0.24786723386962145
0,0,0.08507871117453628
0,0,0.10528807131903171
0,0,0.002017974844579547
0,0,0.013688269043552104
0,0,0.017703883273449218
0,0,0.0009345880251629578
0,0,0.006658845819953091
0,0,0.003344618249649242
0,0,0.06582280144525805
0,0,0.0059756007248379
0,0,0.08921746623259191
0,0,0.0324893804003104
0,0,0.22662812930591322
0,0,0.12189580465411144
0,0,0.09253288328946362
0,0,0.007042585772509833
0,0,0.05557195018848726
0,0,0.028514956604954532
0,0,0.04026483721206467
0,0,0.12907160054613662
0,0,0.04821420909418052
0,0,0.02317032992455148
0,0,0.11748350130475727
0,0,0.017023532393466385
0,0,0.00957987795802168
0,0,0.05173869329304287
0,0,0.32193907523045817
0,0,0.013342383615378614
0,0,0.18657024267093852
0,0,0.19225187875715433
0,0,0.018849170977492582
0,0,0.04928745795172584
0,0,0.012144460384200688
0,0,0.06857069953151218
0,0,0.15502523736477117
0,0,0.1514495189825433
0,0,0.006585126035781481
0,0,0.01751149307509598
0,0,0.01959641663150811
0,0,0.16429873629982725
0,0,0.011895962246387422
0,0,0.11849409606391824
0,0,0.019331566743962025
0,0,0.014888540345194346
0,0,0.004526133356802611
0,0,0.034089967883608484
0,0,0.03805886800689366
0,0,0.13331851687453297
0,0,0.07286341195760489
0,0,0.053939321080097996
0,0,0.04423338112942923
0,0,0.054013700329160245
0,0,0.22863998320231638
0,0,0.03652853350228348
0,0,0.03911420761543782
0,0,0.0063909871418691925
0,0,0.005604380335108205
0,0,0.10871852970465494
0,0,0.005910345434460893
0,0,0.1911034896193397
0,0,0.4950359391321828
0,0,0.09952141571695616
0,0,0.09646195493237442
0,0,0.05436903884894362
0,0,0.042402463773224944
0,0,0.07686360225434082
0,0,0.08667749313805163
0,0,0.12145020253220125
0,0,0.012307730075340006
0,0,0.16639605785177397
0,0,0.29688445121275564
0,0,0.2868822531569405
0,0,0.1525614736767589
0,0,0.02397853400814936
0,0,0.07998071058952504
0,0,0.10130919620722113
0,0,0.04094741708546295
0,0,0.03943760429011365
0,0,0.00817396956742878
0,0,0.0070192426482323135
0,0,0.3395062658634905
0,0,0.11700784763464969
0,0,0.11891550995578867
0,0,0.14788914280607876
0,0,0.39570491154825954
0,0,0.1235876211617014
0,0,0.04886886129859801
0,0,0.08891666092060074
0,0,0.40036590297695723
0,0,0.060307210605107194
0,0,0.09096355640099654
0,0,0.02689448898722421
0,0,0.02204889327079454
0,1,0.5231707377125295
0,0,0.003282552881511127
0,0,0.01416372749340149
0,0,0.22675875674214635
0,0,0.013761903281793107
0,0,0.008479525043524477
0,0,0.004165329833389547
0,0,0.04771866754577245
0,0,0.1919569734529877
0,0,0.23886001664890003
0,0,0.3910245413357457
0,0,0.1851375872023657
0,0,0.006665126488687018
0,0,0.013804964455830461
0,0,0.002213188744958605
0,0,0.16740611568466846
0,0,0.01758206973531469
0,0,0.18458115690691693
0,0,0.0026796554341738175
0,0,0.021065498076326645
0,0,0.12078968320633142
0,0,0.16128709580239342
0,0,0.010376532732167643
0,0,0.34982370417403247
0,0,0.057158775564167305
0,0,0.22455199160069747
0,0,0.48328399386535964
0,0,0.07423573136221949
0,0,0.09384330796614297
0,0,0.20381945259170517
0,0,0.33446844952465926
0,0,0.008493837420855523
0,0,0.12011861875472914
0,0,0.06924275977023421
0,0,0.008290208132072123
0,0,0.09915637579247916
0,0,0.011484292146265592
0,0,0.03215322837794656
0,0,0.0769934580422781
0,0,0.013855208718377473
0,0,0.04849097122709658
0,0,0.02967681977062305
0,0,0.03278781185629791
0,0,0.06413250899071558
0,0,0.02672436471176413
0,0,0.07772053814355025
0,0,0.037883024730116364
0,0,0.013602227757882585
0,0,0.12954430417650484
0,0,0.10228927393283237
0,0,0.044274117779933425
0,0,0.3412330908020472
0,0,0.04620457807849515
0,0,0.03178418347504428
0,0,0.017790206962033987
0,0,0.1331605231771928
0,0,0.015522632483282481
0,0,0.040207302426679435
0,0,0.12348151962942387
0,0,0.02170303431044056
0,0,0.012329120418874344
0,0,0.02967076746940877
0,0,0.48657910126853604
0,0,0.012240536161412567
0,0,0.020549196862934396
0,0,0.03887690949666766
0,0,0.13373676706890097
0,0,0.06499611098995754
0,0,0.03996958181840383
0,0,0.021148675148646198
0,0,0.058939212367535285
0,0,0.17768732626993258
0,0,0.2126228861161035
0,0,0.12423742542348444
0,0,0.0028692388058922298
0,0,0.02348544448187805
0,0,0.07957119962709931
0,0,0.008672917425038805
0,0,0.026479413481758442
0,0,0.022238881346394682
0,0,0.293827738637645
0,0,0.07725715839714194
0,0,0.03393179935902544
0,0,0.007142121554400296
0,0,0.030224697782180156
0,0,0.04161631564790221
0,0,0.009479417631059233
0,0,0.035432782611477975
0,0,0.39177671474508247
0,0,0.05136620414781373
0,0,0.027292908210957523
0,0,0.02583569124819828
0,1,0.5775949589634942
0,0,0.032981093127135395
0,0,0.05977965852161395
0,0,0.1903265998842726
0,0,0.26027238219979065
0,0,0.032044939980335606
0,0,0.0431087912785184
0,0,0.08310053703339182
0,0,0.07748896350076513
0,0,0.10944684220524782
0,0,0.012988021884868356
0,0,0.08844572727694208
0,0,0.04874777014234812
0,0,0.23589003896084174
0,0,0.1273509768382343
0,0,0.005877521359056346
0,0,0.06886839814103801
0,0,0.19707350106203853
0,0,0.048830013384929816
0,0,0.020192870147080898
0,0,0.12245643537921207
0,0,0.04070811835909043
0,0,0.07704872060565547
0,0,0.17923735389432702
0,0,0.032379085920148126
0,0,0.011719357517418389
0,0,0.0035833212807773406
0,0,0.025841393939658966
0,0,0.013734398688196314
0,0,0.13364126742248236
0,0,0.01845270326010958
0,0,0.12290646605002563
0,0,0.006355556717224253
0,0,0.001646355700269794
0,0,0.3494924050470619
0,0,0.001298056840892049
0,0,0.09943639074379071
0,0,0.009404325804139798
0,0,0.00820422250674668
0,0,0.11526520854266085
0,0,0.012000122916783445
0,0,0.010862057728241442
0,0,0.04311502580425789
0,0,0.4029373955567514
0,0,0.007076380036171951
0,0,0.002529090897298022
0,0,0.06678297971872711
0,0,0.14034798959532052
0,0,0.04818524657421833
0,0,0.06815920426596211
0,0,0.012438454311882778
0,0,0.02819306746946816
0,0,0.0021862715653077213
0,0,0.017239661535340494
0,0,0.10342013424921569
0,0,0.03309558629107163
0,0,0.0004897585736895662
0,0,0.003813878442405169
0,0,0.06863926043098069
0,0,0.11847809489857403
0,0,0.007550863203605086
0,0,0.0017815208521048179
0,0,0.024325237009015864
0,0,0.057700310478122505
0,0,0.07459991832447307
0,0,0.03303516618643657
0,0,0.05945397040352622
0,0,0.04268167226077792
0,0,0.007265770113644854
0,0,0.15095223859228596
0,0,0.3720669139572158
0,0,0.03980065668171507
0,0,0.06283186992625259
0,0,0.024307157614975535
0,0,0.15781393880505545
0,0,0.2028351162590646
0,0,0.07920017990776185
0,0,0.2604105143372657
0,0,0.01135535500157262
0,0,0.005273102914847736
0,0,0.3747998303974794
0,0,0.01772931784878673
0,0,0.005699088265633997
0,0,0.0673112325312547
0,0,0.004432773425288813
0,0,0.014781396798103669
0,0,0.03371518630409952
0,0,0.02940677619243315
0,0,0.031103501340843234
0,0,0.023350118272352817
0,0,0.12976562667209351
0,0,0.0234490209626566
0,0,0.030797872716345844
0,0,0.0465071808938658
0,0,0.1926226242811143
0,0,0.02840856427818156
0,0,0.1427224126402087
0,0,0.10070663793731774
0,0,0.0327197247483918
0,0,0.007683511320950475
0,0,0.0232033611470166
0,0,0.28691189493219016
0,0,0.4537522503142412
0,0,0.012214584154344886
0,0,0.05240681811002231
0,0,0.1078210644787123
0,0,0.0025023677327075783
0,0,0.013951239024230481
0,0,0.019512910089616045
0,0,0.06660438502309537
0,0,0.00717304722392171
0,0,0.17733854861580178
0,0,0.1732704923892779
0,0,0.08830887286035262
0,0,0.008320546868764453
0,0,0.06289582117376576
0,0,0.1167684533052744
0,0,0.003036122372498375
0,0,0.010739806576704557
0,0,0.01073494466107712
0,0,0.03620754131470244
0,0,0.003908886867966119
0,0,0.05283486417014532
0,0,0.08790380710185051
0,0,0.012972269108682717
0,0,0.0008380031876630323
0,0,0.0006622304545727644
0,0,0.062329400753163254
0,0,0.09822211612081794
0,0,0.03520890872937432
0,0,0.055892627399765936
0,0,0.031396873233147174
0,0,0.001429426965986888
0,0,0.04194689671950277
0,0,0.08812368020536734
0,0,0.004700879111605552
0,0,0.049429382281821116
0,0,0.0853086949017909
0,0,0.00526788817024655
0,0,0.0430247197471378
0,0,0.09203363813085945
0,0,0.23737210384042212
0,0,0.026116907490874076
0,0,0.046339985031305944
0,0,0.01929791121572183
0,1,0.540333528920638
0,0,0.001584197549930239
0,0,0.023170433182685114
0,0,0.003174668193623433
0,0,0.015755991182991196
0,0,0.10808050408291804
0,0,0.003301545743854793
0,0,0.023569421668235384
0,0,0.15162213984817996
0,0,0.03205316345379276
0,0,0.00733111136249718
0,0,0.01749770769322625
0,0,0.03564149399259574
0,0,0.01473696563163213
0,0,0.048248515270846386
0,0,0.12128722573254785
0,0,0.008259713681242032
0,0,0.032584073579831806
0,0,0.10389078818330144
0,0,0.0012092900204276806
0,0,0.013257251308203065
0,0,0.050217557871706425
0,0,0.008625486297202554
0,0,0.07288341893929795
0,0,0.030529246422243497
0,0,0.05027376730589627
0,0,0.028023194744582546
0,0,0.016212900542372146
0,0,0.019030897934361846
0,0,0.023628283322587974
0,0,0.009752029042565643
0,0,0.010113520653328883
0,0,0.03304867103302856
0,0,0.04945166533160969
0,0,0.15755246847435472
0,0,0.022708348067075838
0,0,0.03177747847013983
0,0,0.26113339342137787
0,0,0.05389671789565401
0,0,0.005144024705504855
0,0,0.026180758709952935
0,0,0.005779940035882134
0,1,0.5143322981205634
0,0,0.06328554000817303
0,0,0.04124577259444355
0,0,0.03793527842655703
0,0,0.039555772181106584
0,0,0.055805648293675146
0,0,0.039997345814798704
0,0,0.011395010704622581
0,0,0.0502133411817075
0,0,0.025614702126173443
0,0,0.0020758173055515344
0,0,0.01990863484296255
0,0,0.06325182448616304
0,0,0.022555366831265522
0,0,0.043641853433677505
0,0,0.1502230644943334
0,0,0.04481254846360388
0,0,0.028238285858825492
0,0,0.032155591257621824
0,0,0.01624144306002695
0,0,0.008633107034969716
0,0,0.19573169669616894
0,0,0.09157255708806467
0,0,0.003687649617376789
0,0,0.2655612550675113
0,0,0.09717750971141281
0,0,0.008186255375027597
0,0,0.007195012713974212
0,0,0.011900795681534938
0,0,0.006469390412083767
0,0,0.03731743633303908
0,0,0.04750589272527251
0,0,0.04461629116675884
0,0,0.04940402791899264
0,0,0.2894963441174638
0,0,0.024048526556679616
0,0,0.0732079756969781
0,0,0.00978406758127877
0,0,0.012735875055319678
0,0,0.2170045798871506
0,0,0.018226263566808867
0,0,0.1295080696709186
0,0,0.04497943511112738
0,0,0.008066954809649526
0,0,0.033418424334754115
0,0,0.034378609038140974
0,0,0.036929180481814414
0,0,0.00080381896792032
0,0,0.4491139183747324
0,0,0.02686061015752379
0,0,0.010077916465608147
0,0,0.005629590163573798
0,0,0.0510743238945165
0,0,0.022511255057913744
0,0,0.06671215399804085
0,0,0.006247435879873456
0,0,0.008112561846494188
0,0,0.06360143144180393
0,0,0.00570518608847368
0,0,0.018466960895222925
0,0,0.060765356839653825
0,0,0.010913366742226129
0,0,0.15833115010797066
0,0,0.17343247745470708
0,0,0.14423360512945893
0,0,0.004218770109107638
0,0,0.016153892878939074
0,0,0.010901259810542852
0,0,0.03869560402862224
0,0,0.09548169157177848
0,0,0.011522487778902754
0,0,0.0401226011542513
0,0,0.06379548224090877
0,0,0.038234816460692767
0,0,0.07585108171833213
0,0,0.052788137475315605
0,0,0.08717796069483282
0,0,0.01726535573049356
0,0,0.024130589863659044
0,0,0.1145832786661856
0,0,0.020615359440724887
0,0,0.08083810893319474
0,0,0.006108161814787434
0,0,0.27678652279690946
0,0,0.12764028497184268
0,0,0.061045947428110627
0,0,0.23239871569125478
0,0,0.012729743984639282
0,0,0.04403682509016688
0,0,0.032244170211450984
0,0,0.05436857030105259
0,0,0.026743719246108515
0,0,0.014631345059388077
0,0,0.01576697026947765
0,0,0.05903847170816732
0,0,0.04366394777719949
0,0,0.04440457833855765
0,0,0.004668221098118506
0,0,0.004452021046118358
0,0,0.0028657184508430675
0,0,0.006553674976641418
0,0,0.03899773185245198
0,0,0.03817198364687885
0,0,0.008178870128970187
0,0,0.026411879647108043
0,0,0.040388113108453326
0,0,0.02524879885301834
0,0,0.030624524501464707
0,0,0.10698202451250491
0,0,0.0734414574507024
0,0,0.02345515163682569
0,0,0.010743094638525115
0,0,0.008595789574742838
0,0,0.0014811769824254447
0,0,0.0050631301411138575
0,0,0.01159498727073171
0,0,0.06115284846970008
0,0,0.013302889981419295
0,0,0.22763803960229032
0,0,0.05178356400565581
0,0,0.04190898747522634
0,0,0.027313784126108263
0,0,0.04093821576189552
0,0,0.2374674923863719
0,0,0.014455172038667247
0,0,0.06200876277147072
0,0,0.14452345320727764
0,0,0.03629060703754973
0,0,0.007092208569118303
0,0,0.033199235481761784
0,0,0.00572829372608956
0,0,0.007005357786017584
0,0,0.04559423759940993
0,0,0.3568051873287845
0,0,0.008512020516393999
0,0,0.004382486522797339
0,0,0.08536218120219208
0,0,0.20457526271448717
1,1,0.9759726993945327
1,1,0.9750970380705399
1,1,0.9461132316172183
1,1,0.951701418221903
1,1,0.978317534010868
1,1,0.9581807665452422
1,1,0.8489690537219229
1,1,0.8280253396106384
1,1,0.9344660726899218
1,1,0.9931964207972421
1,1,0.9796500237295003
1,1,0.9859773742110691
1,1,0.9509676412800034
1,1,0.9354709182666042
1,1,0.9097648812243403
1,1,0.9840402199769978
1,1,0.9877641111620795
1,1,0.9846725642439634
1,1,0.9003790013211489
1,1,0.5012503868770504
1,1,0.8927216579583341
1,1,0.9713909540453869
1,1,0.7959066792801245
1,1,0.9273796370712022
1,1,0.885849547901707
1,1,0.9109987619960972
1,1,0.8577435996344571
1,1,0.8443097869125067
1,1,0.9722508627608049
1,1,0.792432368606493
1,1,0.8718994610815457
1,1,0.9752168472754881
1,1,0.9707202499766806
1,1,0.8897986164383537
1,1,0.9432212594602698
1,1,0.9917835777434924
1,1,0.9918562812972791
1,1,0.9884314153158751
1,1,0.9569763043802463
1,1,0.947714758658446
1,1,0.9004228560564005
1,1,0.9822085445295453
1,1,0.957945357638221
1,1,0.8870960150276012
1,1,0.9699858892412949
1,1,0.8008083853264301
1,1,0.7198348084427493
1,1,0.9179309160431649
1,1,0.8694304358674773
1,1,0.9536501280402131
1,1,0.906646979017614
1,1,0.9878789992551711
1,1,0.9613796071206598
1,1,0.9495976241054487
1,1,0.9414428034007943
1,1,0.9741740820929938
1,1,0.9707463177448972
1,1,0.9599315762833168
1,1,0.9631236275435237
1,1,0.9633891287869694
1,1,0.9801925842304119
1,1,0.8960810808317635
1,1,0.9586704512270846
1,1,0.9229899568734937
1,1,0.7739203586428599
1,1,0.7989112276501381
1,1,0.9663619107242445
1,1,0.9459815682150138
1,0,0.49553215548132956
1,1,0.8957689232966567
1,1,0.9221835094649383
1,1,0.95564976409152
1,1,0.9586736247137774
1,1,0.9252714202226969
1,1,0.8118313586286593
1,1,0.9524707385541332
1,1,0.9818665872290684
1,1,0.7320981167768449
1,1,0.8890930893482417
1,1,0.9708244651474137
1,1,0.8844595565342539
1,1,0.8676833529241623
1,1,0.5919049637260094
1,0,0.4518504026981254
1,1,0.9256285918378856
1,1,0.9703719944823218
1,1,0.968244234067563
1,1,0.8766946381898381
1,1,0.9044817035325143
1,1,0.5190383941916239
1,1,0.9374340642079264
1,1,0.8604446355442746
1,1,0.8454279813186727
1,1,0.9462294947601345
1,1,0.7655611498386475
1,1,0.9957382679309182
1,1,0.8904322613655691
1,1,0.5195002518845687
1,1,0.7651993819314061
1,1,0.9850516795485258
1,1,0.9815130619629219
1,1,0.9761690252137537
1,1,0.92476673366958
1,1,0.9573166187076422
1,1,0.9175984494374431
1,1,0.9363921855585966
1,1,0.891338810468357
1,1,0.8836570109729396
1,1,0.8511609185935971
1,1,0.8401803124311059
1,1,0.8555642025775798
1,1,0.9385699867635137
1,1,0.8474257742657894
1,1,0.9513167292326817
1,1,0.9632654146417191
1,1,0.9512116725099925
1,0,0.2377492602607003
1,1,0.9421838033132391
1,1,0.9671968540954944
1,1,0.968326591865512
1,1,0.5983882077264056
1,1,0.918611331464626
1,1,0.9829176604551219
1,1,0.9197269293876963
1,1,0.9284751160048846
1,1,0.8429823462359197
1,1,0.7794416934086278
1,1,0.8835511218315772
1,1,0.9644122865982111
1,1,0.8773635904291136
1,1,0.6716514276976099
1,0,0.4737820730941498
1,1,0.922535781543482
1,1,0.904849661986885
1,1,0.7566850984867856
1,1,0.9378877322897621
1,1,0.9233730516773758
1,1,0.8538786369105712
1,1,0.9486473858050017
1,1,0.7571121458823237
1,1,0.8067252228278674
1,1,0.948357184362816
1,1,0.9298923726125975
1,1,0.935266171071068
1,1,0.9235713429595098
1,1,0.6882758352805681
1,1,0.7488325001151344
1,0,0.47636972031998615
1,1,0.9962735759252946
1,1,0.8700230145685299
1,1,0.938484993819093
1,1,0.7054554319877766
1,1,0.8440408951754628
1,1,0.9595560361403049
1,1,0.9769078134937447
1,1,0.9083123593174086
1,1,0.9965357580579892
1,1,0.6423640414342451
1,1,0.9421545725799929
1,1,0.579818467783165
1,1,0.5977348445546395
1,1,0.9648286690442008
1,1,0.9506681943320713
1,1,0.9359512301359252
1,1,0.9056571548992028
1,1,0.9839369131171255
1,1,0.9739692652103676
1,1,0.9691670022594306
1,1,0.9218819270468783
1,1,0.9559552233758742
1,1,0.9648496867004008
1,1,0.9039917687537351
1,1,0.8975250295707903
1,1,0.8588606373652503
1,1,0.9539610961681979
1,1,0.9372475795119038
1,1,0.9652836048016622
1,1,0.8917236788914382
1,1,0.9328366006135856
1,1,0.9024062295624088
1,1,0.7584157784817097
1,1,0.749062778039948
1,1,0.9750061881053442
1,1,0.8380260580295765
1,1,0.8617638862032858
1,1,0.8575767006768742
1,1,0.9156276249918249
1,1,0.8491409293646536
1,1,0.8266526882167387
1,1,0.9609334994987161
1,1,0.6136449045807321
1,1,0.9523128363865321
1,1,0.8396682398912241
1,1,0.8197162047597452
1,0,0.3357109416743314
1,1,0.6709629515020039
1,1,0.8789919156429394
1,1,0.8905532196892986
1,1,0.942887245163083
1,1,0.833321941600612
1,1,0.814798836036409
1,1,0.8977783729123171
1,1,0.9878909409303396
1,1,0.9933270780832064
1,1,0.9639457310652799
1,0,0.277759905797128
1,1,0.9870221046792943
1,1,0.6402005530597479
1,1,0.8625840759628335
1,1,0.9386424826118847
1,1,0.8848336662228291
1,1,0.9696012604770994
1,1,0.852074234069495
1,1,0.9397413596489033
1,1,0.9001412701621917
1,1,0.9404477729953242
1,1,0.9332925642440568
1,1,0.776889471246634
1,1,0.978411855337133
1,1,0.8819296765586871
1,1,0.9923819238954225
1,1,0.9336670058752266
1,1,0.7792508305010399
1,1,0.635161877434499
1,1,0.978411855337133
1,1,0.9359374502708369
1,1,0.9618872544713971
1,1,0.909848529355586
1,1,0.9440674061962758
1,1,0.8241323953151959
1,1,0.9926277160112108
1,1,0.9148747798637641
1,1,0.9350563810484482
1,1,0.7754924364361068
1,1,0.7855355468006365
1,1,0.8391867726475676
1,1,0.6080812485073015
1,1,0.6888011677025722
1,1,0.8975250295707903
1,1,0.9637710595960794
1,1,0.8805112335741555
1,1,0.9509775074859077
1,1,0.9613099592875285
1,1,0.9475896280052237
1,1,0.9587911181950491
1,1,0.9666286130666146
1,1,0.9547098513518765
1,1,0.9289547535541267
1,1,0.9598104140269111
1,1,0.8657779599224117
1,1,0.901522363229474
1,1,0.9476517337212448
1,1,0.8977378646566371
1,1,0.8796048287980622
1,1,0.9474493620476143
1,1,0.8946378890666746
1,1,0.9688734463328494
1,1,0.9148747798637641
1,1,0.9221120369768877
1,1,0.896167712387601
1,1,0.7928902680174568
1,1,0.9873780646440793
1,1,0.564850223349094
1,1,0.9882780655130362
1,1,0.8431618207412106
1,1,0.9471350221913665
1,1,0.7683820341123765
1,1,0.7757282036394612
1,1,0.9051489412533807
1,1,0.9902120628148782
1,1,0.8820218643723982
1,1,0.8904658665939001
1,1,0.9460954892996608
1,1,0.96972150550417
1,1,0.9731716343167499
1,1,0.9317284660390387
1,1,0.958108930049699
1,1,0.7581030759359321
1,1,0.9846472211477153
1,1,0.9570464167545673
1,1,0.9376668278220299
1,1,0.8564497692462496
1,1,0.847708731508374
1,1,0.9472255374645409
1,1,0.814856284043445
1,1,0.7940783568808977
1,1,0.9433108557942593
1,1,0.9435664332431292
1,1,0.5570598298809883
1,1,0.7024826383768201
1,1,0.9379687378981596
1,1,0.9877730672831861
1,1,0.9641535294186864
1,1,0.9798380001652306
1,1,0.9936621953843424
1,1,0.9923292241515781
1,1,0.8128859626412427
1,1,0.9422761827791349
1,1,0.9340342945694312
1,1,0.9233370450543248
1,1,0.9178440100368965
1,1,0.8841755025002804
1,1,0.9332016827293574
1,1,0.7539987412251746
1,1,0.9232196352719052
1,1,0.8848991233518004
1,1,0.7938211132425815
1,1,0.9492690512041112
1,1,0.9204671390427895
1,1,0.8487581664297775
0,0,0.044230287583429985
0,0,0.04508554364640576
0,0,0.07168547996352147
0,0,0.024371065964811315
0,0,0.011661648184484891
0,0,0.011054029724069136
0,0,0.03025855946043402
0,0,0.015309108621388094
0,0,0.014322801992434141
0,0,0.048133336548029246
0,0,0.05567101093543606
0,0,0.018403976705222688
0,0,0.016694681105779447
0,0,0.013812906893541418
0,0,0.01724958901912174
0,0,0.04937163524511804
0,0,0.012509985500231061
0,0,0.01611511505144675
0,0,0.02951497059607212
0,0,0.01504982576611251
0,0,0.011499914932995308
0,0,0.048777361973568
0,0,0.023770273773175706
0,0,0.04808384655425515
0,0,0.014097961842295196
0,0,0.015114626605886177
0,0,0.012902844194552862
0,0,0.013562124285633942
0,0,0.014322801992434141
0,0,0.03025855946043402
0,0,0.01402352781145971
0,0,0.04396917726500871
0,0,0.013407241242351585
0,0,0.01337294995098458
0,0,0.017537012415269834
0,0,0.022014531063173474
0,0,0.014817360184827115
0,0,0.012233264913633218
0,0,0.046648338452392586
0,0,0.050777844587650604
0,0,0.01437781727251416
0,0,0.03025855946043402
0,0,0.054296533059306984
0,0,0.0531811238738856
0,0,0.01961119521501018
0,0,0.013814615288516565
0,0,0.04496547248909953
0,0,0.016368974416215033
0,0,0.04700714168513763
0,0,0.05653643532770031
0,0,0.013953050574928478
0,0,0.01504982576611251
0,0,0.05257093188912705
0,0,0.022169712911435942
0,0,0.015567289962699645
0,0,0.017537012415269834
0,0,0.054296533059306984
0,0,0.013562124285633942
0,0,0.05348031327893554
0,0,0.015309108621388094
0,0,0.03106629878245102
0,0,0.015505402324590514
0,0,0.016340755891987933
0,0,0.09604653740418899
0,0,0.04943868739620796
0,0,0.020180904062302527
0,0,0.05423012665249298
0,0,0.1401607100949522
0,0,0.008415640770455294
0,0,0.05022989607661415
0,0,0.09558889074659416
0,0,0.046721602133992825
0,0,0.22079615933187918
0,0,0.02261012635894491
0,0,0.0795937502389938
0,0,0.09652214366444518
0,0,0.19403577477610975
0,0,0.14984050603961196
0,0,0.08804662932642258
0,0,0.03603250715232264
0,0,0.23316019404877297
0,0,0.15769802064454133
0,0,0.1935386899367454
0,0,0.09413787699678981
0,0,0.05161627888095713
0,0,0.013220823656843139
0,0,0.04722854360823151
0,1,0.5099364795990327
0,0,0.09285295909135476
0,0,0.11176638561222957
0,0,0.3765408238084898
0,0,0.04921245549087895
0,0,0.20466199651633857
0,0,0.05186201869316464
0,0,0.0555761866081854
0,0,0.018126942288476514
0,0,0.002135419564210132
0,0,0.28448333175717366
0,0,0.04920730275964428
0,0,0.02983726874673103
0,0,0.006801812809889029
0,0,0.1264262818917982
0,0,0.09852748339492617
0,0,0.0071896507638311135
0,0,0.010572256541983516
0,0,0.14659651123679807
0,0,0.08818905365983229
0,0,0.12568933379455216
0,0,0.04019482735399431
0,0,0.030449981554024445
0,0,0.021885916775271703
0,0,0.05433064562315203
0,0,0.013466318293276637
0,0,0.019933517309278774
0,0,0.11971373167910407
0,0,0.021028363962293455
0,0,0.01453459399684793
0,0,0.16525167327679371
0,0,0.1830604110408808
0,0,0.08268957108139777
0,0,0.025961959023068127
0,0,0.03438664857576838
0,0,0.29325286301641124
0,0,0.15089271343424063
0,0,0.26457198006732524
0,0,0.13958425885408776
0,0,0.08131544742946621
0,0,0.02374600965457834
0,0,0.048328203340033446
0,0,0.05825638428827046
0,0,0.024957993285828328
0,0,0.005245321050030376
0,0,0.21547536829434677
0,0,0.011253435571778086
0,0,0.02279948745360344
0,0,0.042393556301956486
0,0,0.11717164397652195
0,0,0.17382215429603137
0,0,0.020249210499117484
0,0,0.070334816055673
0,0,0.08287563286422266
0,0,0.033098671724812595
0,0,0.2884920708524785
0,0,0.030126362152129237
0,0,0.11223397570854617
0,0,0.13182906747234438
0,0,0.020537155962711513
0,0,0.0635540361800026
0,0,0.007979476610888244
0,0,0.03344548808754933
0,1,0.5842754790637421
0,0,0.25048874081058525
0,0,0.18600041053785024
0,0,0.05812967133457093
0,0,0.003825982107202926
0,0,0.005967877680939194
0,0,0.028460778394102403
0,0,0.014103848470914927
0,0,0.0829713955256435
0,0,0.09291637894018036
0,0,0.006812959320469178
0,0,0.021066808416100834
0,0,0.11509864976786982
0,0,0.07315808177965605
0,0,0.030750811174161567
0,0,0.0965483067445333
0,0,0.06769485408556963
0,0,0.010359371171191737
0,0,0.07259882950913428
0,0,0.26184201091908144
0,0,0.49024018942732
0,0,0.022454611743817816
0,0,0.0783957583687995
0,0,0.19355931689481498
0,0,0.004879173561502074
0,0,0.10378531498710787
0,0,0.2690451633402511
0,0,0.023220136000629367
0,0,0.021402909007577218
0,0,0.1708309835302356
0,0,0.06933945174907896
0,0,0.13033807736806904
0,0,0.20445110880021714
0,0,0.2182993425989824
0,0,0.08642256816824424
0,0,0.06396632746887944
0,0,0.34007890323818907
0,0,0.08495031572469726
0,0,0.04217764269198745
0,0,0.15421592057265773
0,1,0.5643036009236592
0,0,0.060186775783707576
0,0,0.2368650273352417
0,0,0.02461517419982409
0,0,0.025335746546833928
0,0,0.07633134567817862
0,0,0.013172897675364765
0,0,0.15250765286009305
0,0,0.11171167510443937
0,0,0.06241382631881467
0,0,0.24899011090008347
0,1,0.5992243810305743
0,0,0.006146066003387384
0,0,0.17739249008479846
0,0,0.0069257386641724495
0,0,0.027794735088775193
0,0,0.09738048545885866
0,0,0.10990621912906794
0,0,0.1664439505105418
0,0,0.1825967207193753
0,0,0.01967120814128933
0,0,0.013395819111896695
0,0,0.011418542024986714
0,0,0.02152188419456513
0,0,0.014341156195036417
0,0,0.054852225265833
0,0,0.014261895799536156
0,0,0.014261895799536156
0,0,0.021469064879025525
0,0,0.023744897924526553
0,0,0.014261895799536156
0,0,0.019743513987694722
0,0,0.015731167973202377
0,0,0.010242987839037118
0,0,0.02178197280411962
0,0,0.01705709072731873
0,0,0.013008583234442789
0,0,0.014261895799536156
0,0,0.017228211465000115
0,0,0.01462682639733265
0,0,0.013157037618406324
0,0,0.014261895799536156
0,0,0.011102889360378539
0,0,0.013601489820248083
0,0,0.017228883364776022
0,0,0.040700427191064995
0,0,0.016653771326517016
0,0,0.017425609268353803
0,0,0.012335782932309176
0,0,0.05663859676760449
0,0,0.019331590146139388
0,0,0.017662509220270958
0,0,0.01012143327977623
0,0,0.01669312643037293
0,0,0.014230500872107104
0,0,0.014261895799536156
0,0,0.014061050513906234
0,0,0.020282090673942318
0,0,0.10097769286380996
0,0,0.010965956492641172
0,0,0.015479119259989222
0,0,0.01443226370084356
0,0,0.013519713183191015
0,0,0.015479119259989222
0,0,0.01617625823116261
0,0,0.019073469437668054
0,0,0.016030479919523534
0,0,0.013186756662876196
0,0,0.01440784931310584
0,0,0.016552674953765927
0,0,0.019120502393590793
0,0,0.015479119259989222
0,0,0.014643275091395864
0,0,0.01685286692224537
0,0,0.012862473782406219
0,0,0.05663859676760449
0,0,0.012335782932309176
0,0,0.013242680156440138
0,0,0.025794883564032627
0,0,0.014005595983636793
0,0,0.02024565229526765
0,0,0.012335782932309176
0,0,0.012674407920230264
0,0,0.031468295010135316
0,0,0.029142621090891985
0,0,0.012674407920230264
0,0,0.05211608394121998
0,0,0.016653771326517016
0,0,0.02800685990585735
0,0,0.014341156195036417
0,0,0.026093328532989873
0,0,0.013242680156440138
0,0,0.014422889309906125
0,0,0.044806219784295824
0,0,0.05806721202397849
0,0,0.05253994569529271
0,0,0.026905084541897238
0,0,0.028041457776682377
0,0,0.044806219784295824
0,0,0.01756034677160195
0,0,0.027661837859332166
0,0,0.013392523545091836
0,0,0.027805588821795253
0,0,0.02024565229526765
0,0,0.028467233079153782
0,0,0.06194524774194765
0,0,0.013601489820248083
1,1,0.8346521994186551
1,1,0.9031624347476164
1,1,0.9030459319247724
1,1,0.9909429302358965
1,1,0.9047749305921723
1,1,0.972564516883303
1,1,0.7768025262733188
1,1,0.9158988876898875
1,1,0.9146272447625781
1,1,0.8080377664036728
1,1,0.9296215562346322
1,1,0.8844163969644505
1,1,0.9673742164230291
1,1,0.8871497568923312
1,1,0.9730233934952754
1,1,0.6645288751583031
1,1,0.9718847581486855
1,1,0.8857930338794223
1,1,0.8699452990355323
1,1,0.8672647480969005
1,1,0.9072148217568764
1,1,0.9048181772025863
1,1,0.9357861802237916
1,1,0.6860123558813208
1,1,0.9604765834135898
1,1,0.9669523528336041
1,1,0.8782025177680488
1,1,0.7401655368586776
1,1,0.984372167824947
1,1,0.9873912096197419
1,1,0.9494576203827151
1,1,0.5951182413010317
1,1,0.9749343561747417
1,1,0.7348201038990217
1,1,0.9941281784269341
1,1,0.897731062483802
1,1,0.9537759026559448
1,1,0.9640900726951475
1,1,0.9535013483800407
1,1,0.9109621805366629
1,1,0.7722734702786463
1,1,0.8738893204185196
1,1,0.7691535035393973
1,1,0.6302810928508277
1,1,0.9615572538390165
1,1,0.9346601995715131
1,1,0.9377272578189261
1,1,0.6208015301295756
1,1,0.8546415938664003
1,1,0.6686868803077263
1,1,0.9670377816791931
1,1,0.9551423927352646
1,1,0.8202390544658189
1,1,0.8749109952188513
1,1,0.9823050290800239
1,0,0.48577051115839437
1,1,0.984672830967444
1,1,0.8199734484257103
1,1,0.9696006409193596
1,1,0.8385830687913097
1,1,0.9309738369432606
1,1,0.8919865827308587
1,1,0.7768456823139147
1,1,0.7407454845480422
1,1,0.7546653349722147
1,1,0.9691929528053904
1,1,0.7011942151523528
1,1,0.9753844042121126
1,1,0.5198245246438149
1,1,0.8663247506167607
1,1,0.8966302044508585
1,1,0.8622122347925573
1,1,0.9835145620438372
1,1,0.9432703336301617
1,1,0.9344168734401014
1,1,0.7716044564273848
1,1,0.9802272364312843
1,1,0.9641371028939328
1,1,0.7232950533343049
1,1,0.7519260597637593
1,1,0.9833765198135442
1,1,0.7793984697898932
1,1,0.9677031643875792
1,1,0.6232641295104256
1,1,0.8127347168628383
1,1,0.6453978757211026
1,1,0.9391539062318965
1,1,0.779885806286393
1,1,0.6774839254224289
1,1,0.7347176619583112
1,1,0.8937086546185384
1,1,0.908178706809709
1,1,0.6769549630563685
1,1,0.9036445601978367
1,1,0.9795699398137071
1,1,0.6118841237262346
1,1,0.848274901928557
1,1,0.9594429914114269
1,1,0.9035127052873551
1,1,0.8452602728069415
1,1,0.7888869174430795
1,1,0.9470512907977181
1,1,0.8896335600784964
1,1,0.7595346815022264
1,1,0.7938267906036183
1,1,0.9383066773116078
1,1,0.6918293501499262
1,1,0.8284440360296939
1,1,0.9336934137590044
1,1,0.9069417307864022
1,1,0.9288298221755491
1,1,0.8114291929392287
1,1,0.8745405672179605
1,1,0.7001194119764422
1,1,0.9798727680999043
1,1,0.9115252628674184
1,1,0.9741697155979739
1,1,0.992344423515873
1,1,0.9116614460541257
1,1,0.9296438695989643
1,1,0.9181372756723705
1,1,0.8137727825044998
1,1,0.6915490462744158
1,1,0.8810106580954895
1,1,0.9917632292429898
1,1,0.8800590957519663
1,1,0.9418243658706993
1,1,0.9720416981332943
1,1,0.9726901623179567
1,1,0.993461058113605
1,1,0.9159921487779209
1,1,0.8125868360100844
1,0,0.4018406534277327
1,1,0.7924157985595922
1,1,0.6439962796125945
1,1,0.8801350999740716
1,1,0.97921174821467
1,1,0.9881002192199493
1,1,0.9606348633684316
1,1,0.7599540877057502
1,1,0.7002977176079171
1,1,0.9502785774557144
1,1,0.947466002437389
1,1,0.9870812035004182
1,1,0.7219016800283664
1,1,0.8795403637050657
1,1,0.6073696813009488
1,1,0.8831149817589082
1,1,0.9348965115992272
1,1,0.7189634102579887
1,1,0.7477960809291208
1,1,0.9546379589581047
1,1,0.9501256071371983
1,1,0.9560393599019414
1,0,0.3769794165771923
1,1,0.9025326805350067
1,1,0.9263512511853479
1,1,0.9840516220332469
1,1,0.9558907150517589
1,1,0.6678443536149328
1,1,0.9255757427409694
1,1,0.9633070521752423
1,1,0.8712190707264774
1,1,0.8994124854279689
1,0,0.37636951542614155
1,1,0.7351119121167928
1,1,0.8089851021941431
1,1,0.9762393061325858
1,1,0.7843955186553594
1,1,0.9544984034339946
1,1,0.8859996671975787
1,1,0.9399663196054605
1,1,0.7106629557847386
1,1,0.9135859615198775
1,1,0.9827732952251477
1,1,0.9631425643268321
1,1,0.9263223503319562
1,1,0.9644201881100801
1,1,0.9575426698299617
1,1,0.9935870465483166
1,1,0.9784374648995108
1,1,0.9648914058791286
1,1,0.7703382837047353
1,1,0.9723663202859182
1,1,0.6707204029410576
1,1,0.9595400978617672
1,1,0.7325280938850692
1,1,0.9799622535647489
1,1,0.9544318013161771
1,1,0.9393140568494283
1,1,0.9820372266971259
1,1,0.860377469222188
1,1,0.7666597059168699
1,1,0.900605605898767
1,1,0.7176466307017413
1,1,0.8613699859057795
1,1,0.918344346464991
1,1,0.944296613375057
1,1,0.9890016303460853
1,1,0.8935283665453712
1,1,0.7219098950952003
1,1,0.9105370278826269
1,1,0.801870687406118
1,1,0.9680573406015742
1,1,0.9133908024086266
1,1,0.8927240774836468
1,1,0.9783149317008086
1,1,0.9493746590518013
1,1,0.8242395231131844
1,1,0.9262568796372798
1,1,0.8576524107411422
1,1,0.519479652784961
1,1,0.9326882741040486
1,1,0.9215021639349186
1,1,0.8737471901264999
1,1,0.7505026713541871
1,1,0.9649748742227361
1,1,0.8464852845514067
1,1,0.8767253042291032
1,1,0.7634274979757739
1,1,0.8813125368545497
1,1,0.9524779965182302
1,1,0.759670657876232
1,1,0.8035732601951736
1,1,0.9016738117044679
1,1,0.9315376691416626
1,1,0.9457691535571231
1,1,0.9554317238060654
1,1,0.9741029999657375
1,1,0.8441685964008817
1,1,0.9594628752572462
1,1,0.6203187840259613
1,1,0.9159510904642675
1,1,0.831825167337391
1,1,0.9103470442924446
1,1,0.9388982682321289
1,1,0.9543158689373115
1,1,0.9470942672247692
1,1,0.9000778288129868
1,1,0.9693508105744602
1,1,0.9619085921940387
1,1,0.9696560475028084
1,1,0.9447819148929737
1,1,0.6266578266941577
1,1,0.5300534851378862
1,1,0.9261118656190467
1,1,0.984098386595685
1,1,0.7406258169914947
1,1,0.7196026534366331
1,1,0.7325930979153148
1,1,0.5481944163564482
1,1,0.8857698094667271
1,1,0.9850862762952155
1,1,0.9585095340188886
1,1,0.9663843234250941
1,1,0.9788638140228121
1,1,0.9789198743545606
1,1,0.823543817743125
1,1,0.8792434281382276
1,1,0.9798551743955604
1,1,0.9478973265631973
1,1,0.8417508621810563
1,1,0.8662108203768261
1,1,0.9845684953396951
1,1,0.8441860471298845
1,1,0.7457409268013121
1,1,0.8938027773667042
1,1,0.9475057258360076
1,1,0.9276561319336195
1,1,0.9824365391442612
1,1,0.7952510957200969
1,1,0.8956755630779952
1,1,0.6749316557256299
1,1,0.96781090562215
1,1,0.8763273045211295
1,1,0.9668897772617734
1,1,0.9812568110724377
1,1,0.9727452790690636
1,1,0.9898294729866383
1,1,0.612878624896515
1,1,0.8526850745201873
1,1,0.923133188418389
1,1,0.8466188474381316
1,1,0.8900836056210222
1,1,0.9623562537231315
1,1,0.9662939894264447
1,1,0.8732757729768394
1,0,0.30051101849832673
1,1,0.8916195436361488
1,1,0.976948479713006
1,1,0.9514713538166931
1,1,0.9402538469456608
1,1,0.7819119752639476
1,1,0.9422265666113661
1,1,0.867336304170645
1,0,0.18068509119824464
1,1,0.7116534274044319
1,1,0.9645180580377674
1,1,0.96987836548169
1,1,0.9598396539822389
1,1,0.9436579914168757
1,1,0.7012263809422359
1,1,0.9628879624330446
1,1,0.8792613623246992
1,1,0.9495807907157544
1,1,0.8526557810062199
1,1,0.9798252789960908
1,1,0.5938596339529614
1,1,0.9792391469605374
1,1,0.9799405035957213
1,1,0.9893686484968705
1,1,0.946371257417658
1,1,0.9344879177294946
1,1,0.6662438761583639
1,1,0.838906416326693
1,1,0.970000040437342
1,1,0.94600307278355
1,1,0.9247435591880983
1,1,0.8695498318911952
1,1,0.9386422541093643
1,1,0.6511252321673126
1,1,0.9541200830561205
1,1,0.7435496959525881
1,1,0.7239207693032954
1,1,0.9558377408290066
1,1,0.6998285431401031
1,1,0.94170389261217
1,1,0.637264497086929
1,1,0.8821416196624574
1,1,0.9371047728590409
1,1,0.9662848151324253
1,1,0.8448862962169094
1,1,0.9788795147527686
1,1,0.8005934923953343
1,1,0.9557162823759576
1,1,0.9074754567181753
1,1,0.815637785232608
1,1,0.980227841169008
1,1,0.98259527689544
1,1,0.9572852568922412
1,1,0.9363794464502809
1,1,0.8815106466428577
1,1,0.987257685766917
1,1,0.9226769226237214
1,1,0.8210986234199669
1,1,0.8664937147295756
1,1,0.8081836133326905
1,1,0.936731917692625
1,1,0.9956538704651717
1,1,0.7811671617833301
1,1,0.8776241942265361
1,1,0.7055926029900571
1,1,0.7196285252898609
1,1,0.8123036868566529
1,1,0.7872500007241962
1,1,0.8935866517701307
1,1,0.7852219991636843
1,1,0.7336275351476573
1,1,0.7129146183249425
1,1,0.9349206260477015
1,1,0.6623695853201647
1,1,0.9556884017616765
1,1,0.848412795571611
1,1,0.8169303456942192
1,1,0.9382518888334449
1,1,0.7679030517102068
1,1,0.9668191651050677
1,1,0.7047671359083549
1,1,0.6470627490734373
1,1,0.8690545543540619
1,1,0.9394657470080198
1,1,0.7618096009357125
1,0,0.47365852805516656
1,1,0.965343329994358
1,1,0.6349433538086022
1,1,0.9003494162207639
1,1,0.9688816674204033
1,1,0.9549421905531827
1,1,0.8487412181598074
1,1,0.96697601002212
1,1,0.9802691168567077
1,1,0.9549702330179236
1,1,0.8838815714844153
1,1,0.94086625704553
1,1,0.8384907972520966
1,1,0.9100649053115959
1,1,0.9072278458007811
1,1,0.9900699943011689
1,1,0.9121110576136346
1,1,0.7320448475176179
1,1,0.7487730440858186
1,1,0.8441146537418758
1,1,0.9598763712723557
1,1,0.9814940721776519
1,1,0.9908408842320835
1,1,0.9296667366081889
1,1,0.9734207302899284
1,1,0.7149780156367723
1,1,0.8751071737269137
1,1,0.6551165885888742
1,1,0.747132859300859
1,1,0.9385807189423364
1,1,0.9867820047942957
1,1,0.9273383645702331
1,1,0.5411632223571896
1,1,0.6820012461690843
1,1,0.9745335373977306
1,1,0.8590064855813561
1,1,0.8771672469910063
1,1,0.9411793467064661
1,1,0.7488662452711091
1,1,0.938805690394778
1,1,0.8975250295707903
1,1,0.9455277603913987
1,1,0.9591776694872272
1,1,0.9522237243954388
1,1,0.9725992601935558
1,1,0.8831313122614726
1,1,0.8544881213327263
1,1,0.9467984160206251
1,1,0.9599137869150318
1,1,0.697144380307275
1,1,0.7931052081103884
1,1,0.9521119296664644
1,1,0.8573319192801598
1,1,0.8194099744935629
1,1,0.9555198714415266
1,1,0.968548673709925
1,1,0.8285455260620606
1,1,0.9783356371072385
1,1,0.9634202086014197
1,1,0.864213198971644
1,1,0.9947859395326558
1,1,0.9548791292022828
1,1,0.8584763339311259
1,1,0.9520678195856298
1,1,0.9399947969615826
1,1,0.7798010445338223
1,1,0.7368449687624978
1,1,0.70802758056228
1,1,0.6737075405691731
1,1,0.9816851292986205
1,1,0.8558195158225087
1,1,0.9602766163436741
1,1,0.7375219105365667
1,1,0.9684078099368395
1,1,0.9752606383622373
1,1,0.7286358396667285
1,1,0.9813040093955896
1,1,0.7993959028229609
1,1,0.9887793516393334
1,1,0.9513027858643627
1,1,0.707477643556289
1,1,0.761304605839834
1,1,0.7585634907111382
1,1,0.9437128379598188
1,1,0.9938999169921221
1,1,0.9320268500458913
1,1,0.8339135456959702
1,1,0.6834136444373825
1,1,0.9554842019589826
1,1,0.9849394512091919
1,1,0.9668358779238871
1,1,0.8981327166669144
1,1,0.6147553721449799
1,1,0.7787568868156187
1,1,0.9743660615912209
1,1,0.8102049772505093
1,1,0.5558852036154416
1,1,0.9694369477860335
1,1,0.7058427670458498
1,1,0.8827001467568906
1,1,0.7746647299559348
1,1,0.579664802594423
1,1,0.9659862118445135
1,1,0.9835413604319891
1,1,0.7375665025794083
1,1,0.9304808647806206
1,1,0.9058026610524317
1,1,0.9921566040639465
1,1,0.9933121244727526
1,0,0.46396515211527994
1,1,0.9655049381506835
1,1,0.7382083274955656
1,1,0.9027725463556033
1,1,0.8401778877358599
1,1,0.9758665606484395
1,1,0.9788155615613919
1,1,0.982847893174826
1,1,0.9466603737491396
1,1,0.7938394858862768
1,1,0.9823310936851412
1,1,0.7791778963797955
1,1,0.8970985013175804
1,1,0.8122524120092803
1,1,0.9471680588194468
1,1,0.8657766213767104
1,1,0.9562005001891708
1,1,0.9944440059783953
1,1,0.8979427162855219
1,1,0.8509608693359274
1,1,0.9209989467674304
1,1,0.9767441834453039
1,1,0.7856987449743404
1,0,0.44912616999514154
1,1,0.8915913113839166
1,1,0.9094213796990483
1,1,0.9548248477078155
1,1,0.9603048868367965
1,1,0.8251664026987219
1,1,0.7209072764854947
1,1,0.898789387516379
1,1,0.9098631597680615
1,1,0.9374448050381861
1,1,0.6920823104424327
1,1,0.9109480786419322
1,1,0.5627525278107146
1,1,0.7026561431530198
1,0,0.4396077316029246
1,1,0.9916796048685227
1,1,0.8128599736603892
1,1,0.8209872749109111
1,1,0.9476266111417597
1,1,0.858242054987422
1,0,0.4041315790860363
1,1,0.8596105178131378
1,1,0.7730848619404717
1,1,0.9448771638286352
1,1,0.8104035209904281
1,1,0.7677574370529494
1,1,0.9207250047125917
1,1,0.9636009790439322
1,1,0.9364001523801061
1,1,0.9522779500118751
1,1,0.941449576138555
1,1,0.9739485303857176
1,1,0.7612574954915372
1,0,0.24874849634205762
1,1,0.9285033539676213
1,1,0.8856816119966588
1,1,0.7825590781948404
1,1,0.940740416276338
1,0,0.46268223525895236
1,1,0.9706548936219893
1,1,0.7765962401171101
1,1,0.8659357520582418
1,1,0.8583311918908463
1,1,0.8593399490560739
1,1,0.775159285687741
1,1,0.9654658048752552
1,1,0.9030233085066091
1,1,0.8583355108760559
1,1,0.9729616021066562
1,1,0.8188641220092229
1,1,0.8201450083438964
1,1,0.9746804083508805
1,1,0.8514199543665376
1,1,0.7642393169093118
1,1,0.7602060991504147
1,1,0.9045570502440544
1,1,0.8286190655362698
1,1,0.9609701120946387
1,1,0.956361646498727
1,1,0.9817255305411433
1,1,0.568071329097544
1,1,0.971689780417089
1,1,0.7544038368618767
1,1,0.8993388005702817
1,1,0.7479067476899189
1,1,0.9057063752784044
1,1,0.9394990759986469
1,1,0.9511056707772081
1,1,0.9468479760013565
1,1,0.9139199303245303
1,1,0.9804646524658069
1,1,0.974049606935525
1,1,0.8388646178527216
1,1,0.9929929594478374
1,1,0.9451328009865364
1,1,0.8664879932521569
1,1,0.7664868326698906
1,1,0.6971960355215394
1,1,0.8224520333347564
1,1,0.8788608857459934
1,1,0.7153414344515122
1,1,0.8272219293654101
1,1,0.884688467876062
1,1,0.9589457245377897
1,1,0.5300603631556255
1,1,0.9599866547524945
1,1,0.9153335223510458
1,1,0.9615463956243822
1,1,0.8067968186788935
1,1,0.7943404394286212
1,1,0.9729328856649635
1,1,0.967837093058762
1,0,0.4726315168901645
1,1,0.8653485642946961
1,1,0.8275925135768555
1,1,0.9133085769583352
1,1,0.8537685653184529
1,1,0.898079954133535
1,1,0.740139349210415
1,1,0.9761279379137052
1,1,0.7928285069906456
1,1,0.9571448231668089
1,1,0.9835843243755914
1,1,0.7750387469249783
1,1,0.873745973426047
1,1,0.9465981224735646
1,1,0.6437139885760853
1,1,0.7711617180052561
1,1,0.9951948870290537
1,1,0.8433481063013791
1,1,0.9573163973913876
1,1,0.9448071376875852
1,1,0.9831037604574443
1,1,0.9686879149173415
1,1,0.6995729250578552
1,1,0.8107214036030352
1,1,0.6794395007228385
1,1,0.9857632391313242
1,1,0.9716086059700965
1,1,0.716586144097046
1,1,0.9297193878493151
1,1,0.5867534820616342
1,1,0.9879389022437055
1,1,0.7141473174121238
1,1,0.738492442285274
1,1,0.9746123814483708
1,1,0.6724106368105959
1,1,0.9551202666406694
1,1,0.9914794558272222
1,1,0.8107532536210523
1,1,0.9470927081293954
1,1,0.985619708695825
1,1,0.8956618543327093
1,1,0.9086593124254314
1,1,0.9387739056346074
1,1,0.9146576500159572
1,1,0.9576119022790074
1,1,0.9793131505052267
1,1,0.8472836407078478
1,1,0.9206497844059985
1,1,0.8082233168616322
1,1,0.6988677660566539
1,1,0.7844517860478212
1,1,0.6708001081376104
1,1,0.9586629487192365
1,1,0.9603158126114844
1,1,0.9740344851250764
1,1,0.960307478192385
1,1,0.9470910488334147
1,1,0.6979855835119614
1,1,0.9571707210060889
1,1,0.9624162268355935
1,1,0.867500250110076
1,1,0.9903604375179083
1,1,0.8935880101146909
1,1,0.9466253281371391
1,0,0.43934154737084363
1,1,0.7254941964010833
1,1,0.9222294814189435
1,1,0.9746863249700652
1,1,0.9061430510437681
1,1,0.658396977105004
1,1,0.8977769819469785
1,1,0.9171318927392691
1,1,0.9801092913324218
1,0,0.24968981552838568
1,1,0.9800260710518637
1,1,0.9676287856449677
1,1,0.7331428056601533
1,1,0.9839369131171255
1,1,0.9190425883973073
1,1,0.9635769195091383
1,1,0.9410547257206882
1,1,0.8450716629982928
1,1,0.9779403852067301
1,1,0.9070578519561827
1,1,0.9455614246393034
1,0,0.3978164050672196
1,1,0.7719097055900049
1,1,0.9761932164516852
1,1,0.7735911692844145
1,1,0.9699849942230423
1,1,0.9875263386593727
1,1,0.6327569403868056
1,1,0.6266898156118627
1,1,0.9817379126185285
1,1,0.8949525923540557
1,1,0.7508615716213246
1,1,0.9116634983456346
1,1,0.821810732820262
1,1,0.9407875779530538
1,1,0.7586551177788774
1,1,0.957823691392
1,1,0.7316965006404252
1,1,0.8735137729340983
1,1,0.8668735401415244
1,1,0.9706907878475354
1,1,0.9265997338068298
1,1,0.9605964223619278
1,1,0.9816882512167465
1,1,0.752531181116073
1,1,0.9392022007552954
1,1,0.9737740937138807
1,1,0.9627190869820563
1,1,0.8862048599295924
1,1,0.9572556700305754
1,1,0.9382376363417201
1,1,0.5533893515371732
1,0,0.19057922586248913
1,1,0.9765951047143364
1,1,0.7501013358664701
1,1,0.881442743900864
1,1,0.8817620960745722
1,1,0.9222736572442295
1,1,0.9779289892943568
1,1,0.9508234078743183
1,1,0.8417503593119207
1,1,0.9391249943450796
1,1,0.9862187843335324
1,1,0.804464161233273
1,1,0.9902093162023392
1,0,0.43009104419309974
1,1,0.9140097390113624
1,1,0.9564627569138124
1,1,0.9664487530601852
1,1,0.8290878731539811
1,1,0.9377643108577752
1,1,0.981771380970921
1,1,0.9012855898091242
1,1,0.8453747353551132
1,1,0.9686158218767303
1,1,0.9201246250343194
1,1,0.9765951047143364
1,1,0.9648131365643449
1,1,0.9195698875103618
1,1,0.9467087720508095
1,1,0.9435238465465879
1,1,0.8677838746577013
1,1,0.896591152085118
1,1,0.9704259995266816
1,1,0.75334687576792
1,1,0.8528665815870985
1,1,0.5858029585958124
1,1,0.9604820142055848
1,1,0.6033135208324097
1,1,0.9378677968950428
1,1,0.9339325749963346
1,1,0.9670089354299979
1,1,0.9795002360033097
1,1,0.9507650486849265
1,1,0.9393199387232691
1,1,0.8493807165395252
1,1,0.7107039365444611
1,1,0.8697258636454025
1,1,0.8781594819782881
1,1,0.9332914861596502
1,1,0.9857774618742415
1,1,0.9824417544948495
1,1,0.9564701607724404
1,1,0.591568336861252
0,0,0.004985116664411857
0,0,0.0378392487261809
0,0,0.010454869988538689
0,0,0.08158973162135934
0,0,0.03328184504564385
0,0,0.23568115834819833
0,0,0.31740043867711615
0,0,0.02780719716377493
0,0,0.08675029098171427
0,0,0.011570733425215867
0,0,0.2114481944203208
0,0,0.28814539869480016
0,0,0.013075895430983215
0,0,0.2870858858248654
0,0,0.008730562412712355
0,0,0.02833646220254582
0,0,0.052802576948554156
0,0,0.09510843349959848
0,0,0.002011667666228312
0,0,0.15634223422075091
0,0,0.08601816502736538
0,0,0.028339173940178135
0,0,0.13549210488408242
0,0,0.0075855699676018766
0,0,0.006366293069157724
0,0,0.04655782886297114
0,0,0.05880548311763681
0,0,0.042378268154072474
0,0,0.11009411341980303
0,0,0.004756723260556904
0,0,0.2033924877894429
0,0,0.03687627829761243
0,0,0.15778001896145005
0,0,0.016918644740268413
0,0,0.005528793070656545
0,0,0.01990636336681653
0,0,0.0018134158023713823
0,0,0.008116938685353398
0,0,0.005539271787716686
0,0,0.17550480791941234
0,0,0.061366257479677215
0,0,0.0012890586953510767
0,0,0.03458874942676425
0,0,0.1700254419203931
0,0,0.010246824542770327
0,0,0.1712069624609656
0,0,0.00920978139105331
0,0,0.013827375893163255
0,0,0.00194171845624486
0,0,0.0043567218930083765
0,0,0.08395042728425516
0,0,0.29182078224609953
0,0,0.058676723717453215
0,0,0.13270148654436467
0,0,0.028974702895960602
0,0,0.2104372354718653
0,0,0.1736261094716142
0,0,0.04898936944983213
0,0,0.03649636915376453
0,0,0.015068474957181183
0,0,0.3749831339688255
0,0,0.010793383705974099
0,0,0.024641104926345924
0,0,0.13852062035913848
0,0,0.2077611331318055
0,0,0.20931627351419538
0,0,0.05089730767860125
0,0,0.09335809566713613
0,0,0.03499514392712832
0,0,0.02740372342462183
0,0,0.00748371379273298
0,0,0.041574567210815205
0,0,0.07721993402927416
0,0,0.14997649434903418
0,0,0.02440117101527144
0,0,0.4543669100743727
0,0,0.03670909972031324
0,0,0.2176901921779571
0,0,0.006702794106067813
0,0,0.0017254396832683083
0,0,0.04251805406276609
0,0,0.02770053552827207
0,0,0.11961996084157522
0,0,0.1499034849858519
0,0,0.3064741258668505
0,0,0.04199594431497201
0,0,0.002068346883596404
0,0,0.15215200876327709
0,0,0.009711065907123959
0,0,0.008397330844004692
0,0,0.1760138142205161
0,0,0.27568845461329183
0,0,0.08673670975963374
0,0,0.14428479503909894
0,0,0.060029943825723124
0,0,0.21420908005861827
0,0,0.0019186071985847453
0,0,0.08675269451016017
0,0,0.050604785739067154
0,0,0.10098344830276021
0,0,0.02512076777863855
0,0,0.17072387853010357
0,0,0.0961060212040813
0,0,0.012743771622662936
0,0,0.15415621026828538
0,0,0.002731752540200857
0,0,0.005809846272563208
0,0,0.004908864850459368
0,0,0.005907872974383893
0,0,0.06366159412035743
0,0,0.013314577962882506
0,0,0.011588640180336562
0,0,0.035716167006956144
0,0,0.024109459451134945
0,0,0.005091707571594751
0,0,0.007965140794309562
0,0,0.3316651867089071
0,0,0.009915423228539196
0,0,0.04344217317112798
0,0,0.007749055670158721
0,0,0.014424384676641295
0,0,0.006817579165872212
0,0,0.10377660633677611
0,1,0.5627932015383533
0,0,0.002414024341238044
0,0,0.04453470253310368
0,0,0.006268391853958499
0,0,0.04350643411385584
0,0,0.06753216084255971
0,0,0.06562722351699028
0,0,0.00515715878263045
0,0,0.0534503077405922
0,0,0.023583379786080935
0,0,0.09777225933815853
0,0,0.21249609170345876
0,0,0.002912033839102043
0,0,0.07035445412935497
0,0,0.011971393385156483
0,0,0.00787941245701417
0,0,0.22736262299911741
0,0,0.03873067962430324
0,0,0.05071557569571501
0,0,0.19986519443886017
0,0,0.21526873081394005
0,0,0.1559421716047291
0,0,0.02276280729505566
0,0,0.2945941642577712
0,0,0.007546379608127992
0,0,0.10389472353431267
0,0,0.036258273468470235
0,0,0.3888996638593691
0,0,0.20002956679779413
0,0,0.061948728634155424
0,0,0.011223079985856105
0,0,0.12064393644552557
0,0,0.20881944624446336
0,0,0.0095171549786914
0,0,0.006384140511281686
0,0,0.01718559762450292
0,0,0.012196767866144667
0,0,0.03861093962051428
0,0,0.007102819484981362
0,0,0.3600280454567866
0,0,0.013287010015142325
0,0,0.02385076567086684
0,0,0.14454311968096542
0,0,0.037116063808818586
0,0,0.040363312696556936
0,0,0.02564892972412829
0,0,0.20005599436625918
0,1,0.5299215750800359
0,0,0.020264738772611455
0,0,0.018535390613286795
0,0,0.13204106130773813
0,0,0.20027113829100493
0,0,0.022334430469134282
0,0,0.019169911976226996
0,0,0.11730197566376475
0,0,0.09959477276742734
0,0,0.02086636978975048
0,0,0.2920066659110414
0,0,0.0033590597866629554
0,0,0.02512863578285115
0,0,0.01979763615495131
0,0,0.02485307682202315
0,0,0.004857657894086505
0,0,0.013799709749369716
0,0,0.009111409958557535
0,0,0.01374887886836833
0,0,0.005302423893074206
0,0,0.026530765266322653
0,0,0.04714037290177498
0,0,0.39835544546241747
0,0,0.0018434074642581033
0,0,0.009484336547743324
0,0,0.24299211005356294
0,0,0.21066568188733806
0,0,0.04750123233057905
0,0,0.04228181104134718
0,0,0.009684819719987952
0,0,0.03674107230595774
0,0,0.19288202301661772
0,0,0.43102521639782415
0,0,0.22136407795810314
0,0,0.08132811218997335
0,0,0.22782350245671346
0,0,0.1384994001569878
0,0,0.017156575108836218
0,0,0.04484042624828967
0,0,0.3037297784482086
0,0,0.30483087723832586
0,0,0.1857549932763592
0,0,0.2955495082541491
0,0,0.007396460963279008
0,0,0.01584399512542424
0,0,0.021702669080899604
0,0,0.0029703450673592207
0,0,0.017373306221880186
0,0,0.08137221907057238
0,0,0.12614955879502485
0,0,0.09210511212453833
0,0,0.19052163873233963
0,0,0.011294844970790783
0,0,0.1595561398245635
0,0,0.00807719841588176
0,0,0.16502151377919888
0,0,0.2888655067344355
0,0,0.4387950639204511
0,0,0.08611602575428902
0,0,0.1845046748272946
0,0,0.3467372905224707
0,0,0.16650746858616897
0,0,0.32926134023895043
0,0,0.004155896020999479
0,0,0.004107851971770846
0,0,0.11873164774441229
0,0,0.08393570671785336
0,0,0.16016314389853634
0,0,0.06618843388055613
0,0,0.013617545763171432
0,0,0.046520863538965625
0,0,0.08755769728935604
0,0,0.04597082911600881
0,0,0.006112284638208181
0,0,0.051549159669917397
0,0,0.05476759809382921
0,0,0.16295625196511784
0,0,0.015481630531177674
0,0,0.2964821736130001
1,1,0.9937821578127418
1,1,0.9799552374015212
1,1,0.9347627535175969
1,1,0.9394453479617154
1,1,0.9752900064635796
1,1,0.9809670112950547
1,1,0.7266129280151493
1,1,0.962736856791553
1,1,0.9698043188983474
1,1,0.9246764525215245
1,1,0.948447188085692
1,1,0.9648316825201885
1,1,0.9752675466858105
1,1,0.9538653456639657
1,1,0.9393516879614792
1,1,0.9073094697927445
1,1,0.8987460966105252
1,1,0.9344834001612402
1,1,0.9093625875279624
1,1,0.97053595964322
1,1,0.9738563479538798
1,1,0.9524672181886211
1,1,0.8781103509619403
1,1,0.9560351126660245
1,1,0.9885268532414251
1,1,0.7516613444095164
1,1,0.8836844720223124
1,1,0.9848585289499632
1,1,0.9494477451466642
1,1,0.9243988905526295
1,1,0.9354432377095785
1,1,0.8937820345521139
1,1,0.5001780059629
1,1,0.9068694442239227
1,1,0.9680782309546252
1,1,0.9096214753623201
1,0,0.3524296434366553
1,1,0.8330915500880663
1,1,0.696155561566059
1,1,0.9597773651665215
1,1,0.8026206680816309
1,1,0.9340579414047887
1,1,0.9158070524378811
1,1,0.9378579804621453
1,1,0.9731537134579166
1,1,0.9322344045317434
1,1,0.9000935019947524
1,1,0.9273931652319125
1,1,0.9685995025331718
1,1,0.9573226972212706
1,1,0.9775271593367514
1,1,0.878182708872965
1,1,0.7450848993108328
1,1,0.9116325535672272
1,1,0.9416891303526861
1,1,0.9902887050641085
1,1,0.8747629275693998
1,1,0.839925723789683
1,1,0.976708072292996
1,1,0.9259688556078703
1,1,0.9787406647247474
1,1,0.9785094480330222
1,1,0.9858332088009859
1,1,0.9900799310713969
1,1,0.9830173718137784
1,1,0.9911116873246957
1,1,0.8213559038690176
1,1,0.9222924511659608
1,1,0.9778516632926291
1,1,0.9318849928991649
1,1,0.7647382220847201
1,1,0.9713000101161962
1,1,0.7993021041074363
1,1,0.6664717334608122
1,1,0.9134554055447365
1,1,0.9634054209663527
1,1,0.8675975234668797
1,1,0.9575066947454866
1,1,0.8872734627645985
1,1,0.9510214549208434
1,1,0.7677419712728432
1,1,0.8907075990818475
1,1,0.9186644445574002
1,1,0.9537402643991231
1,1,0.9202868593893131
1,1,0.8767129155204659
1,1,0.9808290026999053
1,1,0.9290566877980244
1,1,0.9811168854815555
1,1,0.56852173637133
1,1,0.9855505998470476
1,1,0.942631070837149
1,1,0.9660952006058029
1,1,0.9797676220405195
1,1,0.8669995083486421
1,1,0.9689536951668489
1,1,0.8387639547152632
1,1,0.8810426716110914
1,1,0.8996676921823518
1,1,0.9740313490161085
1,1,0.8234240159956424
1,1,0.74624439058146
1,1,0.863360668747082
1,1,0.8628290762614814
1,1,0.9769089253743046
1,1,0.9736915844515724
1,1,0.9816765641749994
1,1,0.6655381616892309
1,1,0.9528054521059988
1,1,0.9928388778118925
1,1,0.9516318298263766
1,1,0.6330380235165989
1,1,0.9013044764687106
1,1,0.9654534675957058
1,1,0.5143836139712608
1,1,0.7786540182710955
1,0,0.48468814921752584
1,1,0.7191199661200716
1,1,0.7830704310858959
1,1,0.542630802876111
1,1,0.7483230401267738
1,1,0.9321454991596992
1,1,0.9609549893187117
1,1,0.7449298942009148
1,1,0.9591007682384652
1,1,0.9828836958935494
1,1,0.970990244215045
1,1,0.9630777736579385
1,1,0.933440620311072
1,1,0.9485343087890571
1,1,0.6541890025749928
1,1,0.9287726207332312
1,1,0.9194445968295831
1,1,0.779959098076505
1,1,0.724204840941192
1,1,0.9496526965558024
1,1,0.9422098652576862
1,1,0.9580796993158085
1,1,0.9032426870640774
1,1,0.9101745194148757
1,1,0.6056909399256353
1,1,0.6217727521543379
1,1,0.9486292917111041
1,1,0.9305420026527988
1,1,0.9621109981114622
1,1,0.6577213364485782
1,1,0.8215115547293833
1,1,0.8756676920105088
1,1,0.883537081862772
1,1,0.9619407490594143
1,1,0.9159208192781105
1,1,0.8998510616406108
1,1,0.8942476984735923
1,1,0.9547534652809384
1,1,0.9473345695999549
1,1,0.9554614837788504
1,1,0.9506510746354905
1,1,0.8624342961311707
1,1,0.8675214080481661
1,0,0.1710103123925007
1,1,0.9764688040908341
1,1,0.9520069243975906
1,1,0.9810647354523848
1,1,0.9714567219187373
1,1,0.9518568088057088
1,1,0.9730707381940452
1,1,0.8442426562521319
1,1,0.9612238698117863
1,1,0.9443783678857536
1,1,0.574811585634829
1,1,0.7101936724689311
1,1,0.8138069087862413
1,1,0.730318012544912
1,0,0.48003054438115994
1,1,0.5740045175442026
1,1,0.6254494079654609
1,1,0.5281964298426242
1,1,0.7629862858283268
1,1,0.9469625293306597
1,1,0.9285059987485509
1,1,0.6691023872646504
1,1,0.6557902223795886
1,1,0.9383129210941134
1,1,0.9673230460963905
1,1,0.9555720215764983
1,1,0.9868843426338929
1,1,0.8929543073938863
1,1,0.9098218583300276
1,1,0.9663208994925885
1,1,0.8712039603969631
1,1,0.6432921805048247
1,1,0.6432921805048247
1,1,0.865153795859028
1,0,0.44816242679091634
1,1,0.9666042296630285
1,1,0.8640673153160373
1,0,0.49112011840050146
1,1,0.9135072085213866
1,1,0.6773311347579086
1,1,0.5815859580863291
1,1,0.9041078300098759
1,1,0.8371866619769137
1,1,0.8858215696935567
1,1,0.9103985825341363
1,1,0.9530469599543574
1,1,0.9541885272522816
1,1,0.8872708821954828
1,1,0.7996913826924745
1,1,0.9562211044754234
1,1,0.8109903589060672
1,1,0.935700489432786
1,1,0.9702587985106952
1,1,0.9132063266646231
1,1,0.7536515972836877
1,1,0.945318440356098
1,1,0.9541879272950607
1,1,0.9404783931284157
1,1,0.9691448927689584
1,1,0.9415655674503018
1,1,0.9892118444692944
1,1,0.8976621304243547
1,1,0.918016969410441
1,1,0.9551954158471737
1,1,0.930803426794273
1,1,0.8925433234959977
1,1,0.9472220877565258
1,1,0.9340726681890725
1,1,0.9741895076622802
1,1,0.9608580364741717
1,1,0.9608580364741717
1,1,0.9545413310519886
1,1,0.7570715377111703
1,1,0.8772591101703904
1,1,0.9275170528024709
1,1,0.9352633537669114
1,1,0.9327230540168816
1,1,0.9500468320366316
1,1,0.9448277703118535
1,1,0.9572573368221406
1,1,0.8674139720356925
1,1,0.9721986243477893
1,1,0.8877587521953252
1,1,0.9504423641027727
1,1,0.6130315297917994
1,1,0.9164001201879132
1,1,0.9637339189422154
1,1,0.7207962693845519
1,1,0.9304075490945796
1,1,0.9409491525095145
1,1,0.9602384511147969
1,1,0.9433545533725405
1,1,0.6945610261677071
1,1,0.9250604623147546
1,1,0.9431971890250173
1,1,0.9124649344800413
1,1,0.9437348925618668
1,1,0.9203757945314546
1,1,0.8313651946605322
1,1,0.9121654183688137
1,1,0.8090485028652469
1,1,0.7868917888401907
1,1,0.8032498017844371
1,1,0.902328068488206
1,1,0.9149330181549062
1,1,0.860131890266276
1,1,0.9033795151594688
1,1,0.9067347565408111
1,1,0.9464704431022108
1,1,0.879695124680966
1,1,0.9157363559196939
1,1,0.9396132985889485
1,1,0.5213978546639392
1,1,0.9151178420384136
1,1,0.9860557558061896
1,1,0.8143241628764764
1,1,0.9257204792124952
1,1,0.96324371968079
1,1,0.929731297802785
1,1,0.9204141537044606
1,1,0.9447772180684156
1,1,0.849540836469518
1,1,0.9095915860429452
1,1,0.896928094290987
1,1,0.5706910613885045
1,1,0.9375014528066422
1,1,0.8140166923803753
1,1,0.9484065347077247
1,1,0.8466514909696684
1,1,0.927468612440972
1,1,0.9102164002574917
1,1,0.9397260819108069
1,0,0.3640926334834875
1,1,0.9431843360480331
1,1,0.861591817765996
1,1,0.9373486731461205
1,1,0.9720654558113937
1,1,0.8922815176982709
1,1,0.8955853462393658
1,1,0.9527351608427803
1,1,0.6573128420340304
1,1,0.9873628632243265
1,1,0.8012170928618706
1,1,0.9741895076622802
1,1,0.9252435143146406
1,1,0.8258942419837385
1,1,0.9491171735930425
1,1,0.9500205440558884
1,1,0.9883045302611485
1,1,0.8909010182133865
1,1,0.9228862684824022
1,1,0.9663447964686189
1,1,0.9702601022372274
1,1,0.8886507407494687
1,1,0.9424166339753156
1,1,0.9151281023790636
1,1,0.9299638943335252
1,1,0.8013615061549733
1,1,0.9604127499290752
1,1,0.9568714750078421
1,1,0.8786705107403685
1,1,0.5810449589766922
1,1,0.9721996335262597
1,1,0.9746467463160297
1,1,0.9344142403081261
1,1,0.9799341031559843
1,1,0.885555789519084
1,1,0.9474180348093479
1,1,0.9530912640770929
1,1,0.9152816109606167
1,1,0.9568092350880609
1,1,0.9674797455719785
1,1,0.8980422942932345
1,1,0.9149137800691715
1,1,0.8848447594081774
1,1,0.8848447594081774
1,1,0.7845607638047829
1,1,0.9741895076622802
1,1,0.7845607638047829
1,1,0.9678004138076773
1,1,0.8989210426679214
1,1,0.9057525461981794
1,1,0.8214012750910191
1,1,0.9483634025215563
1,1,0.9452218264914198
1,1,0.8797359813761527
1,1,0.9876334173626127
1,1,0.9446992310697848
1,1,0.8414094925659642
1,1,0.9896273609592413
1,1,0.8661461639121988
1,1,0.7769289502451174
1,1,0.934517528082649
1,1,0.8404992948272191
1,1,0.8999060545626174
1,1,0.9085591514703553
1,1,0.6489486603257113
1,1,0.93705836297732
1,1,0.9369359479722965
1,1,0.9237321781624988
1,1,0.9182836230292799
1,1,0.9071536643975393
1,1,0.8391398701333314
1,1,0.9502424688595357
1,1,0.9328285228888485
1,1,0.9484445320248924
1,1,0.8468248338098023
1,1,0.9576802492182971
1,1,0.9109758681849471
1,1,0.9099343385873198
1,1,0.9832384041551658
1,1,0.9400562840592627
1,1,0.9452183585518659
1,1,0.878364780455658
1,1,0.917727097571336
1,1,0.9373055165897528
1,1,0.8875842153502169
1,1,0.9382943645554602
1,1,0.9368413601932598
1,1,0.98283067552841
1,1,0.9525404329138052
1,1,0.8418135581335263
1,1,0.9872746850119506
1,1,0.911820150571768
1,1,0.7830982570876466
1,1,0.856661316959146
1,1,0.7845607638047829
1,1,0.9382301720825975
1,1,0.9351986482112299
1,1,0.9883045302611485
1,1,0.5621826123858258
1,1,0.9511185204005007
1,1,0.9526898578083246
1,1,0.9278744998086821
1,1,0.9067903606143157
1,1,0.9894108263844678
1,1,0.8886961810015108
1,1,0.9126866873227787
1,1,0.5142012135109938
1,1,0.9600957561455213
1,1,0.7878544412330413
1,1,0.7610473280677286
1,1,0.8895247154122351
0,0,0.017569256745235518
0,0,0.27522991708679545
0,0,0.12046556265876585
0,0,0.3529488208337222
0,0,0.18715505829111564
0,0,0.03419822468438912
0,0,0.019538325491848793
0,0,0.3108730484209215
0,0,0.3596604141810596
0,0,0.07295633328213438
0,0,0.21849028254778288
0,0,0.011203181592445415
0,0,0.023935296863760683
0,0,0.05477758568557808
0,0,0.08059824416847149
0,0,0.24689685725581761
0,1,0.6277003850322351
0,0,0.11532592059851152
0,0,0.05135041493219683
0,0,0.034182617597464736
0,0,0.06699396448831989
0,0,0.44921516757716307
0,0,0.10818307049261573
0,0,0.017706951599742126
0,0,0.32238819954478426
0,0,0.03936473357736966
0,0,0.02914264646077198
0,0,0.032821950133180275
0,0,0.037918380523300904
0,0,0.08370388532969343
0,0,0.037787905715494306
0,0,0.019998825844544467
0,0,0.10276011739802364
0,0,0.025268073456621003
0,0,0.019007132152321242
0,0,0.12219049032383425
0,0,0.051153202236533676
0,0,0.2963283505303336
0,0,0.10076502189819639
0,0,0.13341809301703325
0,0,0.006691717006010573
0,0,0.01884873512135783
0,0,0.04866175188909507
0,0,0.06617484063250494
0,0,0.002220356841670184
0,0,0.1992946102382103
0,0,0.42428095944734945
0,0,0.0205689459270892
0,0,0.021171698953493343
0,0,0.02852133679963354
0,0,0.20461711571099186
0,0,0.03807569746964747
0,0,0.012804417716127442
0,0,0.06655524647311305
0,0,0.011468039588760796
0,0,0.07836652582973744
0,0,0.029421072596977647
0,0,0.0366730374676046
0,0,0.19581470417812064
0,0,0.015298578084948016
0,0,0.018763289101313765
0,0,0.02803038545068329
0,0,0.06706375255731065
0,0,0.008349545868833663
0,0,0.11380618514209455
0,0,0.007156063241703784
0,0,0.01783163963052749
0,0,0.021101956184285696
0,0,0.19117786584853713
0,0,0.013324572550795569
0,0,0.17396762579128025
0,0,0.001401707570885737
0,0,0.09193988958573467
0,0,0.11976772504831011
0,0,0.024595613567943445
0,0,0.008439559325987774
0,0,0.014793215131323962
0,0,0.03921036052376698
0,0,0.05712450447917995
0,0,0.056249887889257714
0,0,0.10047804568079799
0,0,0.04420691004597144
0,0,0.17634302587473746
0,0,0.1323618084819195
0,0,0.09472371359098562
0,0,0.015482945207963379
0,1,0.523724217777473
0,0,0.12619408393442055
0,0,0.19985350037595054
0,0,0.03474577029366261
0,0,0.10214930667049003
0,1,0.5057233898301362
0,0,0.05465325436608291
0,0,0.040330005379452014
0,0,0.07694825269105601
0,0,0.012497205711238094
0,0,0.018152843775871213
0,0,0.18052837076768052
0,0,0.011642206272027111
0,0,0.08966992818919835
0,0,0.06362892086332418
0,0,0.017470154528169784
0,0,0.02827954139456602
0,0,0.11837148088891057
0,0,0.025128064949821144
0,0,0.27439026759679797
0,0,0.05114946630677761
0,0,0.01643280918480334
0,0,0.11538068301516168
0,0,0.04007254124474578
0,0,0.4885906761500642
0,0,0.02691222849854298
0,0,0.14598457897431258
0,0,0.4746903090902642
0,0,0.07034041960512194
0,0,0.018171101060425247
0,0,0.020020789149416452
0,0,0.10690227227285508
0,0,0.26504198431771553
0,0,0.0753449156994791
0,0,0.019723634149284155
0,0,0.016437402636410907
0,0,0.06460081505483588
0,0,0.0061510695114843795
0,0,0.13668205103904238
0,0,0.24615536292007076
0,0,0.09361533538523836
0,0,0.06616040761336293
0,0,0.10011918202127422
0,0,0.10756751369038847
0,0,0.025924279330976345
0,0,0.0971444964253925
0,0,0.038480140410533194
0,0,0.023049598921425673
0,0,0.052802576948554156
0,0,0.06870205643856123
0,0,0.15006263192329508
0,0,0.06631918745709885
0,0,0.10052318454867502
0,0,0.06439779806781683
0,0,0.0026420124953977697
0,0,0.41737427006859384
0,0,0.15238644024314582
0,0,0.03346180676981444
0,0,0.00503860731993267
0,0,0.08345997239655736
0,0,0.039171656996950396
0,0,0.2964799750166448
0,0,0.21681408773379213
0,0,0.03920458601703932
0,0,0.013629114673996473
0,0,0.0818734852661727
0,0,0.0967436372607397
0,0,0.06334602912478098
0,0,0.002766654580854787
0,1,0.7131189122665044
0,0,0.15856306273573317
0,0,0.09048174325741154
0,0,0.19641795591529274
0,0,0.06610975240037262
0,0,0.03951318958906799
0,1,0.5861761509630053
0,0,0.1004936697698687
0,0,0.04239062814721658
0,0,0.02917234863806373
0,0,0.026995879313600018
0,0,0.08917578171414488
0,0,0.260685471475701
0,0,0.09299429121376816
0,0,0.023729967414244893
0,0,0.0686138151453313
0,0,0.039951631125878975
0,0,0.3280137694182645
0,0,0.0423096045968625
0,0,0.057496421537625374
0,0,0.0038205574407194458
0,0,0.05155293049043338
0,0,0.018845790385433412
0,0,0.08259991790014044
0,0,0.024304552277546132
0,0,0.03305946379458296
0,0,0.011543923911677497
0,0,0.25160087656518876
0,0,0.15270692386763565
0,0,0.13807490864875976
0,0,0.2128688842204222
0,0,0.04197088339584603
0,0,0.0945062233334881
0,1,0.8537674786294434
0,0,0.2126331693687934
0,0,0.12715832505773217
0,0,0.05160525572611084
0,0,0.11386756824773885
0,0,0.0526861149082694
0,0,0.07225143990578872
0,0,0.12977775847259573
0,0,0.0338931334178558
0,0,0.06782586852785095
0,0,0.1495677978992775
0,0,0.0032888388411170017
0,0,0.16046657995101293
0,0,0.032580836393351006
0,0,0.013929287277300424
0,0,0.03421109774509545
0,0,0.1643811334853056
0,0,0.12728037586154614
0,0,0.11174328950107379
0,0,0.0758859841018297
0,0,0.06393135099125523
0,0,0.03833451084632907
0,0,0.05059959138312633
0,0,0.11404358555939863
0,0,0.11716696678784846
0,0,0.038228845673313784
0,0,0.01563642615928705
0,0,0.08667073665231226
0,0,0.09838208161206118
0,0,0.004690367960175175
0,0,0.1409101511438246
0,0,0.46742090061608504
0,0,0.0627650452374771
0,0,0.06723012127679992
0,0,0.024870771600111106
0,0,0.02868887566416192
0,0,0.3650065964040852
0,0,0.06260263540703032
0,0,0.03503955098728134
0,0,0.030811700707202933
0,0,0.04587931797287344
0,0,0.059701713316596725
0,0,0.06919862291140781
0,0,0.09911820641736428
0,0,0.12622439312893569
0,0,0.3133082983148575
0,0,0.023928085272717763
0,0,0.23073912999979257
0,0,0.008305807171867654
0,0,0.1392717456737067
0,0,0.04311575839384685
0,0,0.02887743716968901
0,0,0.00819412225153237
0,0,0.026057607313339982
0,0,0.24448838590017632
0,0,0.027716688787190448
0,0,0.06066647269337654
0,0,0.31668262378001943
0,0,0.11153133228166764
0,0,0.020957244775129148
0,0,0.025504642668402324
0,0,0.24063203725317614
0,0,0.1508788705112302
0,0,0.15131450604681623
0,0,0.2918653319230251
0,0,0.04614748593872255
0,0,0.07630167406834161
0,0,0.05244920189378805
0,0,0.11303732727357471
0,0,0.06625584783047707
0,0,0.17986024631945258
0,0,0.057257467190046
0,0,0.009202580613933076
0,0,0.06714168966965137
0,0,0.06086815181037947
0,0,0.08169155450284941
0,0,0.047442306943905034
0,0,0.05814543247000044
0,0,0.43511001033279223
0,0,0.032736505805644425
0,0,0.010388711639335297
0,0,0.060210557530561176
0,0,0.05390313658522322
0,0,0.4718916304327931
0,0,0.09775112822368102
0,0,0.1126896505270762
0,0,0.37049151241118367
0,0,0.2763561891997215
0,0,0.38981442233008584
0,0,0.27727671687582267
0,0,0.032633687114467624
0,0,0.006280643550033186
0,0,0.31579054300099735
0,0,0.1036295749134416
0,0,0.1250373053272034
0,0,0.08801935317881285
0,0,0.13331669435666615
0,0,0.3602222253226211
1,1,0.859982814982604
1,1,0.9007168860798387
1,1,0.9403979180366211
1,1,0.9481286842056258
1,1,0.6731680575415748
1,1,0.9649763187468009
1,1,0.7476779897297448
1,1,0.5654252902468192
1,1,0.6565233912544297
1,1,0.7115752850718856
1,1,0.8955526207534293
1,1,0.7778616896247357
1,1,0.9800437477263083
1,1,0.9680650139585143
1,1,0.9877580897139303
1,1,0.8755324279749443
1,1,0.7932309710123199
1,1,0.8899812628041555
1,1,0.8465072456577438
1,1,0.6999996526746142
1,1,0.9822735363147833
1,1,0.7294706029126162
1,1,0.9441980153680297
1,1,0.8549223760557064
1,1,0.9723420512891532
1,1,0.9504725604008298
1,1,0.9357825605323917
1,1,0.6034520756227517
1,1,0.965620097118796
1,1,0.7216585146384663
1,1,0.8513857850769095
1,1,0.946216662293014
1,1,0.9664448523909427
1,1,0.972194391260321
1,1,0.9211517152041571
1,1,0.9119962846735028
1,1,0.9519355520450208
1,1,0.8680813051712584
1,1,0.9348611866240009
1,1,0.791079294456715
1,1,0.9170986400891747
1,1,0.5111713446943121
1,1,0.8072693896344741
1,0,0.4694533182341911
1,1,0.6826490085955402
1,1,0.9955103316349544
1,1,0.7864000592444179
1,1,0.9711532855997836
1,1,0.849196232850765
1,1,0.7258772168246541
1,1,0.7064403004917761
1,1,0.8455738900613675
1,1,0.7509075130887398
1,1,0.9491478417990309
1,1,0.9322670169417004
1,1,0.929867040718283
1,1,0.9470959202526662
1,1,0.981613547163538
1,1,0.9948228088809973
1,1,0.936994056910385
1,1,0.6297478200922682
1,1,0.9279995155968483
1,1,0.6412158237947756
1,1,0.7092566800093486
1,1,0.9379860330736816
1,1,0.958430739821595
1,1,0.634688266822231
1,1,0.9071979086918126
1,1,0.8737683129046295
1,1,0.8566136932602237
1,1,0.8483317612925021
1,1,0.9350213443071571
1,1,0.9178508098066542
1,1,0.8313965043772457
1,1,0.8879120900972611
1,1,0.7943663218842797
1,1,0.8516114165920701
1,1,0.9891071034653941
1,1,0.7206359664433841
1,1,0.5239405405695592
1,1,0.8805280698568546
1,1,0.6381235559005536
1,1,0.9756785292221565
1,1,0.8297413621153029
1,0,0.3933570480552068
1,1,0.8929010122336126
1,1,0.9961175018035331
1,1,0.9774406092743653
1,1,0.9527773848468151
1,1,0.858223792759889
1,1,0.9594822464820552
1,1,0.9728539468083856
1,1,0.8216590217308728
1,1,0.6980471717737307
1,1,0.9516873587404614
1,1,0.9540318998555901
1,1,0.7564068491911592
1,1,0.8495763017931944
1,1,0.7911594124339075
1,1,0.918127295355571
1,1,0.8638165995583835
1,1,0.5551558345223325
1,1,0.5140461657167711
1,1,0.883600432179277
1,1,0.9809656579203266
1,1,0.9530966000743284
1,1,0.5487706297386329
1,1,0.955565113485273
1,1,0.9823297358432541
1,1,0.6351860474065775
1,1,0.9512943415511709
1,1,0.9145619061999486
1,1,0.9613783943278241
1,1,0.6179141416343532
1,1,0.5328041937803136
1,1,0.673853144637982
1,1,0.9743435133677473
1,1,0.6018495762263628
1,1,0.9839369131171255
1,1,0.8786385472008817
1,1,0.7288116110877431
1,1,0.6919125008932244
1,1,0.6280471675587274
1,1,0.9532578670581924
1,1,0.9867875700081936
1,1,0.8699551358551348
1,1,0.6878881237962841
1,1,0.806941505246466
1,1,0.7549130863552237
1,1,0.9694141138187249
1,1,0.9915545819698978
1,1,0.7038589355425213
1,1,0.6561159265659857
1,1,0.9500809781026647
1,1,0.9023085933122642
1,0,0.35792494658025903
1,1,0.7138209514818056
1,1,0.6430869843061673
1,1,0.9844728267143837
1,1,0.979352887327231
1,1,0.8598044831560739
1,1,0.8065514855056908
1,1,0.9191133090695489
1,1,0.9871955773658041
1,1,0.9639895290602463
1,1,0.9893042056433399
1,1,0.8481443602595511
1,1,0.9539906488997514
1,1,0.9743393116495137
1,1,0.9848551286612063
1,1,0.8267250452922718
1,1,0.9530096813586998
1,1,0.9874162382479738
1,1,0.9726826462366042
1,1,0.5378875334817459
1,1,0.9059137418258519
1,1,0.9798692339229944
1,1,0.9365737154943989
1,1,0.8952409360308454
1,1,0.8944528933684825
1,1,0.8341837641030421
1,1,0.9409404032834162
1,1,0.8968285700719552
1,1,0.9793250529886507
1,1,0.8008089089270402
1,1,0.6993900769324989
1,1,0.9533429248015447
1,1,0.9365444421472147
1,0,0.3913083695985042
1,1,0.7753219075064306
1,1,0.8926817109282226
1,0,0.41857105540530015
1,1,0.9976776014502106
1,1,0.89449757874936
1,1,0.9296594156714578
1,1,0.7057801532215809
1,1,0.9565019973589641
1,1,0.994272205834339
1,1,0.8883838718701114
1,1,0.9281664869094984
1,1,0.9599763348171748
1,1,0.7188136041868366
1,1,0.8744622288736774
1,1,0.9658132275701496
1,1,0.6793578426459381
1,1,0.8593932895346137
1,1,0.8850466836813132
1,0,0.390173150718768
1,1,0.934226127716259
1,1,0.946984705615656
1,1,0.96687736025092
1,1,0.6888998532947869
1,0,0.32376738615077955
1,1,0.946255369751272
1,1,0.8944737205083664
1,1,0.6367358944856903
1,1,0.9586230447224645
1,1,0.9586686981573272
1,1,0.9825772224182165
1,1,0.9158120935018955
1,1,0.9140297896878327
1,1,0.9479447133807496
1,1,0.9483877830174859
1,1,0.803807361074284
1,1,0.9087456408644395
1,1,0.9615675195544634
1,1,0.7762484677207042
1,1,0.9153105165767985
1,1,0.9746103736015719
1,1,0.9763714106396653
1,1,0.6079948544348579
1,1,0.9844276168598856
1,1,0.5075685825852967
1,1,0.7916263471493461
1,1,0.7212563656885104
1,1,0.8557251214451757
1,1,0.9341929053911784
1,1,0.866575633255012
1,1,0.969880474891461
1,1,0.8901209490636832
1,1,0.8164260142069811
1,1,0.8526493903023206
1,1,0.916268030495321
1,1,0.9840495784122824
1,1,0.5924259549549802
1,1,0.8744628935453982
1,1,0.8637270782309402
1,1,0.92972404057427
1,1,0.9555646038188177
1,1,0.8859504454389656
1,1,0.9711263842260242
1,1,0.9178776975206207
1,1,0.9256021917973752
1,1,0.8950849900863338
1,1,0.7726610760394397
1,1,0.9576261503202014
1,1,0.9894225903413743
1,1,0.5925410127685159
1,1,0.9850053710161272
1,1,0.9634862038518276
1,1,0.8782886150151626
1,1,0.9006313471376998
1,1,0.997461186330281
1,1,0.9239016372509685
1,1,0.9567758450238388
1,1,0.8356414824080735
1,1,0.8715211425654311
1,1,0.9531920579720583
1,1,0.9430920114589111
1,1,0.9173389769870796
1,1,0.8818952557717161
1,1,0.7860629271642968
1,1,0.8948400139059896
1,1,0.7252407612268198
1,1,0.7618695714361555
1,1,0.9711275730491886
1,1,0.9885145066255
1,1,0.8979473569190406
1,1,0.9976776014502106
1,1,0.9753430549098542
1,1,0.9711275730491886
1,1,0.559859547634954
1,1,0.9459338171517357
1,1,0.9623791856239838
1,1,0.911992517816318
1,1,0.9976776014502106
1,1,0.595753451843673
1,1,0.9189771682771016
1,1,0.8349166533359095
1,1,0.9117480940044055
1,1,0.9574241287075897
1,1,0.8721819902683854
1,1,0.8791132966763633
1,1,0.9198149717717297
1,1,0.9662680930972132
1,1,0.9651504233832119
1,1,0.9377765785800799
1,1,0.8273628604490114
1,1,0.9475578548995904
1,1,0.96405338134692
1,1,0.9938157413372859
1,1,0.6910787087724497
1,1,0.9562489717229767
1,1,0.9696099175186269
1,1,0.9093520627627184
1,1,0.9784239027488183
1,1,0.9112096962414834
1,1,0.9287845880246974
1,1,0.8087097223483074
1,1,0.9792832142747487
1,1,0.595769329818864
1,1,0.9642218801944393
1,1,0.8778756712574585
1,1,0.997461186330281
1,1,0.9662612103451329
1,1,0.9669944021151348
1,1,0.8991456838673054
1,0,0.4706238714601126
1,1,0.9249233261426887
1,1,0.9421507473928369
1,1,0.866859090237774
1,1,0.989715388167871
1,1,0.924679205342896
1,1,0.8859817140981773
1,1,0.9061136798174495
1,1,0.9412563543105468
1,1,0.9665074660004768
1,1,0.7076286716183832
1,1,0.976303720521531
1,1,0.7742538016262871
1,1,0.8974036873650129
1,1,0.9670507298211707
1,1,0.9623050183708893
1,1,0.9140363836294455
1,1,0.9781760348165991
1,1,0.836923083218937
1,1,0.9816183363341652
1,1,0.9340323869547775
1,1,0.9864566678278932
1,1,0.9852490703445201
1,1,0.6289559941067204
1,1,0.6187354033361152
1,1,0.9107041746733665
1,1,0.9483365709604862
1,1,0.7396907256354018
1,1,0.95336665762673
1,1,0.8235286441643761
1,1,0.9024696534916601
1,1,0.7671091495409303
1,0,0.49585654900225373
1,1,0.9354975557517825
1,1,0.7853999439685133
1,1,0.9024562660467859
1,1,0.8949906480484712
1,1,0.6794804930951068
1,1,0.9207231695121152
1,1,0.8338167325303106
1,1,0.6194708251110423
1,1,0.9130756335571195
1,1,0.6681309969512276
1,1,0.7994711663151343
1,1,0.9614152846737678
1,1,0.957119648722014
1,1,0.9689459918064084
1,1,0.982225208883033
1,1,0.7647327315438558
1,0,0.36473710965397393
1,1,0.9661490402568734
1,1,0.9187262916144675
1,1,0.8355537642924451
1,1,0.9396257182557332
1,1,0.9793190621662451
1,1,0.9360727437928644
1,1,0.931207396372804
1,1,0.8214155730110521
1,1,0.9376532638937035
1,1,0.921460168389727
1,1,0.9440144193052316
1,1,0.9412372877119136
1,1,0.8184531443203803
1,1,0.9729570691122883
1,1,0.7223778076997039
1,1,0.8677099467747622
1,1,0.9673037171878255
1,1,0.8957388711323467
1,1,0.9821228446066799
1,1,0.7877589000941948
1,0,0.4988101541814474
1,1,0.7440708262128124
1,1,0.9523074750337776
1,1,0.9692192266532139
1,1,0.9717788825902458
1,1,0.9577852862519229
1,1,0.8147582844323608
1,1,0.9700211456585811
1,1,0.9760239088489314
1,1,0.9643078864529657
1,1,0.835903912173795
1,1,0.9361782920001069
1,1,0.8912820968943689
1,1,0.970254895297067
1,1,0.8536667297826863
1,1,0.6870018463389059
1,1,0.9008549969482283
1,1,0.8889224761919096
1,1,0.8423790962976773
1,1,0.9078094830574861
1,1,0.9193503714776525
1,1,0.8879917609821935
1,1,0.9602476366125031
1,1,0.9833121262054494
1,1,0.9722369820124208
1,1,0.9573995381265792
1,1,0.7523282868120892
1,1,0.7645388514789525
1,1,0.79821513497486
1,1,0.971055158928209
1,1,0.9114125836921639
1,1,0.8188110576662333
1,1,0.8215726673096241
1,1,0.9608788452699735
1,1,0.9826963798279789
1,1,0.783053926059542
1,1,0.6441500876963344
1,1,0.8273796980116936
1,1,0.9575461387501548
1,1,0.9197862675580175
1,1,0.9348164518318668
1,1,0.7919007987913287
1,1,0.8753239945840703
1,1,0.8104629438936355
1,1,0.9676472022476106
1,1,0.9174292959860785
1,1,0.9698753763216985
1,1,0.9341688918943643
1,1,0.9430547785444191
1,1,0.929312977453674
1,1,0.8477417843691797
1,1,0.5770346269640515
1,1,0.9553502692703283
1,1,0.9376343447596799
1,1,0.9464056702238443
1,1,0.6991071531590506
1,1,0.9127064027493625
1,1,0.9484736411089048
1,1,0.9088643099087067
1,1,0.9554940917036271
1,1,0.6374472028543822
1,1,0.8926192103387803
1,1,0.9758137920058997
1,1,0.7124762178998876
1,1,0.9866315838681049
1,1,0.8165564266917906
1,1,0.9461408380226182
1,1,0.7292117233834529
1,1,0.6955867818424818
1,1,0.9345542357812502
1,1,0.9236846982665623
1,1,0.7912185730890098
1,1,0.9781929446106474
1,1,0.9565527869305078
1,1,0.9759538970542808
1,1,0.8485769103860769
1,1,0.5405645945090118
1,1,0.960340898402741
1,1,0.7698110361341329
1,1,0.8574923916368582
1,1,0.8426377695239163
1,1,0.95866509697911
1,1,0.6779681778013823
1,1,0.9273566646475354
1,1,0.7922070545743425
1,1,0.9639643972441643
1,1,0.9451792855441703
1,1,0.9116713026199692
1,0,0.3351090672357439
1,1,0.9770018116996261
1,1,0.9437042622565859
1,1,0.9629634494007605
1,1,0.9653531044914804
1,1,0.9717172956375566
1,1,0.940402353814607
1,0,0.39061664158708714
1,1,0.9417939461146713
1,1,0.9720985959648197
1,1,0.9079593267441104
1,1,0.9434368879665357
1,1,0.9597645077973541
1,1,0.8064806699809657
1,1,0.885867930920022
1,1,0.9657986106151171
1,1,0.7094868183074343
1,1,0.9278847901572357
1,1,0.9625759153380365
1,1,0.9267986114532236
1,1,0.9370683446373184
1,1,0.9700114067626769
1,1,0.9260934608171726
1,1,0.9438153679779294
1,1,0.9695951384911171
1,1,0.928674720387919
1,1,0.9591578343867523
1,1,0.9125895865130145
1,1,0.9228966481724512
1,1,0.9541027255408779
1,1,0.9982858832822806
1,1,0.8356246638424006
1,1,0.8413737973999708
1,1,0.9719612577172305
1,1,0.9772505239756369
1,1,0.9767082155673487
1,1,0.8828356732093497
1,1,0.8830264683760418
1,1,0.9616321318543186
1,1,0.9423742962974331
1,0,0.4449222628130176
1,1,0.8140806541585539
1,1,0.9598645318216054
1,1,0.9176935626883663
1,1,0.9575350010241076
1,1,0.661241561702432
1,1,0.8658788685541278
1,1,0.9564713828113293
1,1,0.9343243951060685
1,1,0.9464059516850497
1,1,0.9903395533658632
1,1,0.9711130222965093
1,1,0.944128235099929
1,1,0.6094671450954954
1,1,0.9734428734179826
1,1,0.9006160958920588
1,1,0.752554007209635
1,1,0.9719647831928869
1,1,0.9573166187076422
1,1,0.9535944464531205
1,1,0.9504127120139259
1,1,0.954401355321482
1,1,0.9398451238939216
1,1,0.9850979873239362
1,1,0.8805640969508116
1,1,0.9917760005228377
1,1,0.9901968621766755
1,1,0.9406458940592491
1,1,0.992027144773381
1,1,0.9576507372404163
1,1,0.8828953569777188
1,1,0.967394229116039
1,1,0.9010984391091896
1,1,0.8975250295707903
1,1,0.7848226155762502
1,1,0.7592130206404084
1,1,0.9332741567226553
1,1,0.8988486830587868
1,1,0.8733448503956083
1,1,0.989801329614027
1,1,0.9825529648881471
1,1,0.8324913860924895
1,1,0.9559282264651281
1,1,0.8927182036055787
1,1,0.8161797747838759
1,1,0.8078888867635476
1,1,0.9711170700314116
1,1,0.967618186576245
1,1,0.7274725299011167
1,1,0.904145203183887
1,1,0.9102564432578002
1,1,0.8992523606397391
1,1,0.9796988071925768
1,1,0.7416910010160255
1,1,0.9922495662123266
1,1,0.7174156900237905
1,1,0.9569869822289646
1,1,0.937516469322859
1,1,0.9693884238639757
1,1,0.8461989275883487
1,1,0.9559440321154526
1,1,0.9704349938292083
1,1,0.857490314626524
1,1,0.9913212515605189
1,1,0.9848290540073986
1,1,0.9358009528292474
1,1,0.8545592252834867
1,1,0.9436647834687992
1,1,0.9343326907647153
1,1,0.8333567356598105
1,1,0.9456927064580648
1,1,0.9335128799426498
1,1,0.9100456146935048
1,1,0.9003553504835328
1,1,0.9629122210458013
1,1,0.9072654929233224
1,1,0.862896347978461
1,1,0.7322338627169139
1,1,0.898284043993702
1,1,0.6792280965984737
1,1,0.9492690512041112
1,1,0.840116182554176
1,1,0.9403672008720791
1,1,0.9013258723695502
1,1,0.9016630870013232
1,1,0.8896985868943732
1,1,0.9275591250249753
1,1,0.8743849530363487
1,1,0.8954326515160833
1,1,0.8024678696214823
1,1,0.9773483057642224
1,1,0.5510950698498985
1,1,0.9457351592914992
1,1,0.8874696291288826
1,1,0.9078382857226486
1,1,0.9134964119134227
1,1,0.9326806739974891
1,1,0.9644011789866603
1,1,0.9484148645026635
1,1,0.939128582218886
1,1,0.9141598851637713
1,1,0.9450398774112934
1,1,0.8868072936047613
1,1,0.9199999417757054
1,1,0.8757765665615467
1,1,0.9198321526377149
1,1,0.9727294321022782
1,1,0.9596492362418612
1,1,0.9243447774577126
1,1,0.8964436541533806
1,1,0.8688888873573706
1,0,0.4189191314581856
1,1,0.9798277150631053
1,1,0.9817404634755343
1,1,0.8009805381072597
1,1,0.978411855337133
1,1,0.9485400790155496
1,1,0.9017021942102572
1,1,0.9354702565492314
1,1,0.9018519203499912
1,1,0.8979504445118343
1,1,0.9096963095132167
1,1,0.9633033096524877
1,1,0.9385598577607589
1,1,0.9943522100761774
1,1,0.8344887657648404
1,1,0.8270345504013343
1,1,0.9840451701626185
1,1,0.9769382533462669
1,1,0.9395234932293434
1,1,0.9282654411302724
1,1,0.8498665396036896
1,1,0.9012277957258159
1,1,0.8517088452727524
1,1,0.912577634595524
1,1,0.9600284047700497
1,1,0.6631977404604776
1,1,0.9266984850392979
1,1,0.8016008781044172
1,1,0.9698360699071987
1,1,0.8837395774279975
1,1,0.9458283429060544
1,1,0.9592922940078148
1,1,0.9852687286928486
1,1,0.5593401520280318
1,1,0.9401714607826596
1,1,0.9177181972414937
1,1,0.9412008302349579
1,1,0.8894283469657174
1,1,0.9128067372219051
1,1,0.9054661855513354
1,1,0.9310950260392121
1,1,0.9414132207882974
1,1,0.7890010126778138
1,1,0.8024623010923507
1,1,0.8480395840713929
1,1,0.812168689122357
1,1,0.94006051738703
1,1,0.840759268019174
1,1,0.8855173461376413
1,1,0.758171736698244
1,1,0.8515121712533574
1,1,0.908330956160062
1,1,0.9766021582195182
1,1,0.9820017830118012
1,0,0.4776294430435664
1,1,0.9587945179038678
1,1,0.9189963974825709
1,1,0.903197657422216
1,1,0.9754914947311606
1,1,0.8814923837352515
1,0,0.46930822766362595
1,1,0.9866390867443571
1,1,0.8654806972396973
1,1,0.8762290672608718
1,1,0.8020093898631802
1,1,0.9231755763989271
1,1,0.8997518608773581
1,1,0.8006125017905764
1,1,0.9855310457480265
1,1,0.8624675967943344
1,1,0.908183136288154
1,1,0.6101732003563687
1,1,0.6684748613562834
1,1,0.9573634544182558
1,1,0.873892334004639
1,1,0.7833397221350724
1,1,0.9395213391727743
1,1,0.9578292445191546
1,1,0.8821191989726624
1,1,0.9425885378253601
1,1,0.9127661521689789
1,1,0.8848551906676622
1,1,0.9583395304516602
1,1,0.7912610898198698
1,1,0.9538325095518353
1,1,0.993743190308627
1,1,0.9728106586812333
1,1,0.7608675815205047
1,1,0.9720109724800038
1,1,0.8496343753394915
1,1,0.9676730305631815
1,1,0.9517451324035978
1,1,0.9632650136717811
1,1,0.8029676335892462
1,1,0.7487272192569844
1,0,0.38171450731098255
1,1,0.8494988438573056
1,1,0.8585670304917289
1,1,0.9932275142561364
1,1,0.9732009549734825
1,1,0.9933270780832064
1,1,0.9806435742750412
1,1,0.9170031347709744
1,1,0.9893742118514947
1,1,0.8468389066576053
1,1,0.9181112134612144
1,1,0.975352593429543
1,1,0.8961822261982079
1,1,0.9547007929847257
1,1,0.8403644737030149
1,0,0.3132323723029841
1,1,0.8997859641570889
1,1,0.9141964213665639
1,1,0.9933283792450445
1,1,0.9144247321266451
1,1,0.8107676028157011
1,1,0.807162275778549
1,1,0.8656844670295332
1,1,0.8114535442613008
1,1,0.9569444158268545
1,1,0.7903398218772241
1,1,0.8952813817732783
1,1,0.9432593371236815
1,1,0.782031142794631
1,1,0.9140158729951502
1,1,0.9043289305272866
1,1,0.8625651467148198
1,1,0.8703906584123534
1,0,0.41734068032358773
1,1,0.8098484542047671
1,1,0.8546367606902774
1,1,0.5943983700670048
1,1,0.7705059248495082
1,1,0.9739670996488793
1,1,0.8496979958471036
1,1,0.9722361669356506
1,1,0.9601931071316442
1,1,0.9513450517003162
1,1,0.9870221046792943
1,1,0.8448577252586491
1,1,0.9823727311791889
1,1,0.9921145762689089
1,1,0.7486036346366877
1,1,0.8976864508692242
1,1,0.8312752520138005
1,1,0.9103873596248403
1,1,0.8728016206246458
1,1,0.7082175719657765
1,1,0.7968018581071157
1,1,0.9307934846791872
1,1,0.6586110746413608
1,1,0.8472501575934674
1,1,0.8186801296719965
1,1,0.9494942403248952
1,1,0.956588998949638
1,1,0.9289026746453691
1,1,0.7765951290346129
1,1,0.9605262631241731
1,1,0.8950789630158438
1,1,0.9479941943253702
1,1,0.9514688678283664
1,1,0.9643777225671529
1,1,0.9722361669356506
1,1,0.9219658809060222
1,1,0.9199977237290548
1,1,0.9929414697180674
1,1,0.8975250295707903
1,1,0.8220594582834778
1,1,0.9633724689846513
1,1,0.9847651989608684
1,1,0.8610765139547853
1,1,0.9551262665376481
1,1,0.9652131899197097
1,1,0.8003364174295019
1,1,0.9104423235600256
1,1,0.904890417998302
1,1,0.9525115810304263
1,1,0.7061718401780058
1,1,0.8667078069771978
1,1,0.9420621092342979
1,1,0.8426385463910616
1,1,0.878439741167555
1,1,0.920585961376803
1,1,0.8402416923377132
1,1,0.9621110677132041
0,0,0.06956477746519066
0,0,0.0515282003823239
0,0,0.11380971403939183
0,0,0.008534038695650066
0,1,0.8324273152867068
0,0,0.2589529105383436
0,0,0.058974544879690755
0,0,0.1374043767451112
0,0,0.2830494181075791
0,0,0.21416337607842761
0,0,0.19644710466973384
0,0,0.05283356422586507
0,0,0.10721670667309291
1,1,0.9392310788655239
0,0,0.029736932780777457
0,0,0.35270249987249436
0,0,0.014326677609707105
0,0,0.1185132055856508
0,0,0.23799556309215172
0,0,0.0851862215077255
1,1,0.8850062969149963
0,0,0.022083643441950677
0,0,0.01004450308774594
1,1,0.8431087603860481
0,0,0.03153782859497144
1,1,0.8960281772653982
0,0,0.1228013821130972
1,1,0.6404132318071382
0,0,0.10966741342853047
1,1,0.6550565735074075
0,0,0.039708637511827016
1,1,0.6877135296370597
0,0,0.006224763524685354
0,0,0.07087684587198327
0,0,0.015370322460438549
0,0,0.01326039124561391
1,1,0.9640556404685429
0,0,0.22528953978582514
0,0,0.022776366417801747
0,0,0.20279969257029334
0,0,0.12624705968630343
0,0,0.32585785746131024
0,0,0.07753015884477606
0,0,0.08411025423066221
0,0,0.033478997082667335
0,0,0.006208107712535548
0,0,0.1491499174907333
0,1,0.5825338221715024
0,0,0.01633824542527342
0,0,0.11241031110852821
0,0,0.0021022604487356024
0,0,0.05090471856088693
0,0,0.20401293604994794
0,0,0.34699918329698703
0,0,0.05667385771762172
0,0,0.08612271028550707
0,0,0.23739946584724986
0,0,0.1485529575609955
0,0,0.02310942491094871
0,0,0.03713929116353433
0,0,0.30732567466367156
0,0,0.27609252200978507
0,0,0.05224761572350014
0,0,0.08897017000770178
0,0,0.02338377050897488
0,0,0.29417581351434224
0,0,0.014568996292549192
0,0,0.08260322037691567
0,0,0.12267644756845218
0,0,0.10106367595655484
0,0,0.26278716860744994
0,0,0.01888607427268687
0,0,0.1957995334747538
0,0,0.012322486739659045
0,0,0.03359887866992397
0,0,0.040473911565949885
1,1,0.9844174924246426
0,0,0.0631356645366641
0,0,0.017866588623428187
0,0,0.04219898699208809
0,0,0.061689301026176764
0,0,0.010643874443822986
1,1,0.9136630591326199
0,0,0.015302262890515967
0,0,0.09695318806920881
0,0,0.02721113551359305
1,1,0.9192074314227057
0,0,0.274729757177428
0,0,0.016799716181751984
0,0,0.07057267248979858
0,0,0.1542105386557206
0,0,0.03431698448295355
0,0,0.14407201406108947
1,1,0.8361592040862581
0,0,0.015567849307015182
1,1,0.7778073848770487
0,1,0.5245550797821926
0,0,0.07202758721514049
0,0,0.018144433275971317
1,1,0.9733167060886542
1,1,0.7771384479908755
0,0,0.03830668443659802
0,0,0.059542565106262074
1,1,0.8416043436175492
1,1,0.9166467051826737
0,0,0.06417627889058622
1,1,0.5002109197173779
0,0,0.07268211049681304
0,0,0.17249888010296666
0,0,0.00961629552463557
0,0,0.03383052001095356
0,0,0.05648505576580147
0,0,0.0460846413822275
0,0,0.023493028828209448
0,0,0.003996537777340664
0,0,0.08888436069542095
0,0,0.08078682598547103
0,0,0.00956572820590689
0,0,0.05247062547012816
0,0,0.30343120125936
0,0,0.03214023212960694
0,0,0.09410174052511405
1,1,0.9470331177320923
0,0,0.014362351356398576
0,0,0.06299908187017135
0,0,0.22866109939015533
0,0,0.0688909140429365
0,0,0.171866164961018
0,0,0.03863159287371381
0,0,0.014448648337501844
1,1,0.7208307619752176
0,0,0.0464362375695369
0,0,0.03545042850969892
0,0,0.13701681474316854
0,0,0.10747234304080941
1,1,0.8959571952808472
0,0,0.2153798553636394
0,0,0.09211960140818186
0,0,0.06144812844028603
0,0,0.005721652810958596
0,0,0.03955767589888082
0,0,0.11116987988312275
1,1,0.8965272179965234
0,0,0.05255674589027361
1,1,0.8741640559046544
0,0,0.14226497088473206
1,1,0.9235336265053576
0,0,0.1842975590179902
1,1,0.9792154377172366
1,1,0.9455769364678304
0,0,0.008237435150674266
0,0,0.060829865600098995
1,1,0.9621519491184803
0,0,0.030981984521387784
0,0,0.029117333593817435
1,1,0.7662290580632796
0,0,0.013129724710549252
0,0,0.08633267019286849
0,0,0.1995489207783854
0,0,0.06844560962246167
0,0,0.08665716373297376
0,0,0.09210691494978496
1,1,0.8704875415749734
0,0,0.07164054515428046
0,0,0.013378568568354753
1,1,0.8445592285919686
1,1,0.9981878930652704
0,0,0.019206899136327782
0,0,0.13204506869069682
0,0,0.08625883363576178
0,0,0.016996923420216126
0,0,0.013792051977812619
0,0,0.09924616525015743
0,0,0.07740299159163747
0,0,0.009799938456522116
0,0,0.278008907856407
0,0,0.030898488961536793
0,0,0.161414976116774
0,0,0.058639125936414065
0,0,0.03296737374302766
0,0,0.15702948246326343
0,0,0.06961324862390265
0,0,0.059638997824535585
0,0,0.04565016373181342
0,0,0.023533094129741864
0,0,0.003432676589832291
0,0,0.2294775846560878
0,0,0.010816588163062276
0,0,0.04310532139648478
0,0,0.019203907377870408
0,0,0.05945926370515078
0,0,0.12044104340225342
0,0,0.024472277387491203
0,0,0.010719873696528675
0,0,0.17864825568782905
1,1,0.823213023640427
0,0,0.13848231966832483
0,0,0.0416713302246099
0,0,0.06470532759979294
1,1,0.8921050376580729
0,0,0.046428255108841486
0,0,0.034582563239854196
0,0,0.05436295292936773
1,1,0.865086359977272
0,0,0.008487357815522241
0,0,0.06420781048193144
1,1,0.9244904267097588
1,1,0.9695811051108796
0,0,0.4767181175758304
0,0,0.20182233566616364
0,0,0.06403073108376069
0,0,0.0039548678642357185
0,0,0.060976248782224
0,0,0.10894603964503653
1,1,0.6797514690659019
0,0,0.06567498523362221
0,0,0.033100295885376094
1,1,0.817429385413979
0,0,0.2036546623558259
0,0,0.028460074495721736
0,0,0.09708924651081138
0,0,0.10875218705795334
0,0,0.014668844151835917
0,0,0.027922833714263493
0,0,0.006722882690164435
1,1,0.9426717648752937
1,1,0.9376839293217408
0,0,0.006361420391082238
1,1,0.9770044345669414
0,0,0.04479240610000045
1,1,0.8789499708402903
0,0,0.27342438000227287
0,0,0.026563320131955566
0,0,0.003032082337010691
0,0,0.04482736783915307
0,0,0.04502643068900741
0,0,0.1515403906599398
0,0,0.028888597872991563
0,0,0.008847518164185254
0,1,0.5035716763955804
0,0,0.08284283287181703
0,0,0.01268770908801016
0,0,0.05488054579875911
0,0,0.019300698648070214
0,0,0.03253713849541582
0,0,0.10915275054854442
0,0,0.037725171897931016
0,0,0.043389824336230266
1,1,0.6069850694883535
1,1,0.9840160903200901
1,1,0.9073957105455598
0,0,0.06283216411402182
0,0,0.044591324958554134
0,0,0.008517634270025594
0,0,0.005860021623151954
1,1,0.9482041028423948
0,0,0.10501214907661133
0,0,0.039246628587253966
0,0,0.03378874766727106
1,1,0.7158169039237943
1,1,0.8587444603966218
0,0,0.009340367360338187
0,0,0.012687543641024139
0,0,0.09411928709755027
0,0,0.07479667110758388
0,0,0.13762100128127727
1,1,0.7330641273847891
0,0,0.10048490303706788
1,1,0.8292298038562093
0,0,0.07962180919751212
0,0,0.004464221738587116
0,0,0.02768152941560335
0,0,0.05144056749224629
1,1,0.8052576834609002
0,0,0.17129067521507965
0,0,0.015803059761518988
0,0,0.10204390113048672
1,1,0.8777575442380221
1,1,0.9192847983196496
0,0,0.032930737535380956
0,0,0.023614772220490587
0,0,0.0382847223792059
0,0,0.009386393929256196
0,0,0.027661477331858385
0,0,0.0731130087173221
0,0,0.06497476884871081
0,0,0.08703310561132382
0,0,0.022618934177126064
0,0,0.09814023926765811
0,0,0.05220897710574973
0,0,0.030600251835650242
0,0,0.02206615425303894
1,1,0.8040936710019155
0,0,0.08567693286912557
0,0,0.00837790929861356
0,0,0.010643347215154272
1,1,0.7973603124689113
1,1,0.882493548905218
0,0,0.04953839692164307
0,0,0.12119407042157387
0,0,0.04900582292224545
0,0,0.021585342202038102
0,0,0.07374930141031737
0,0,0.03906081798352712
0,0,0.009331160301208933
0,0,0.14632299648689875
1,1,0.9072421985802561
0,0,0.13035317879925837
0,0,0.10281083244296774
0,0,0.021771548928008862
0,0,0.11917576521136632
0,0,0.09153508961889682
1,1,0.7491401535839844
0,0,0.02998823892512384
0,0,0.016670758539755613
0,0,0.10548045341248727
0,0,0.13325397274892428
0,0,0.027952007224819216
0,0,0.20088378215123062
0,0,0.03924660850511051
0,0,0.29999726696630025
0,0,0.04757888765497913
0,0,0.03682381120548609
0,0,0.03247429096450833
0,0,0.05300866648259375
0,0,0.09702082629042807
0,0,0.048298801723641906
1,1,0.581477804044497
1,1,0.9489738974389148
0,0,0.040622175925566835
0,0,0.06313155809975196
1,1,0.9348573459926632
0,0,0.1504862447201566
1,1,0.7420998133858409
1,1,0.9435224512226266
0,0,0.057201435595806795
0,0,0.16552837696195832
0,0,0.01919883052347388
0,0,0.12760158885171852
1,1,0.8922077392344329
0,0,0.06543792214828101
1,1,0.9469666809858207
0,0,0.009846281419160533
0,0,0.055023821072115536
0,0,0.012315280153197173
0,0,0.017759248142934104
0,0,0.4314430998272299
1,1,0.729821582162482
0,0,0.00834322161299802
1,1,0.9798009016253075
0,0,0.02909132481072147
1,1,0.9721592703213657
0,0,0.11070795686334407
0,0,0.14235050427985052
0,0,0.1519660210238601
0,0,0.018965753266806034
1,1,0.9295197875363932
0,0,0.028450087519777466
0,0,0.049979735290650376
0,0,0.20694755632174044
0,0,0.009569491515989528
0,0,0.17147728020582528
0,0,0.009743353685253944
0,0,0.008016140839131955
0,0,0.005439647848970317
0,0,0.09503584582739782
0,0,0.09762090465390305
0,0,0.029811829010021274
0,0,0.04590496388067472
0,0,0.02106434218858063
0,0,0.030459305386765393
0,1,0.6468137018422866
0,0,0.0127522968551931
0,0,0.018216126304160127
0,0,0.028204505127089347
0,0,0.06292957534149371
0,0,0.02797608250580654
0,1,0.5167363431190558
0,0,0.3848630501824026
0,0,0.009821553186129359
0,0,0.049380241562723394
0,0,0.08518067591072642
0,0,0.028077240979956786
0,0,0.006187528149966267
0,0,0.2615661885272298
0,0,0.16239092068905764
0,0,0.008251917139868267
0,0,0.18846520919580625
0,0,0.19949656976931623
0,0,0.04969096071638355
1,1,0.908281664317672
1,0,0.46322774530099636
0,0,0.0994656161543263
0,0,0.059653409703280404
1,1,0.887016451278057
0,0,0.008648628067800687
0,0,0.009288176690293562
1,1,0.8826333851159535
0,0,0.16574299167908824
0,0,0.04223009059859704
0,0,0.00930506574032952
0,0,0.020037635255145406
0,0,0.010584699397764886
0,0,0.05115721766062246
0,0,0.3923177468629138
0,0,0.05310647713494953
0,1,0.602957208093879
0,0,0.0077992811382841375
1,1,0.7815095706345921
0,0,0.17191055678616932
1,1,0.9611610434631672
0,0,0.048064862936811725
0,0,0.03567959365328087
1,1,0.6004615946910481
0,0,0.2457942167515371
0,0,0.27747250402359175
1,1,0.9766829862653879
0,0,0.11371595630363686
1,1,0.9320541646995021
0,0,0.03039702300988032
0,0,0.06902728748896067
0,0,0.14024749375284234
0,0,0.09257798156468117
0,0,0.05258634070387797
0,0,0.01876634144094483
0,0,0.12327568091037243
0,0,0.03154554595977456
0,0,0.07632826927402252
0,0,0.09528885252555819
0,0,0.04333492135106512
0,0,0.019008478672695565
0,0,0.008723378721800575
0,0,0.048133928526487284
0,0,0.029784639996147562
0,0,0.15218058230214884
0,0,0.04014626616183005
0,0,0.014266187342457284
0,0,0.29100838232721343
0,0,0.17203031697423443
0,0,0.10756282527510355
0,0,0.04855453876932473
0,0,0.08345498285838032
0,0,0.06694834830709673
0,0,0.03460022921146897
0,0,0.15273274834063333
0,0,0.17836592803226056
1,1,0.9247940716275609
1,1,0.9502941333038107
0,0,0.0875092565052024
0,0,0.01848126866524641
0,0,0.10642546471866282
0,0,0.025181562854843097
1,1,0.9192074314227057
0,0,0.0028322921221310814
0,0,0.01896664711867174
0,0,0.3370474305666496
0,0,0.2759176970754738
0,0,0.03153265374564797
1,1,0.6475654656392184
1,1,0.9676872974187553
1,1,0.8456685365093151
0,0,0.07082256914001663
0,0,0.1562608716908613
0,0,0.11243919663558159
0,0,0.025465756793647515
0,0,0.004403231157549719
0,0,0.015982300802721207
0,0,0.023317352123823853
0,0,0.014347773697582064
0,0,0.006065908383660171
0,0,0.10049144038779755
0,0,0.03947608562259051
0,0,0.01351282960490832
0,0,0.004623523353805467
0,0,0.20495095827160342
0,0,0.04567683298959038
0,0,0.36109557513072255
0,0,0.03122313361414958
0,0,0.029266614874027402
0,0,0.14650324171087548
0,0,0.02345585337315947
0,0,0.11753077376081514
0,0,0.03299764839546557
1,1,0.8621965325013036
0,0,0.2526895230051621
0,0,0.02159003544602396
0,0,0.037949814287068395
0,0,0.025431359507915155
0,0,0.04038752356526136
1,1,0.8989209225218756
1,1,0.8953131986036376
0,0,0.07778155213619757
0,0,0.17187302589188294
1,1,0.6657390765990797
0,0,0.014735025031831888
0,0,0.18516058799390847
0,0,0.05859833835865502
1,1,0.9828008289013412
1,1,0.9667294952719178
0,0,0.04955880645498182
1,1,0.9191806382735056
0,0,0.03207269347145507
0,0,0.03653258796003541
0,0,0.050137389058909916
0,0,0.01891380502761611
0,0,0.018340319054306452
0,0,0.07058905725928008
0,0,0.0037527288191826504
0,0,0.0679642365637525
0,0,0.09583408144773836
0,0,0.4204889652750768
0,0,0.05480331052884656
0,0,0.12735202944524163
0,0,0.039417448657013236
1,1,0.8621866289732597
0,1,0.6238569492410369
0,0,0.006646723322670481
0,0,0.1039250555311153
0,0,0.034211062425623655
0,0,0.004883026194965766
0,0,0.10121964817281918
0,0,0.24567454762820592
0,0,0.01867073808485654
0,0,0.08566437163134905
0,0,0.018416104508879035
0,0,0.040700338879170204
0,0,0.0068567991339942005
0,0,0.07583170660317506
0,0,0.16895328464173778
0,0,0.06643636439865343
1,1,0.8171946283271114
1,1,0.8986739757832415
0,0,0.11463434336673703
0,0,0.0786107682534639
0,0,0.04586661959513091
1,1,0.9124881806263754
0,0,0.19327902915257175
0,1,0.5008819412024369
0,0,0.2568208732192742
0,1,0.5905468366256102
1,1,0.8682730248369899
0,0,0.02380870705892709
0,0,0.09130517731366426
0,0,0.06804419991040213
1,1,0.8877184687835776
0,0,0.4568230163634836
0,0,0.12050046514856474
0,0,0.019052912665725515
0,0,0.12169427042458486
0,0,0.08799765002424573
0,0,0.003104468681644338
0,0,0.02440987954574798
0,0,0.03709756290559699
0,1,0.5458373986351339
0,0,0.14410768532649665
0,0,0.006125674131814612
0,0,0.032106415072472985
0,0,0.046379624322967765
0,0,0.03962406859637876
0,0,0.1061845797563024
0,0,0.4516835837956141
0,0,0.06292596249653397
0,0,0.08372130653912584
1,1,0.8517817741316495
1,1,0.8566747217473691
0,0,0.06226793230911153
0,0,0.09608547970936626
1,1,0.9011656683622956
0,0,0.11296231903906852
0,0,0.048506372006244525
0,0,0.4522780714500697
1,1,0.9468480546216067
0,0,0.10614364860504868
0,0,0.20168521087967148
0,0,0.12423900699466
0,0,0.04547638505569408
0,0,0.02177804247874773
0,0,0.01815135297687981
1,0,0.20374418195752772
1,0,0.42556573773354733
1,1,0.9031532812509295
1,1,0.9958879770157304
0,0,0.12607500330800522
1,1,0.8106177443012277
1,1,0.9455130827148158
0,0,0.10013269780780192
1,1,0.9187021566910626
1,1,0.6841004758133796
0,0,0.19005728344558281
0,0,0.03827348772897974
0,0,0.03073619846283497
0,0,0.25008581017215964
0,0,0.01647955977843885
1,1,0.9892478311531188
1,1,0.9846980069631166
1,1,0.9465524458731385
0,0,0.05983790463636666
1,1,0.9572997338763013
1,1,0.9590918999742912
1,1,0.9664686270575417
1,1,0.876635090841024
1,1,0.991053026953138
1,1,0.9596482846511577
0,0,0.01507853566940511
1,1,0.9538450097596329
1,1,0.9913036989102579
0,0,0.03472450196730132
0,0,0.007476006805860294
0,0,0.12744960512688538
0,0,0.01744219536765476
0,0,0.025660321176863964
0,0,0.02552094933174779
0,0,0.35136649171006495
1,1,0.8942974497027089
0,0,0.12737307288263722
1,1,0.9902456951516406
1,1,0.9903727667019695
1,1,0.9760550017243058
1,1,0.9269457157642087
0,0,0.02917509954574257
0,0,0.06964140542337556
0,0,0.03190913261935161
0,0,0.023781190666075546
0,0,0.011552587122103972
1,1,0.9902456951516406
0,0,0.12504576928426955
1,1,0.9721856325318937
1,1,0.9908266737939316
1,1,0.9912436724694473
1,1,0.9896411898933469
1,1,0.9896411898933469
1,1,0.9902340273484178
1,1,0.9896411898933469
1,1,0.9553589230651547
0,0,0.14880267147665863
0,0,0.33205982370312076
1,1,0.9902340273484178
0,1,0.586985124916347
1,1,0.9512721966166656
0,0,0.32740807097714536
1,1,0.9896411898933469
0,0,0.12716858926707383
1,1,0.9902456951516406
1,1,0.8679630722801056
1,1,0.9902340273484178
1,1,0.9912436724694473
1,1,0.991258147911288
0,0,0.0403979833313154
1,1,0.9570536548396278
1,1,0.9907236519689203
1,1,0.932856864394941
1,1,0.9912436724694473
0,0,0.07782656807843435
0,0,0.10244033225435015
0,0,0.08213186170095171
1,1,0.9890829157388981
1,1,0.9892478311531188
1,1,0.914877817541379
0,0,0.035836516853151215
1,1,0.8234026551755019
0,0,0.2668761000174834
0,0,0.0481275395468077
1,1,0.9896411898933469
1,1,0.9023530153892166
0,0,0.034358155278113485
1,1,0.9896411898933469
0,0,0.037461087245640096
0,0,0.055711670096243504
0,0,0.024982631978917723
0,0,0.019551007669276255
1,1,0.9912436724694473
0,0,0.02107808839898936
1,1,0.9734890461185807
1,1,0.942583777845555
1,1,0.9890829157388981
1,1,0.7045299308957838
1,1,0.9912436724694473
1,1,0.991258147911288
1,1,0.9912436724694473
1,1,0.9597800289560352
0,0,0.3678260256940232
0,0,0.041230400720297676
0,0,0.052179059096447954
0,0,0.06034223853144779
1,1,0.9648248545341828
1,1,0.9277632838219636
1,1,0.9551198004190092
1,1,0.9867824956231135
0,0,0.01208890379796888
1,1,0.9523950999925971
0,0,0.003928152912789502
1,1,0.9907262130103847
1,1,0.9902456951516406
0,0,0.10450397166231853
1,1,0.9580394231614673
0,0,0.03746428453868263
1,1,0.9758013927386302
0,0,0.06896295361924398
0,0,0.037758137102642766
1,1,0.933085737689225
0,0,0.0906061984925557
1,1,0.9912436724694473
1,1,0.9319916359135217
0,0,0.043225549121569444
1,1,0.9902456951516406
0,0,0.10304092435818749
0,0,0.20354399292546022
0,0,0.02836540670181339
0,0,0.07960070501477078
1,1,0.513418992506988
1,1,0.9912436724694473
1,1,0.9825239193329087
0,0,0.02790718551683947
1,1,0.9118239715916036
1,1,0.9896411898933469
0,0,0.03459899271017836
1,1,0.9251276874226881
0,1,0.8758430141238905
1,1,0.8369378571524803
1,1,0.9892478311531188
1,1,0.9902779001534722
0,0,0.07167130567592718
0,0,0.19609588456099725
1,1,0.9912436724694473
1,1,0.9902456951516406
1,1,0.9890077638346989
0,0,0.008841085802555078
0,0,0.32967773770869474
1,1,0.9902340273484178
1,1,0.9913036989102579
0,0,0.12170941739236499
0,0,0.12269477216245543
1,1,0.8980723493513476
1,1,0.8798320724783361
1,1,0.9912436724694473
1,1,0.9912436724694473
0,0,0.07482973761572001
1,1,0.9111051051820827
1,1,0.9912436724694473
0,0,0.4747991384114414
0,0,0.1252516418276152
0,0,0.43280638368066104
0,0,0.13201527043345143
1,1,0.9912436724694473
1,1,0.9896411898933469
1,1,0.971553449626317
1,1,0.9912436724694473
1,1,0.6006905110565841
1,1,0.9912436724694473
1,1,0.9912436724694473
1,1,0.9896411898933469
1,1,0.9902456951516406
0,0,0.034649269761673214
1,1,0.9900675365448555
0,0,0.013196949509454223
1,1,0.9912436724694473
1,1,0.9528489943502106
1,1,0.9902456951516406
0,0,0.15221029322327956
0,0,0.06562254053946506
1,1,0.8795384913321079
1,1,0.9912436724694473
0,0,0.010455696417910297
1,1,0.7414300384038808
1,1,0.965049365980036
0,0,0.005938450073596009
1,1,0.9634424258229225
0,0,0.02486068614947835
0,0,0.03744348923350081
0,0,0.12876405853917872
0,0,0.00752498255924915
1,1,0.9782868055051572
0,0,0.025337809146675935
0,0,0.2868631118686042
1,1,0.9912436724694473
0,0,0.09463729998477516
0,0,0.01018667736748657
0,0,0.17139559411557193
1,1,0.9908266737939316
1,1,0.8672958692547474
0,0,0.1334735347525634
0,0,0.021279018092012953
1,1,0.9798833047975858
0,0,0.17942872846518837
1,1,0.9875340069520689
1,1,0.8865095519103398
1,1,0.7422786036962226
1,1,0.9433018045451659
1,1,0.9902456951516406
1,1,0.9578399311245992
0,0,0.38947928666960996
1,1,0.9896411898933469
1,1,0.993954800547141
1,1,0.9963482007379459
1,1,0.9896411898933469
1,1,0.9912436724694473
0,0,0.020015413323230435
1,1,0.9739889036390774
0,0,0.12868812960661846
0,0,0.02015032888067799
1,1,0.9892478311531188
0,0,0.25541930036145105
1,1,0.9896411898933469
0,0,0.025615460683320334
1,1,0.970183428991042
0,0,0.028342476389314475
0,0,0.03593075217912255
1,1,0.991258147911288
0,0,0.12142557250258973
1,1,0.9668776518521339
1,1,0.9892478311531188
1,1,0.9662180760468384
1,1,0.9902340273484178
0,0,0.030767004260972244
1,1,0.9902456951516406
1,1,0.9791692677162787
0,0,0.010889139497193612
0,0,0.04830027441828273
0,0,0.23044391672208103
1,1,0.9868461768964687
1,1,0.9912436724694473
0,0,0.04894876192628497
0,0,0.06885809206129331
1,1,0.9710573972523069
1,1,0.9328180256934726
0,0,0.03591484213193242
1,1,0.9845749469459484
1,1,0.9852280318034258
1,1,0.991258147911288
0,0,0.06227681092938701
0,0,0.11706780421666603
1,1,0.9254592839555993
1,1,0.9902340273484178
1,1,0.992470065708809
1,1,0.9941400899171148
1,1,0.9763361998713531
1,1,0.9526784383840702
1,1,0.9401030252738021
1,1,0.9912436724694473
0,0,0.05136324850766069
0,0,0.04895110567097381
0,0,0.01028300899724649
0,0,0.0021266570698285194
1,1,0.932547240732165
1,1,0.9666542200234018
1,1,0.9718675529447683
1,1,0.9902456951516406
0,0,0.03303727548823653
1,1,0.9916126698657062
0,0,0.31813329355244857
1,1,0.9896411898933469
0,0,0.041782564264614026
0,0,0.022345479452761555
1,1,0.9796506619017211
1,1,0.9913905595057888
0,0,0.04645823829102047
1,1,0.9738391493945521
1,1,0.8933173137176065
1,1,0.9282076408265653
0,0,0.040406646878172026
0,0,0.020812992215180917
1,1,0.9902456951516406
0,0,0.036012577703133056
1,1,0.984733040884944
1,1,0.9690822523739803
0,0,0.11140675280308793
0,0,0.016353770831639962
0,0,0.2066969051956686
1,1,0.9817796875681866
0,0,0.0365878355345691
1,1,0.9212352088694707
1,1,0.986059900829427
1,1,0.7024030535506741
0,0,0.06055980194122317
0,0,0.30060294145640165
1,1,0.9384604141302377
1,1,0.9284257849404385
1,1,0.9231673479671005
1,1,0.9831737894858118
0,0,0.01766559965164758
1,1,0.991258147911288
1,1,0.9938868047972995
1,1,0.991258147911288
1,1,0.9510158861678817
1,1,0.9910702364461708
0,0,0.02239005367072855
0,0,0.00382211810438261
0,0,0.027952949499643016
0,0,0.1487013732426769
1,1,0.991258147911288
0,0,0.04430871233718581
1,1,0.9620627067106268
0,0,0.07232023826214735
1,1,0.9649100767157441
0,0,0.09098858998994448
1,1,0.9028104835310263
1,1,0.992163711568509
1,1,0.9612293762605106
0,0,0.17813525601273195
0,0,0.02687548189838685
0,0,0.07068544150201425
1,1,0.9502043449183708
1,1,0.9642679613984395
0,0,0.029909154302631684
1,1,0.988306422397017
0,0,0.004121515135234761
0,0,0.36152020024806536
1,1,0.9407814124358105
1,1,0.9876775521161345
0,0,0.08075885926143503
1,1,0.9625285998633802
1,1,0.9654449162123653
1,1,0.9734194865327882
0,0,0.2236911775684748
0,0,0.05717850970451337
1,1,0.986138316256956
1,1,0.8297462967985851
1,1,0.9141614311151093
0,0,0.30133678995409463
1,1,0.983946668911875
0,0,0.20722903793806505
1,1,0.9892478311531188
0,0,0.10393304832522436
1,1,0.9508837314655654
0,0,0.015526503328339434
0,0,0.005803904012567492
1,1,0.868428013641446
1,1,0.9912883883665571
1,1,0.9427204714391199
0,0,0.13566650039788675
1,1,0.8230363888481685
0,0,0.11964391058676183
1,1,0.9775450904663767
1,1,0.9797308242746191
1,1,0.9418348118012195
0,0,0.028850101977176634
1,1,0.8996237134735884
1,1,0.9802374025130455
1,1,0.9902340273484178
1,1,0.8537222920953009
0,0,0.26945100345392087
1,1,0.9892478311531188
1,1,0.9815096532425924
1,1,0.9913036989102579
0,0,0.031021120230359366
1,1,0.9892478311531188
1,1,0.9887407043985484
1,1,0.9345628267502094
1,1,0.9576690815715305
1,1,0.9902456951516406
0,0,0.2672889766821468
1,1,0.9963193685493248
0,0,0.03756709958942137
1,1,0.9817045428674184
0,1,0.6083423887926438
1,1,0.9848585983239512
0,0,0.08489071094605535
0,0,0.1128863439345418
0,0,0.06757017803211371
1,1,0.9896411898933469
1,1,0.9629290633801098
0,0,0.0198890468476711
0,0,0.20701697515619963
1,1,0.9866054273874887
0,0,0.0042431076082276335
1,1,0.9920559530357346
1,1,0.8937315142094265
0,1,0.627583302703791
1,1,0.9952869571306029
1,1,0.9896411898933469
0,0,0.170516178087084
0,0,0.024668119810073354
0,0,0.012872251853982957
0,0,0.00889202638924733
1,1,0.9912436724694473
1,1,0.991258147911288
1,1,0.9716472961149126
1,1,0.9754945801625238
1,1,0.9913592458081724
1,1,0.9871953443213771
1,1,0.9079376065456619
0,0,0.13616362291132555
1,1,0.9184436808970968
1,1,0.9781066308885885
1,1,0.9706223882023849
0,1,0.8552712799731021
1,1,0.9751515357578938
1,1,0.9691267567528851
0,0,0.01847972880000667
0,0,0.039300431601796436
1,1,0.9874708806958088
0,0,0.07034199721006908
0,1,0.5372187194820838
0,0,0.059336311353811275
0,0,0.024834542246989846
1,1,0.9892478311531188
1,1,0.9896411898933469
1,1,0.9902340273484178
0,0,0.14803168736662062
0,0,0.43577618628704984
0,0,0.17017199747700273
1,1,0.9579205577889637
0,0,0.12209321013722123
1,1,0.9734438295230841
1,1,0.9311309211774006
1,1,0.9184377787741178
1,1,0.963167666307778
1,1,0.9385390627115808
0,0,0.0023162823178193527
1,1,0.9648773808210572
0,0,0.014580828939366287
0,0,0.12764457867445397
1,1,0.9447185575733843
1,1,0.9639493725575997
1,1,0.9163005196864192
0,1,0.5111587769263195
0,0,0.04210598975461554
1,1,0.9728726131651334
0,0,0.15643112307891233
0,0,0.3275293797241243
0,0,0.3943556436842014
1,1,0.9902456951516406
0,0,0.029853328330852556
1,1,0.9912436724694473
1,1,0.9865507677003685
0,0,0.008102856625376145
0,0,0.04437696072578415
0,0,0.2637576449178485
1,1,0.9896411898933469
0,0,0.15511225192316383
0,0,0.36720593117801464
0,0,0.10369390474483153
1,1,0.9742160953999213
0,0,0.0030755314653819433
0,0,0.49676530128127133
1,1,0.9913036989102579
1,1,0.9912436724694473
1,1,0.8959615731315457
1,1,0.9130862170367262
1,1,0.9912436724694473
1,1,0.9902340273484178
1,1,0.9902340273484178
1,1,0.9622713299627322
1,1,0.7726109121613915
0,0,0.13296274787889448
0,1,0.5061456518486849
1,1,0.964587272553835
1,1,0.9908266737939316
0,0,0.034579895602823554
1,1,0.9912436724694473
0,1,0.7327083674556649
1,1,0.9891056978730381
0,0,0.15439559826843433
0,0,0.1853790304204739
0,0,0.26529335647814
1,1,0.9912436724694473
1,1,0.9896411898933469
1,1,0.9912436724694473
0,0,0.0217700038267247
0,0,0.04861787082436099
0,0,0.034579895602823554
0,0,0.114518774425864
1,1,0.9912436724694473
1,1,0.9814847850543055
0,0,0.0035608230442702453
1,1,0.9671290890749157
1,1,0.9946630964060896
0,0,0.024624438563068504
0,0,0.010569773549958986
0,0,0.1781669306177875
0,1,0.8104827380979908
1,1,0.9902340273484178
0,0,0.004798658966248815
0,0,0.031993802721439896
1,1,0.9574536929987144
1,1,0.9896411898933469
0,0,0.05712047161714482
0,0,0.0234231473255682
0,0,0.0866762874556822
0,0,0.16374184953106705
1,1,0.9908382755895865
0,0,0.047455308835387226
1,1,0.9372018824023958
1,1,0.9902456951516406
1,1,0.9902340273484178
1,1,0.9896411898933469
1,1,0.9209372412879511
0,0,0.21495142308105677
0,0,0.00665318490854794
1,1,0.9572858836784762
0,0,0.024680207670548945
1,1,0.9890829157388981
1,1,0.9796215921830268
0,0,0.08766788483131102
1,1,0.9695355489003459
1,1,0.9603914711012121
1,1,0.9912436724694473
0,0,0.044562837498142466
0,0,0.014154690032792447
0,0,0.0706695750710059
1,1,0.9663354288953098
1,1,0.9902456951516406
0,0,0.4026761592412825
1,1,0.9896411898933469
1,1,0.9636138200534732
0,0,0.02687056459673143
0,0,0.0025687980086712804
0,0,0.013812370612049735
1,1,0.9902456951516406
0,0,0.023468731569625974
1,1,0.9892478311531188
1,1,0.9365986990473524
1,1,0.8656280873794899
1,1,0.9892478311531188
1,1,0.965410827469735
0,0,0.10984998365554736
0,0,0.22219700756775443
0,0,0.046166794918849265
1,1,0.9896411898933469
1,1,0.9896411898933469
1,1,0.9896411898933469
0,0,0.0343945059602979
0,1,0.6831589953771223
0,0,0.21946119250493423
1,1,0.9809855070508411
0,0,0.020130437328850774
1,1,0.9736085737553767
1,1,0.9902456951516406
0,0,0.03507326305844434
1,1,0.9362126405372893
0,0,0.06530736542938939
1,1,0.991258147911288
1,1,0.938874097046952
0,1,0.5272092466736891
0,0,0.05955967416267679
0,0,0.16620426699173727
1,1,0.9743843747033732
1,1,0.9719152862354442
0,0,0.3565484091500499
1,1,0.9758665442070901
1,1,0.943590226561996
1,1,0.9908266737939316
0,0,0.031509344425310615
0,0,0.03649776837637505
0,0,0.02108143875903766
0,0,0.017067726757055417
1,1,0.9617593929666872
0,0,0.046267693464181685
0,0,0.14044322194196499
0,0,0.033884900959224425
1,1,0.9912436724694473
0,0,0.010360634509068099
0,0,0.0326284509010126
0,0,0.04086257623744569
1,1,0.9076539703987023
1,1,0.9902456951516406
0,0,0.02446392880734602
1,1,0.9833978377147748
1,1,0.9902456951516406
0,0,0.016846694180107036
1,1,0.9399525119634435
0,0,0.06907919068987094
1,1,0.9722187569358723
0,0,0.14785554004380014
0,0,0.05476626584471668
0,0,0.011305059444292085
0,0,0.03351803727115248
0,1,0.5083770947978352
0,1,0.5911487217148235
0,0,0.10857246594291868
1,1,0.991258147911288
1,1,0.93489678573008
0,1,0.8519716577942845
1,1,0.9650587557925362
1,1,0.9896411898933469
0,0,0.008707082064992171
0,0,0.01886494969412703
0,0,0.09611200690229739
1,1,0.9474275006425453
0,0,0.0030833776918747936
0,0,0.0736583771524107
1,1,0.9717700929825738
0,0,0.1431455271585974
0,0,0.026413793988135804
0,0,0.03605936441831132
0,0,0.014182774850458081
0,0,0.03620954476787457
0,0,0.013587482246221865
1,1,0.824530296606207
1,1,0.9363624580659666
0,0,0.009643184303634632
0,0,0.19430800316051206
1,1,0.9892478311531188
0,0,0.01796445964415775
0,0,0.17020098338319378
1,1,0.9912436724694473
1,1,0.9912436724694473
0,0,0.05305611708719709
1,1,0.97108627605823
0,0,0.017949447696572463
0,0,0.03660618829922948
0,0,0.03967353997766781
1,1,0.9700575267605736
0,0,0.27647661894236025
0,0,0.1049101140406987
0,0,0.4076455814057496
1,1,0.9858027461851815
0,0,0.27719961403951804
0,0,0.12350427754061913
1,1,0.7975435035770305
1,1,0.9290890452969588
0,0,0.2341248526608638
0,1,0.7270832877015263
1,1,0.9758791703782819
0,0,0.013287097670999644
1,1,0.9668074705064879
0,0,0.09700972326269353
0,0,0.03366994050544163
0,0,0.12864396794964728
1,1,0.9729537919209512
1,1,0.9752876737451246
1,1,0.8681476051218732
0,0,0.13712436277111906
0,0,0.043667660607985825
0,0,0.043027422789258855
0,0,0.06773119053675662
0,0,0.10908087690829536
1,1,0.9375433580805024
0,1,0.504236875417212
0,0,0.02135539232677575
0,0,0.23589553076670175
0,0,0.0033207239560411766
1,1,0.9172012923841927
0,0,0.01710024901042513
1,1,0.8511497770089048
1,1,0.815902345664361
1,1,0.7905834388645776
1,1,0.9767323288464989
1,1,0.9583816529141777
1,1,0.9912436724694473
0,0,0.04214924287581082
1,1,0.9227056301618279
1,1,0.9656452577965144
1,1,0.9303741628282337
1,1,0.9835242703942282
1,1,0.9694177773465799
1,1,0.9524390056578083
1,1,0.9500605134329002
0,0,0.024039838030224896
1,1,0.9661555123216375
1,1,0.9934676690492513
0,0,0.030057395951479635
0,1,0.5401040813307433
1,1,0.9751263859297428
0,0,0.01660760115438552
1,1,0.9515132272506155
0,0,0.05352916970816667
0,0,0.005085908294911514
1,1,0.9136034332014882
1,1,0.8963433121965966
1,1,0.9642418273880393
0,0,0.46203124369419246
0,0,0.0013500626033209246
1,1,0.9896411898933469
0,0,0.06811300751920937
1,1,0.983773370176904
1,1,0.9938077976271077
1,1,0.9308182734463133
0,0,0.4017189385000438
0,0,0.009707415172011596
1,1,0.9636486962297791
1,1,0.9348169741581172
1,1,0.991258147911288
0,0,0.2442833857026987
1,1,0.9907236519689203
1,1,0.9160047792983296
0,0,0.0564026116538669
1,1,0.9214464100590462
0,0,0.007300584834682818
0,0,0.015847706117117114
0,0,0.3199362418841676
1,1,0.9439026197633968
0,0,0.009119235341638878
1,1,0.9909159953186578
0,0,0.022464725328270853
0,0,7.317363461783705e-05
1,1,0.9650094796776099
1,1,0.9821852296843799
0,0,0.02892423689648185
1,1,0.8887552977529873
0,0,0.01849791446024615
0,0,0.3634174194021641
1,1,0.9205649161682845
1,1,0.8010057136056725
1,1,0.9247359164913845
0,0,0.012620606051257163
0,0,0.05659591334008119
0,0,0.012531194987403124
1,1,0.9665582341182083
0,0,0.18809819260709834
0,0,0.0029710986180720967
0,0,0.08367101302601707
0,0,0.024623333247561725
1,1,0.9814133388969627
1,1,0.9815194431564453
1,1,0.9799827021719577
0,1,0.8195493936248284
1,1,0.8922952418453044
1,1,0.9907278406926342
1,1,0.992163711568509
1,1,0.9076950223606971
1,1,0.9535359402503653
1,1,0.969490420792466
0,0,0.06798743283969201
1,1,0.9798357083431857
1,1,0.9798800680661857
1,1,0.9138080259827777
0,0,0.01711865672456495
0,0,0.0549374211655398
0,0,0.0015618456560982038
0,0,0.016388108546804923
1,1,0.9892478311531188
0,0,0.017583764349080145
1,1,0.9683607743490723
1,1,0.9789691404344847
0,0,0.13176074506666197
0,0,0.02452672095050148
0,0,0.06886116535819074
0,0,0.150765931844385
1,1,0.9595714556180603
0,0,0.022687397530094217
0,0,0.07782355583921334
1,1,0.9894051094307753
1,1,0.9693562077725888
1,1,0.963039944066533
0,0,0.011064280463719095
1,1,0.9790857417404119
1,1,0.7900458483112038
1,1,0.9404965111582396
0,0,0.16657078529108393
1,1,0.956228841380265
1,1,0.9692761212820391
1,1,0.9733783867154133
1,1,0.9652850476895728
1,1,0.9862399016395876
1,1,0.9733246609986475
1,1,0.7123356365345853
1,1,0.9091349261349186
1,1,0.9891982106168428
0,0,0.09526309766590192
1,1,0.9703102298657134
0,0,0.07205579922324098
1,1,0.969281296719596
1,1,0.9507062682024439
1,1,0.9494978221743394
1,1,0.9629880013469633
0,0,0.16078769079182134
1,1,0.9902456951516406
1,1,0.9881088007766612
1,1,0.9645636205619642
0,0,0.013781614633065006
0,1,0.6600603456074108
0,0,0.01889147809855168
1,1,0.9638600924306623
1,1,0.9632547510063437
1,1,0.9845001140078756
1,1,0.8180791228677323
0,0,0.03285377094486367
1,1,0.9682888497003272
1,1,0.9790150357026717
1,1,0.8886672037241642
1,1,0.892287309479706
0,0,0.07109366997445297
1,1,0.9640101819071552
1,1,0.7193744749326622
1,1,0.8802638116200318
1,1,0.9688792944479261
1,1,0.9746983151968791
0,0,0.08034784395106921
1,1,0.9902456951516406
1,1,0.9913036989102579
0,0,0.009339745420085543
1,1,0.8699855146970097
0,1,0.748970068850247
1,1,0.934227602837948
0,1,0.5859234865854385
1,1,0.9630653825350575
1,1,0.964827491278495
1,1,0.9813704804802484
0,0,0.041543382220816154
1,1,0.9744678026240885
1,1,0.9241669725022482
1,1,0.9636477914926689
0,0,0.004441762828319187
0,0,0.106012678177467
0,0,0.05378690196855784
1,1,0.961185885715589
1,1,0.967140703249056
1,1,0.9708389951482105
1,1,0.9856629307159668
1,1,0.9616166123719222
0,0,0.005964794757903252
0,0,0.21251662576307762
1,1,0.9001421039940624
1,1,0.992163711568509
0,0,0.05606983503752452
1,1,0.974204956262721
0,0,0.034442108674196246
0,0,0.0016175473884314495
0,0,0.02023964651685279
1,1,0.9902245164028262
1,1,0.9681214632011201
1,1,0.9762049600471114
1,1,0.9679241965104289
1,1,0.992163711568509
0,0,0.013115880029746476
0,0,0.27350873313979684
1,1,0.9723684521892263
1,1,0.8309003802984748
1,1,0.9898092493618392
1,1,0.9641981803485735
0,0,0.056262620936504325
1,1,0.992163711568509
1,1,0.9874168832331643
1,1,0.9827917009087968
1,1,0.9566298591005096
0,0,0.010787305582084997
0,0,0.04186117062394986
0,0,0.004337849033306978
1,1,0.9912436724694473
1,1,0.9801608019918935
1,1,0.9768993508519686
0,0,0.005264330043242963
1,1,0.9902456951516406
0,0,0.04775062986383162
1,1,0.9711748591349555
1,1,0.9896411898933469
0,0,0.10165320968793945
1,1,0.9374576658515754
0,0,0.04876909919782453
0,0,0.02769601613462753
0,0,0.023536225816169806
1,1,0.9916896197027386
1,1,0.7134423810356525
0,0,0.06576512856000076
1,1,0.9896411898933469
0,0,0.09936449637450354
1,1,0.8834380085038824
1,1,0.8454994439195003
1,1,0.9896411898933469
0,0,0.3448436773749187
1,1,0.9926674535454917
0,0,0.07523935268730529
1,1,0.9917545335277608
1,1,0.9896411898933469
1,1,0.9515525093341831
1,1,0.992163711568509
0,0,0.02066317491271447
1,1,0.9700146720068626
1,1,0.8985508395883185
1,1,0.9654722209240212
1,1,0.8427473014949536
1,1,0.9825787914563138
1,1,0.9932633030440702
1,1,0.9902245164028262
1,1,0.9075573172365747
0,0,0.10221926672866415
1,1,0.9288393616922315
1,1,0.9591709607415584
1,1,0.9216389210079268
1,1,0.9711508037699325
1,1,0.9735935554451336
1,1,0.9638297920477485
1,1,0.9611936696082528
1,1,0.992163711568509
1,1,0.8788935576708747
0,0,0.2150183860971337
0,0,0.04715602357026516
1,1,0.9676774323012025
0,0,0.05546131343227777
0,0,0.21266775866298773
0,0,0.07570189636116935
1,1,0.9799558627463956
0,0,0.05609271361268335
1,1,0.8377188809466999
0,0,0.1014482126284095
1,1,0.9580452500674498
1,1,0.9624492913160679
1,1,0.9777696370527854
1,1,0.9740258435664952
0,0,0.027136646468862984
1,1,0.9823945273678247
0,0,0.0571607584776876
0,0,0.04555025616223184
0,0,0.04561709605741961
1,1,0.8335911256760427
0,0,0.005757296202832293
1,1,0.9690900684793043
1,1,0.9127352769136855
0,0,0.0357431505709097
1,1,0.975804105714602
1,1,0.9600803424242222
0,0,0.07767208095306814
0,0,0.025036876285921186
1,1,0.9638193876856709
0,0,0.02968345268136635
1,1,0.7319782436980222
1,1,0.9927551941815371
1,1,0.9606011017691644
0,0,0.018515243577280894
1,1,0.9700153811007198
0,0,0.08995329302706558
0,0,0.02678106485128918
1,1,0.989827515198161
1,1,0.9252591722876173
1,1,0.9867751922316678
0,0,0.07752220128074658
0,0,0.05709180387667287
1,1,0.9626581936422853
1,1,0.987453765710804
1,1,0.9585746234122522
0,0,0.06384831027392882
0,0,0.005662869782901115
1,1,0.9676173276193858
1,1,0.980755677669965
1,1,0.8887552977529873
1,1,0.9515401659924992
1,1,0.8610873572003405
1,1,0.9702236915476334
0,0,0.10051021196989646
1,1,0.9835557499836226
0,0,0.1924169274129684
1,1,0.9829753435249949
1,1,0.9902456951516406
1,1,0.8420482019447519
0,0,0.024122796987191122
0,0,0.06504248198772676
0,0,0.05976507343122838
0,0,0.09791871427298152
1,1,0.9668314403077544
0,0,0.00937714588972692
0,0,0.22390544464265155
1,1,0.8567097912417344
1,1,0.9470934513300948
0,0,0.024391513117000017
1,1,0.9641143327458698
0,0,0.019464356979115287
0,0,0.028970903747348585
1,1,0.9648964800147998
0,0,0.08180520823350475
1,1,0.9598044596478836
1,1,0.9169553569606628
0,0,0.09308152584538765
0,1,0.7808803425043899
0,0,0.12010577459346894
1,1,0.9639990603567142
1,1,0.9719025040571452
1,1,0.9472390754340065
1,1,0.9692297887976886
1,1,0.95142580376472
1,1,0.8683749487588754
1,1,0.9677057003563231
1,1,0.9695237788597934
0,0,0.011025862306001272
1,1,0.9808630351276122
1,1,0.974772480692928
1,1,0.9853771767094072
0,0,0.13593946483514996
0,0,0.06396057987708195
1,1,0.9644829576762914
1,1,0.9875324231947684
1,1,0.9860642913167471
1,1,0.9865395500139814
1,1,0.9627746932562634
1,1,0.9912686787797241
0,0,0.10414729329877634
0,0,0.012359551036609948
1,1,0.9696651036383442
1,1,0.9892478311531188
0,0,0.11137963780787448
1,1,0.9698221788698931
1,1,0.9857333726870059
0,0,0.06598888503191744
0,0,0.032921381197972346
0,0,0.020305625064106346
1,1,0.959726908337498
1,1,0.9579534119786136
1,1,0.9976591490600861
0,0,0.35809469867006727
1,1,0.9671320282987663
0,0,0.14411509380089785
1,1,0.8830201615228095
1,1,0.9714282069406901
0,0,0.06785987912406816
0,0,0.029118469470077308
0,0,0.018235424466933645
0,0,0.007655048808268146
1,1,0.992163711568509
0,0,0.04936012841540657
0,0,0.017663123331610266
0,0,0.013278432807681288
1,1,0.9940986986303435
0,0,0.23000385093703926
1,1,0.9913036989102579
0,0,0.06314837967546018
0,0,0.2691210303850729
1,1,0.8359612960511978
1,1,0.9706698718554758
1,1,0.9879855368378868
1,1,0.9447135432596613
1,1,0.9504086227427395
1,1,0.9912791723951131
1,1,0.9958992869169511
1,1,0.9707393431814816
1,1,0.8991947111804198
0,0,0.04078174110180612
0,0,0.07731749444138855
0,0,0.02202788922693928
0,0,0.34795127129242476
0,1,0.7099275211818843
0,0,0.047312805714802314
0,0,0.1292668509498401
0,0,0.013903990483974338
0,0,0.006468579308701077
0,0,0.05466891263314955
0,0,0.04450227338286811
0,0,0.1041246893201823
0,0,0.040052274027203065
0,0,0.37937737494899715
0,0,0.013552536967530808
0,0,0.034636066621759165
0,0,0.12496620806094484
0,0,0.0038432465509866546
0,0,0.10600198783990852
1,1,0.9886265512859654
1,1,0.9661134618979726
1,1,0.9906488493766363
0,0,0.05303960400850466
0,0,0.12601511093844828
0,0,0.13955862779236963
0,0,0.26077887798927557
0,0,0.12709087902325392
1,1,0.9588122182653473
1,1,0.9728879729546335
0,0,0.12315451370242704
0,0,0.0366359654153102
1,1,0.9673754438927394
1,1,0.9807284656731302
1,1,0.8860658200825489
1,1,0.9787260910112815
0,0,0.030235918254290114
1,1,0.9705678574521162
1,1,0.9938989352571794
0,0,0.266575876628432
1,1,0.8402436916549932
0,0,0.03797378133689903
0,0,0.03030011105212161
0,0,0.06612921987101367
1,1,0.9780163207185916
1,1,0.9016018969569587
1,1,0.8167146248689142
1,1,0.9733067718798223
1,1,0.9270374661362722
1,1,0.9376711724175225
1,1,0.9301788986442217
1,1,0.9084006745907557
0,0,0.17120034157555655
1,1,0.8601883531806259
1,1,0.9824484560073022
1,1,0.9886707012025769
1,1,0.9532873374356927
1,1,0.926394336080688
1,1,0.987779066237861
0,0,0.014065235214853486
1,1,0.9477776397693103
1,1,0.8935031982631888
1,1,0.8466863160227742
1,1,0.8191258528937568
1,1,0.9622726179121021
0,0,0.003938816155519223
1,1,0.9763281075864247
1,1,0.9256889596977724
1,1,0.9902245164028262
1,1,0.9902245164028262
0,0,0.03799116053942454
1,1,0.9809869646213546
0,0,0.020575363239009638
1,1,0.7837286907293599
1,1,0.8722801223130515
0,0,0.15424042131419016
1,1,0.9702231102709988
1,1,0.9706296971009919
0,0,0.006620172038810968
1,1,0.9891466833159848
0,0,0.02253894662301033
0,0,0.08166387977410408
1,1,0.9928656146212494
0,0,0.2835434497355369
0,0,0.06755734635007332
0,0,0.3124136587622484
0,0,0.015130186793106744
0,0,0.013128401947586051
0,0,0.18835741680961235
0,0,0.008907065824267996
0,0,0.20445556329677603
0,0,0.01766601095213157
1,1,0.9654229985064483
0,0,0.11818915885765895
0,0,0.010776335133013194
0,0,0.05849160825137146
0,0,0.19372027263636302
0,0,0.19590968384692858
1,1,0.9722343716144467
1,1,0.9703426557132147
1,1,0.9886819326493654
0,0,0.05390541671339077
1,1,0.9664443271840141
1,1,0.9958473715155143
0,0,0.08613697412920908
0,0,0.04128140946565722
0,0,0.3305523448641046
1,1,0.9680793185635983
0,0,0.0124656967977129
1,1,0.973786350072383
1,1,0.9759290883988565
1,1,0.9754280738856229
1,1,0.9919584834711219
1,1,0.9880583216337404
1,1,0.9696139126703149
1,1,0.9811865400308407
0,0,0.22636179540487755
0,0,0.003666208015983027
1,1,0.986676495699401
0,0,0.0015068728659545874
1,1,0.9525879476951458
1,1,0.9914135410920436
1,1,0.9005464893874995
1,1,0.9881697521110001
1,1,0.7332464239488276
1,1,0.9742099643259536
1,1,0.9780676597993088
1,1,0.9910749150507487
1,1,0.9600419441547987
1,1,0.9903336757943272
0,0,0.3123825748956919
0,0,0.09103023685944356
0,0,0.048176311937653274
1,1,0.9811884808035802
1,1,0.9700341085890869
1,1,0.9765664690296845
1,1,0.9418161525856567
1,1,0.9927863984819689
0,0,0.02729088408102527
1,1,0.9721484208034616
1,1,0.9840912908860764
1,1,0.9898203102307355
0,1,0.6082356072797053
1,1,0.9694769351478066
1,1,0.9742859805392828
1,1,0.9485535016183743
0,0,0.0057906988129314396
1,1,0.9834870150205806
1,1,0.908231280273118
1,1,0.9625990341900075
0,0,0.13765467315750535
0,0,0.3552635835471956
1,1,0.8700555183619629
0,0,0.0013813041208920575
1,1,0.9731274894335933
0,0,0.0012112761970292341
0,0,0.007678262841147364
0,0,0.07909984394882512
1,1,0.9158183099478973
0,0,0.006262354517439265
0,0,0.04351851435593479
1,1,0.9790316922247897
1,1,0.9919885386879822
1,1,0.9780147155033126
1,1,0.8634158043600122
0,0,0.1280819748457887
0,0,0.012989067039948673
1,1,0.9478293579499286
1,1,0.9902456951516406
0,0,0.044950339654441604
1,1,0.9679714088697671
0,0,0.06750762876467478
0,0,0.13712803876421673
1,1,0.9723701650051764
0,0,0.1740803704251696
0,0,0.3193891765609375
0,0,0.03750360798205863
0,0,0.11704677381805442
0,0,0.07321756854287152
0,0,0.00283697041424474
0,0,0.09197587873478655
0,0,0.019857461004287487
0,0,0.01370808218258667
0,0,0.05086813134059392
0,0,0.046022187535224864
1,1,0.9710020088810432
1,1,0.9902456951516406
0,0,0.011839370622755927
1,1,0.9908266737939316
0,0,0.008619351370393147
0,0,0.0258127912197276
1,1,0.9588417546662761
1,1,0.8968834884355344
0,0,0.016794389136337934
1,1,0.9796005143105738
1,1,0.7974446440509905
0,0,0.041272957106539526
1,1,0.9655538695081144
0,0,0.0031046541818561127
0,0,0.1680522307571615
0,0,0.016843679895419083
0,0,0.016701552698344065
1,1,0.9750758571731651
0,0,0.007135742438977502
1,1,0.9358436681722585
1,1,0.9201344500208606
1,1,0.9640020900146719
1,1,0.9266363063960978
1,1,0.8198249284630528
0,0,0.008237520306328999
0,0,0.03328935503228814
0,0,0.0356268402536033
0,0,0.044961948649812365
0,0,0.05944773947428757
0,0,0.0316055932409998
1,1,0.9556392976980685
1,1,0.8971107006234673
0,0,0.005298320993012436
0,0,0.013430824183561339
1,1,0.9729210002061859
0,1,0.5734922470957214
0,0,0.01846955396246951
1,1,0.9912436724694473
1,1,0.9902245164028262
0,0,0.024536458824903382
0,0,0.23744093821729603
1,1,0.961707242947537
1,1,0.9156023858164343
1,1,0.921799306067781
1,1,0.8983888617282855
1,1,0.8133260637666266
0,0,0.057354449790301194
1,1,0.8942669420800133
1,1,0.8637248230704809
0,0,0.2332941590931758
1,1,0.9896411898933469
1,1,0.9902456951516406
1,1,0.7380171991032628
1,1,0.9892478311531188
1,1,0.8600322251176987
0,0,0.17778708454628347
0,0,0.010197351428780824
1,1,0.9469578018874482
0,0,0.011929478345943902
1,1,0.9718170813376841
1,1,0.9902456951516406
1,1,0.9607409122502016
1,1,0.9437535290208298
1,1,0.8917416367584383
0,0,0.012087795141796333
0,0,0.015910311720790573
0,0,0.011674854596970104
1,1,0.968942975295257
1,1,0.942969171655148
1,1,0.9013821309617219
1,1,0.9454104275649019
1,1,0.9179288041285627
1,1,0.9715210210908013
0,1,0.8349759767562023
1,1,0.9666252271608656
1,1,0.8517316757663588
1,1,0.8952758555318485
0,1,0.8349759767562023
0,0,0.05075902206807793
1,1,0.8920437306429548
1,1,0.9740749784589027
0,0,0.14618259669339564
1,1,0.918987163714527
0,0,0.014755754156514903
0,0,0.09537857292565556
1,1,0.9671806460322547
1,1,0.9902245164028262
1,1,0.9646173229850006
0,0,0.03516545204671922
0,0,0.008686192175265067
1,1,0.9908266737939316
1,1,0.9411406479493171
1,1,0.9155748499484336
0,0,0.10901800107518757
0,0,0.05935029183918571
0,0,0.14329328997121915
0,0,0.008747624759863324
1,1,0.8424203117261062
0,0,0.30976075257403984
0,0,0.012570686574560454
1,1,0.7443948758995866
0,0,0.001565749663964123
0,0,0.1408705588505477
0,0,0.00025699063755058016
0,0,0.07126530698260103
0,0,0.014905883527509673
0,0,0.02655646830150316
1,1,0.9678593217732027
1,1,0.9672200844420296
0,0,0.18055462816788376
1,1,0.9855656764689232
0,0,0.09049506963410353
0,0,0.003090828496850241
1,1,0.9411893217749455
1,1,0.9275542030132718
0,0,0.3770451648584452
0,0,0.012998306433963238
0,0,0.023765539359411208
1,1,0.9902456951516406
0,0,0.03629445467286258
0,0,0.3735629279334006
1,1,0.9813434891813186
1,1,0.9817825748595866
1,1,0.7470307210109567
0,0,0.025010317776923092
0,0,0.01716760712606075
1,1,0.8893458970131224
1,1,0.9906928118815087
1,1,0.9767315050138301
0,0,0.06709351967062877
0,0,0.09466114338813045
0,0,0.02785422306571345
1,1,0.9760488714970394
1,1,0.984547483054744
1,1,0.9779960928015976
0,0,0.23746710598170515
0,0,0.05856515258893032
1,1,0.9950936103365349
0,0,0.08611043071812838
0,0,0.017240890892808308
0,0,0.10798592116577514
0,0,0.04649094020408379
1,1,0.9733770316991115
1,1,0.9887096100877314
1,1,0.9892478311531188
1,1,0.7610940327365503
0,0,0.0675088607645441
1,1,0.976743814608364
0,0,0.028632426974673435
1,1,0.9646162514143282
1,1,0.9908266737939316
0,0,0.014492719549545273
1,1,0.980298650063249
1,1,0.8965269832909917
1,1,0.8681741653608803
0,0,0.022392651653746185
1,1,0.8887552977529873
1,1,0.9695399659760146
0,0,0.03809461924940478
1,1,0.9789722850763682
1,1,0.9651134187604586
1,1,0.9894430332207674
0,0,0.03383426948134349
0,0,0.05837273612774221
0,0,0.02923388543693852
1,1,0.990530682680093
0,0,0.08555306675837925
1,1,0.9603787829960887
0,0,0.03737366897117988
0,0,0.04107466925542382
0,0,0.09012417368679414
0,0,0.06376917506134354
0,0,0.03758323705984634
0,0,0.011901827413187332
1,1,0.9908266737939316
0,0,0.05327822835254767
1,1,0.9406485059308782
1,1,0.9179994030120836
0,0,0.05629716928106175
1,1,0.9562607263225071
0,1,0.8319258703618353
0,0,0.03349630567942351
1,1,0.8658868774250188
1,1,0.9631353879985437
0,0,0.009864172569191622
1,1,0.9500436729152458
0,0,0.10221485994846383
1,1,0.9076950223606971
1,1,0.9941346668531971
0,0,0.0086744452152864
1,1,0.9130979081538686
1,1,0.9748771506210911
0,0,0.011604919940386964
1,1,0.6984337228770154
1,1,0.9746549004003113
1,1,0.9257406981179449
0,0,0.007188282690263702
0,0,0.08761895628476163
0,0,0.004865035567703756
1,1,0.9630917456766663
1,1,0.958013735493464
0,0,0.06660454409370696
0,0,0.005448576980675545
1,1,0.9952620054865937
0,0,0.06625256615117159
1,1,0.9730050286774278
1,1,0.9951049746994481
1,1,0.8879657722907134
1,1,0.9682024878514689
0,0,0.01797823374896681
1,1,0.96923788735975
1,1,0.9367182936630284
0,0,0.005356748876025962
1,1,0.8924876033577015
1,1,0.9513110595825834
0,0,0.06320535357506309
0,0,0.0056570233369563
0,0,0.04722037362355107
0,0,0.013451015131209127
0,0,0.09559466708813756
0,0,0.013064911867823322
0,0,0.021198690109022766
1,1,0.9343136024086997
0,0,0.056171072719505166
0,0,0.12529296248985627
1,1,0.892555859200804
0,0,0.04359809767922086
0,0,0.20594229670762007
1,1,0.9404097770094794
0,0,0.014801106498218435
1,1,0.9461404944299663
0,0,0.016396944814116896
0,0,0.15920744520386945
1,1,0.929607083336504
0,0,0.11080397070627383
0,0,0.04398113115640423
0,0,0.016639289634941882
1,1,0.965997625586648
0,0,0.019605066962738102
0,0,0.004424814686099323
0,0,0.05317702907754624
1,1,0.9459290296093679
1,1,0.9708500572117493
0,0,0.06498111164523766
0,0,0.02608298583950691
0,0,0.09006313841620286
0,0,0.04449516582808724
1,1,0.9881162421077052
0,1,0.7732122719730932
1,1,0.9181691605622527
0,0,0.03882455256038559
1,1,0.8546248231502728
1,1,0.9925146656244175
1,1,0.9389870738015142
1,1,0.8715799723786433
0,0,0.0022060152024112128
1,1,0.8784181599886279
1,1,0.9305765620658947
0,0,0.016399686804820603
0,1,0.6921353698370118
0,0,0.03706167766920603
0,0,0.0410954466855154
1,1,0.9125284850398998
0,1,0.6103444838405186
0,0,0.020302907387676216
0,0,0.01935835734310285
0,0,0.01248705896945436
0,0,0.013555575302989405
1,1,0.9845500095456345
0,0,0.014088044327022951
1,1,0.9866166143862257
1,1,0.9816571848726279
0,0,0.016974583946660814
0,0,0.010900403014215874
0,0,0.37073653377906923
0,0,0.12148752756165145
0,0,0.032323927631765316
0,0,0.03899943648513714
0,0,0.036907072494593574
1,1,0.9792458525219175
0,0,0.42390944477512615
1,1,0.9159545436576175
1,1,0.9626613629671188
0,1,0.6627567543282302
0,0,0.04600583492660844
1,1,0.992163711568509
0,0,0.023433817309849714
0,0,0.009120631018063189
0,0,0.022770039223679293
0,0,0.22023657542167102
0,0,0.019270841832513583
0,0,0.19835934070735806
1,1,0.9841226507158052
0,0,0.030302450503970853
1,1,0.9476540277417511
0,0,0.01822703718253598
1,1,0.9903727667019695
0,0,0.19343826899632502
0,0,0.15428515068734835
1,1,0.9700196303836341
1,1,0.9779766621553763
0,0,0.2057886338246185
1,1,0.897445182682117
0,0,0.1085731514517654
0,0,0.031055719748477557
0,0,0.1204400440950889
0,0,0.1426848311222277
0,0,0.0195132547890506
1,1,0.955764291993677
1,1,0.9643121652332655
1,1,0.9899091461309176
1,1,0.6460762247921207
1,1,0.8814806540048431
1,1,0.9132963216389662
1,1,0.970862390428894
1,1,0.886977685395009
1,1,0.9443871706950324
0,0,0.16022159464672073
1,1,0.8601371235293058
1,1,0.9683289177832511
1,1,0.896852723642823
1,1,0.9772881794422413
1,1,0.9347370697614392
1,1,0.8648967142891392
1,1,0.881823097757152
1,1,0.9599651925550927
1,1,0.9854491122397471
1,1,0.7145465080372656
1,1,0.9686425741629452
0,0,0.0014774529214404463
1,1,0.9467549816358856
1,1,0.9586233474919834
1,1,0.9630289977049216
1,1,0.9499127900186695
0,0,0.0017381717497968467
0,0,0.23581953664597738
1,1,0.8691121776974672
1,1,0.977492372181538
0,0,0.16899199709334492
1,1,0.9595594100944486
1,1,0.983758494141176
1,1,0.9136552684349424
1,1,0.9879857234185643
1,1,0.9617362730388702
1,1,0.9217880120605604
0,0,0.11712810468180641
0,1,0.5120891512482129
1,1,0.9267833908306584
0,0,0.07553786416314298
1,1,0.9658738291458471
1,1,0.9889952139522755
1,1,0.9907914298789893
1,1,0.9583643029290501
1,1,0.9890009370432643
1,1,0.9877427567602975
0,0,0.008407031197766488
1,1,0.9370464031311233
1,1,0.9867460904149992
0,0,0.029452523876155195
1,1,0.9877626755697466
1,1,0.976556460165959
1,1,0.9850134010774289
0,0,0.042635558452672
0,0,0.027516294156298336
0,0,0.008033945502170457
0,0,0.005246850779365429
1,1,0.9251634833604323
1,1,0.9358382718924516
1,1,0.9266924907184394
0,0,0.03440455461470417
0,0,0.19488041950010354
0,0,0.09177270890823727
0,0,0.03649926615408227
0,0,0.054130574781494085
1,1,0.9198626631476868
1,1,0.9808796952362383
1,1,0.979605062907413
0,0,0.011629401410611985
0,0,0.033777985750943165
1,1,0.8729210949686198
0,0,0.05421250181051153
1,1,0.9389928088291312
0,0,0.044321203767869244
0,0,0.05869396895235934
1,1,0.9899252130412427
1,1,0.9585012978472414
1,1,0.9976591490600861
0,0,0.007714406614007199
1,1,0.9882571380092623
0,0,0.01822780935219833
1,1,0.9899426098370889
0,0,0.07357091313958057
1,1,0.9801057308371139
0,0,0.0661187030415444
1,1,0.9906740043161879
0,0,0.0719560198402825
0,0,0.4427108802283039
0,0,0.013736618191009438
0,0,0.041145549558166315
1,1,0.9837770383057621
0,0,0.2051938187491099
1,1,0.9866671057829917
1,1,0.9611270933011773
1,1,0.9902100846697326
1,1,0.9812007259055261
1,1,0.9671080465486273
1,1,0.9892517263878993
1,1,0.972400711753623
1,1,0.9846759122628675
0,0,0.06632788609321036
1,1,0.976919767696194
1,1,0.9829131534939153
1,1,0.9906718553870147
1,1,0.980386327374301
0,0,0.06936251436755005
1,1,0.957308863528238
0,0,0.09163266208363828
0,0,0.06270303041820645
1,1,0.9462362697131032
1,1,0.966658050342197
0,0,0.007036191066718676
1,1,0.9597279261607796
0,1,0.5255481020531643
0,0,0.03192056702395015
1,1,0.9606671591818792
0,0,0.012581282418306307
0,0,0.1222139238998816
0,0,0.013429204390299099
0,0,0.16928653051420292
0,0,0.008424545543816
0,0,0.12918015380692913
1,1,0.8891967102310286
1,1,0.9000491082388504
1,1,0.9589549460542822
1,1,0.9812661630842693
0,0,0.04083418996238168
1,1,0.9046432855606039
0,0,0.33869649244353034
1,1,0.7082545118175273
1,1,0.9715025129809488
0,0,0.11044652621586168
1,1,0.7635270163146589
1,1,0.9663869395993048
1,1,0.9882352375754906
1,1,0.9199127870823426
1,1,0.7814340145619838
0,0,0.021632974931074862
0,0,0.0826809345150581
0,0,0.004415523947888549
0,0,0.1172687688516232
0,0,0.04966827594155147
1,1,0.8453707642437229
0,0,0.008092038219757368
1,1,0.9861929677575627
1,1,0.841056912861487
1,1,0.90303574205565
0,0,0.0938891654413345
1,1,0.972842587570222
1,1,0.9170647034847969
1,1,0.9629925620661786
0,0,0.1137138201859727
0,0,0.057007204075013654
1,1,0.9673742871249411
1,1,0.9503219855582007
0,0,0.060922346878036895
1,1,0.99188190092408
0,0,0.006779930868945984
1,1,0.894918731820502
0,0,0.012678872993000329
1,1,0.9803918079326969
1,1,0.987669701851829
0,0,0.08691327932774638
1,1,0.9804436836961786
0,0,0.09612209268659196
0,0,0.12226111697993318
0,0,0.021486318080989063
0,0,0.02866209058360193
1,1,0.98721989685853
1,1,0.9896017349129914
0,0,0.09776205383557779
1,1,0.9675275625494567
0,0,0.001644877237568121
0,0,0.019317286562420422
0,0,0.2584515525406284
1,1,0.9540453353401438
1,1,0.994713117395375
0,0,0.10570352205036537
0,0,0.031319453410620014
1,1,0.9614708876346241
0,0,0.24712364732896883
1,1,0.969244089178548
0,0,0.010449628542723782
1,1,0.9831100262003419
0,0,0.028505323147912837
0,0,0.016038698861039112
0,0,0.06507756456124508
1,1,0.9860274038562844
0,0,0.008331567326382246
0,0,0.03981319372214654
0,0,0.09084925040513614
1,1,0.9225933286289139
0,0,0.34739842266693777
0,0,0.025903999604107285
0,0,0.02143456804484556
0,0,0.024576105243800245
0,1,0.8522875449751407
1,1,0.9882784057567103
1,1,0.9593424102594477
1,1,0.9830936759265938
1,1,0.9876715291647988
1,1,0.9793476825744605
1,1,0.9732189812048326
0,0,0.06874191245279908
1,1,0.976254679797689
1,1,0.952373704719124
0,0,0.2905257747123426
0,0,0.036943657266495566
0,0,0.1146559549930282
0,0,0.06263433223218158
0,0,0.12918549943823796
0,0,0.011820277634316416
0,0,0.020077569983965777
1,1,0.9915606492803342
0,0,0.05592945206551997
1,1,0.9464356178317741
0,0,0.07190752045348842
1,1,0.9550301657935931
0,1,0.574061353102294
1,1,0.961267202820487
1,1,0.9690698828134479
0,0,0.040221217987368385
0,0,0.0916296929342766
0,0,0.13447038713806694
1,1,0.9694269048668556
1,1,0.96541751032228
1,1,0.9406770463051416
0,0,0.037663823955158784
0,0,0.29419890829115586
1,1,0.970611166670715
1,1,0.9231338956979667
1,1,0.9360287833279798
0,0,0.08078370210248191
0,0,0.025485762580321702
0,0,0.004916911405847667
0,0,0.09364230700649011
0,0,0.10241991288233544
0,0,0.039223240209121976
0,0,0.009196825586861282
1,1,0.9783325956896877
0,0,0.010435045002305767
0,0,0.054331191434526374
1,1,0.9687850210223851
0,0,0.007862358617547645
1,1,0.9604514060166571
0,0,0.06537550799459554
0,0,0.05785830227935874
0,0,0.029394172606583578
0,0,0.023106126314892613
0,0,0.004574535200949582
1,1,0.9466387387704422
1,1,0.9197993124657844
0,0,0.14402383119897824
0,0,0.007543561463269137
0,0,0.018624010989224466
1,1,0.9882926892499061
1,1,0.9862294843998026
1,1,0.9867547201725165
0,0,0.01597138014455941
0,0,0.0042584550928665725
0,0,0.04199119067177086
0,0,0.029160484564910775
1,1,0.960760610596025
1,1,0.9836566143675985
1,1,0.9524201797578203
1,1,0.9902245164028262
0,0,0.4433125346891803
1,1,0.971919200987509
1,1,0.9675068739136223
1,1,0.9909501592188117
1,1,0.950889287095623
1,1,0.9795175263278627
1,1,0.9218972864587482
1,1,0.876604283236425
1,1,0.9628540611077899
1,1,0.9908266737939316
1,1,0.9806230881586765
0,0,0.026051649941008694
1,1,0.9836139796836831
1,1,0.9412782328525322
0,0,0.2607459683273489
0,0,0.008414200985761535
0,0,0.02506246137469326
1,1,0.9865110128635296
1,1,0.9788546284566948
0,0,0.0450913155694093
0,0,0.06238764552284009
0,0,0.16565139255057423
1,1,0.8981708702285613
1,1,0.9667036063097688
1,1,0.9688160319104393
1,1,0.9927628562306541
1,1,0.9859659896352025
0,0,0.006358249730873213
1,1,0.9351460144504283
0,0,0.031329465548092704
0,0,0.010672077434207347
1,1,0.9423829043005558
0,0,0.1366627176276997
1,1,0.9913036989102579
1,1,0.9911047525637813
1,1,0.9925950280934506
0,0,0.06366205141077501
1,1,0.9536318706483117
0,0,0.06661717230601472
0,0,0.051013478599874325
0,0,0.04256889200876469
1,1,0.9831732340383976
1,1,0.9551563967739788
0,0,0.07156399109376595
0,0,0.42721128350148196
0,0,0.013497835777322649
1,1,0.9120503471383851
1,1,0.9896237864699019
0,0,0.007727791472262895
0,0,0.08608386926962765
1,1,0.9421179083700247
1,1,0.9383435460197468
1,1,0.9558309646014502
1,1,0.9858421197689685
1,1,0.9855149355237589
1,1,0.9476186794648429
1,1,0.9860504802735888
1,1,0.9350727158996838
0,0,0.04314120427481996
1,1,0.984797764127833
0,0,0.08997498579962078
1,1,0.9656848490814925
0,0,0.012193258216660183
1,1,0.9856274946504754
1,1,0.9680866556480408
1,1,0.9855718387156196
1,1,0.9929945594721665
0,0,0.1730483740797528
1,1,0.9404719376113364
1,1,0.9927748151225335
1,1,0.9376242712280867
1,1,0.9855906153771855
1,1,0.9337521304659996
0,0,0.029738442761657914
0,0,0.054404728606349144
0,0,0.007558059982581479
1,1,0.9578223860479048
1,1,0.9732111948438008
0,0,0.0038455828152965956
0,0,0.010191285300905562
0,0,0.009894728080482435
1,1,0.9852243611232284
1,1,0.9855968454110812
1,1,0.9714101102028724
0,0,0.0378956576640684
1,1,0.9881480353399278
0,0,0.014468998465795429
1,1,0.9726093130371827
0,0,0.05965469322721778
0,0,0.22940112526857967
0,0,0.023010413687032678
0,0,0.09381572388860192
0,0,0.06656288253098627
1,1,0.9907262130103847
1,1,0.982448770131135
0,0,0.33851591392430197
0,0,0.014803201577148208
0,0,0.10459358206914494
0,0,0.02159203801016603
0,0,0.1658110771582624
1,1,0.9380429182297846
1,1,0.9446293398900633
1,1,0.9264457949140732
0,0,0.0779129886067542
0,0,0.18108898634640455
0,0,0.04599362843584747
0,0,0.03253005480182887
0,0,0.037864965343059984
0,0,0.009380410962649887
0,0,0.11049656361317985
0,0,0.06248601934688778
1,1,0.972505428191417
1,1,0.9239998976977346
0,0,0.08312242609787528
1,1,0.9783847252233075
1,1,0.9602766410645093
1,1,0.9373671326309754
0,0,0.003613569466175778
1,1,0.9339530963645596
0,0,0.04405649807815031
0,0,0.49378692374289385
0,0,0.004309556853906935
0,0,0.018293562593379113
1,1,0.9736390666647357
0,0,0.02780479575369086
0,0,0.011392385328813426
1,1,0.9882246733061966
0,0,0.0045846997481048275
1,1,0.9507480593859728
0,0,0.04047632000074866
1,1,0.9623991057916466
0,0,0.3875878934928951
1,1,0.973930027658939
0,0,0.01763102973843133
0,0,0.012518678985637978
0,0,0.05303407223233821
0,0,0.006685194857448445
0,0,0.002221422863660743
0,0,0.1547815280148942
0,0,0.0184569582237857
0,0,0.00992255465326356
0,0,0.0009045909718253587
0,0,0.01848596769309772
0,0,0.08069325051649474
1,1,0.9618225763244587
0,0,0.045786117929329295
1,1,0.9416071479423653
1,1,0.9628567642092124
1,1,0.9906996567826211
1,1,0.9868387769126133
1,1,0.9506717328895301
1,1,0.9902027598272684
0,1,0.6792295807383838
1,1,0.9885609106418018
0,0,0.047150834622723056
1,1,0.9929896980472488
0,0,0.04284610170716569
0,0,0.07658814176953106
0,0,0.11834870663249714
0,0,0.0009824546694628229
0,0,0.007980471143404166
1,1,0.9835949158576752
0,0,0.04499259621110124
0,0,0.005980607331704359
1,1,0.9853718720102904
0,0,0.2933511110229703
0,0,0.009958701331028885
1,1,0.9862052455900079
1,1,0.9692205181810789
0,0,0.006868981646537885
1,1,0.9837320456159964
1,1,0.9861091903714809
1,1,0.9823473885144555
1,1,0.9892310090396196
0,0,0.07127792841918004
0,0,0.035983758443830845
1,1,0.9611967062172231
1,1,0.9919789920257507
0,0,0.09402046778972942
0,0,0.03475552324678185
1,1,0.9852094468844919
0,0,0.018447919569863108
1,1,0.9819129873103779
1,1,0.9947629171337835
0,0,0.042257705155218574
0,0,0.08217105232834708
1,1,0.9138780286517907
1,1,0.9570138824123119
0,0,0.0008479050043192091
0,0,0.000806175043576008
1,1,0.9681218944031376
1,1,0.9216796652132786
1,1,0.9326663511823899
1,1,0.9607246010426136
1,1,0.991258147911288
1,1,0.9724145048308566
0,0,0.06163402763590706
0,0,0.017083005378132815
1,1,0.931215185055501
1,1,0.9724429683091287
0,0,0.025967855269477515
0,0,0.01228466621826769
0,0,0.11271569941036443
0,0,0.07175852770657852
1,1,0.991258147911288
1,1,0.9538116141970189
0,0,0.027168735158969316
1,1,0.8923191676071148
0,0,0.019451118383046515
0,0,0.04395663170207884
0,0,0.24425442925202215
0,0,0.08960562905630282
0,0,0.027602408100808672
0,0,0.03947681246699713
0,0,0.11808506414568683
0,0,0.015254733239765506
0,0,0.005294157792833202
0,0,0.008245769783867993
0,0,0.0046616638475445405
0,0,0.018792489551700493
0,0,0.03264519342259083
0,0,0.006151869371503015
0,0,0.023625936113148952
0,0,0.11311385484521813
0,1,0.5359973822352833
0,0,0.046531429950642515
1,1,0.9664014223672075
0,0,0.1975887770440747
1,1,0.9795980321823511
1,1,0.9976591490600861
0,0,0.017613375217012846
1,1,0.9635516589171833
1,1,0.9768869416196206
1,1,0.9549992811642807
1,1,0.9602613200142593
1,1,0.9715441748733777
0,0,0.0046339437372429765
0,0,0.026529451819989436
0,0,0.030095093931008385
1,1,0.9463900533769022
0,0,0.05347014243761937
0,0,0.019965264439110557
0,0,0.03483890487441027
0,0,0.006244856573989423
0,0,0.24357136422580034
1,1,0.9498457811121256
1,1,0.9902497107808897
0,0,0.32965986218991095
0,0,0.48082587808152905
0,0,0.0398840909909847
0,0,0.11535060721452847
0,0,0.10051365469179337
0,0,0.2758347394164864
1,1,0.9868463132263091
0,0,0.1345558592865475
0,0,0.0289681203992623
0,0,0.07036407663701777
0,0,0.04875052747061443
0,0,0.31636230969317997
1,1,0.9581706540047115
0,0,0.051203390396976016
0,0,0.00766963168170426
0,0,0.013894231109954818
1,1,0.9622152485173026
0,0,0.019374640289359507
0,0,0.04319123567869337
0,0,0.10567515750998646
1,1,0.9881389220788881
0,0,0.09812322979790107
1,1,0.9729361498044384
1,1,0.890225906516582
1,1,0.9686313200060916
1,1,0.9484412438769462
1,1,0.9055591550694214
1,1,0.9265333619633678
0,0,0.008159281671981943
1,1,0.7214845983833582
0,0,0.07744488880642023
1,1,0.9714502283949927
0,0,0.02772539965453729
0,0,0.06022663631352397
0,0,0.0025617172032352535
0,0,0.04733676930142877
0,0,0.04666786757569026
0,0,0.027850509334352454
0,0,0.11616966410568191
1,1,0.9122515101324883
1,1,0.9172913121167359
0,0,0.06364245739745694
0,1,0.6017910051502401
1,1,0.7804905817967294
0,0,0.0038861474279090393
0,0,0.24550376926032552
1,1,0.9869223350259443
1,1,0.9651293278245017
1,1,0.9253166931024941
1,1,0.9742998538811853
1,1,0.9793342708289634
1,1,0.9516770072442711
1,1,0.8792114351688806
1,1,0.9732197643412578
1,1,0.9895193294613113
1,1,0.991258147911288
1,1,0.9752101620324871
1,1,0.9783255440256432
0,0,0.003916231671350062
1,1,0.9947219579637695
1,1,0.9494580858168421
1,1,0.956680332330835
1,1,0.9769336626484423
1,1,0.9842198620444222
0,0,0.1724690211035999
1,1,0.9852551872714684
0,1,0.5164222380752809
1,1,0.9855787980804054
0,0,0.03361353500351118
1,1,0.9908531615396263
0,0,0.04049310886631779
1,1,0.9711929867523973
1,1,0.898202177836191
1,1,0.991438369800237
0,0,0.04049310886631779
1,1,0.9813045857954869
0,0,0.23987225829497302
1,1,0.9588455503739491
1,1,0.9655493337132391
0,0,0.03221409326466536
0,0,0.05737847525685108
1,1,0.9735521040857369
1,1,0.9616644040054964
1,1,0.9525792718519684
1,1,0.970754611461743
1,1,0.9427109974237698
1,1,0.9837361868460058
0,0,0.007041272271242467
1,1,0.9465911492536986
0,0,0.06263677205596041
1,1,0.9935610229811416
1,1,0.9901202202441548
1,1,0.9850655203422785
1,1,0.9899601053227687
1,1,0.9440278383179711
1,1,0.9669113187037552
1,1,0.9757052691581862
1,1,0.9430936283537962
1,1,0.8868727748178961
1,1,0.9821984689504949
0,0,0.010023145522128376
1,1,0.9863740299524005
1,1,0.9879367669647346
0,0,0.03047534075600113
1,1,0.9621320840042052
1,1,0.989134691589622
1,1,0.8086679399411816
0,0,0.03643244516076712
0,0,0.03705837129619005
0,0,0.013875013906931858
1,1,0.9796640573202221
1,1,0.9662652346143333
1,1,0.9902810279846656
0,0,0.04158140705276084
0,0,0.0404051547272839
0,0,0.10190987503566938
0,0,0.025755295146506655
0,0,0.029922040526629078
1,1,0.9696446836375027
1,1,0.9744025467985501
1,1,0.9604033879486068
1,1,0.9739421504026358
0,0,0.0270397936603757
1,1,0.992526702268839
1,1,0.9935774525859712
0,0,0.049400789319651174
0,1,0.568556771620705
0,0,0.022375310094131465
0,0,0.06678985912565873
1,1,0.9647123740208718
0,0,0.010762954633150374
0,0,0.23721850183019455
1,1,0.9539058500591969
1,1,0.983111517363315
1,1,0.9082708091032371
0,0,0.015010720489337725
0,0,0.4076455814057496
1,1,0.9935053938751401
1,1,0.9845860856110072
1,1,0.9002174532570864
1,1,0.9752097903148229
0,0,0.07246231108008265
1,1,0.9888655937890392
1,1,0.9509339735915409
0,0,0.013745460755129816
0,0,0.003906268055391836
0,0,0.2831491276892642
1,1,0.9687639098904831
0,0,0.014717011171306539
0,0,0.09995663437393415
0,0,0.07320510594078768
0,0,0.006913337403475427
1,1,0.9755385335979041
0,0,0.04763617120115064
0,0,0.28114493392176465
1,1,0.9499185473515699
0,0,0.010067318126871169
0,0,0.05666168664529463
1,1,0.9700269955973144
0,0,0.030039060782079893
1,1,0.9290939976686372
1,1,0.9904792716827028
1,1,0.9927502708812161
0,0,0.030284831497707925
0,0,0.016542146664137135
0,0,0.09687949462635188
0,0,0.016542146664137135
1,1,0.9873082946187305
0,0,0.012102439272738701
1,1,0.9775383720775417
1,1,0.9246634378029567
1,1,0.9937117962466011
1,1,0.9356466088264506
1,1,0.9898925197923187
1,1,0.9922770976965287
1,1,0.9778865727670298
1,1,0.9806198100807132
1,1,0.9845442551320662
1,1,0.9913962099696605
1,1,0.962243587055447
0,0,0.2893737171338566
1,1,0.9876935242403788
0,0,0.10845476631954103
1,1,0.9915478824185426
1,1,0.9891537545847593
1,1,0.9873304973445728
0,0,0.034381740359653516
1,1,0.9858446128077704
0,0,0.02789622619767012
1,1,0.980614879180582
1,1,0.9468912710747391
1,1,0.9733158853984933
1,1,0.9747625684774535
1,1,0.9902058523687819
0,0,0.034009647430683874
1,1,0.9715147381176775
1,1,0.9860902966885805
0,0,0.005880675769570956
0,0,0.014604274863653668
0,0,0.07155931112880493
0,0,0.0037298804715226097
0,0,0.044106270557149455
0,0,0.011557699395658103
0,0,0.3200871719677112
1,1,0.9467248503940899
1,1,0.9489046938435937
1,1,0.9666815378584895
0,1,0.6029448938447853
0,0,0.09343801306874225
1,1,0.9723290692851178
1,1,0.9665305551691723
1,1,0.9727137408638443
1,1,0.9586541891686584
1,1,0.967875292615661
0,0,0.010094263363584524
1,1,0.9782124695759375
1,1,0.9742923314485992
1,1,0.9904137225901354
1,1,0.9837020588214448
1,1,0.967286535995576
1,1,0.9678445534568362
0,0,0.0708548048303586
1,1,0.9869490609712349
0,0,0.005265492288512392
1,1,0.9849866813668569
1,1,0.9817227979114151
1,1,0.9699446897376033
1,1,0.9643834992737419
0,1,0.8914006325421561
1,1,0.9674792148621519
1,1,0.9698892697433702
0,0,0.004421689538864299
1,1,0.9719836363446503
1,1,0.9760744264026862
1,1,0.9609668200487054
0,0,0.020890242726927535
1,1,0.9841112031446423
0,0,0.04846175933055561
0,0,0.052449564029739014
1,1,0.9638916030143573
1,1,0.9818370640038504
1,1,0.947667557174465
0,0,0.015059223823501628
1,1,0.9849259497976861
0,0,0.03974464411455683
1,1,0.9883315190223739
1,1,0.9635668659319557
0,0,0.02095892037107274
1,1,0.982189929360399
0,0,0.04687212092677546
1,1,0.9707665481965081
0,0,0.08558740413039313
1,1,0.9826540884741415
1,1,0.9842951492597654
0,0,0.2644374373552461
0,0,0.022307519660180592
1,1,0.9856357246803821
1,1,0.9862557609006559
0,0,0.07425110195148904
0,0,0.017195556346620476
0,0,0.10911301743433116
1,1,0.9861677167133058
1,1,0.9690852986587731
0,0,0.11519886322515983
0,0,0.3825954587653526
1,1,0.9859167143522893
0,0,0.015228040347189187
0,0,0.09690028648339553
1,1,0.9894667911662521
0,0,0.008733472631617362
1,1,0.9881231635801342
0,0,0.07449650859217946
0,0,0.07706009470442957
1,1,0.9925627483949164
1,1,0.9859842835844485
1,1,0.9834650654887204
1,1,0.970634734137149
0,0,0.0021868966243304556
0,0,0.002190608332846824
1,1,0.9589020539149925
0,0,0.01658648901712358
0,0,0.011286258589169672
1,1,0.9827011940518249
1,1,0.9501747522001999
0,0,0.01574835595454531
0,0,0.26854831569736853
1,1,0.8834787585099074
0,1,0.5486288136489194
1,1,0.9799722338124413
0,0,0.031535489496910464
1,1,0.9636249874513836
0,0,0.03314571643827315
0,0,0.036346806790205806
1,1,0.9655813991615578
0,0,0.001382817000258352
1,1,0.9819682756459148
0,0,0.12147905479081077
1,1,0.9928334324447243
1,0,0.40440411322135933
1,1,0.9849856897423761
0,0,0.07468592400270044
1,1,0.9725799069326402
0,0,0.021832513281761848
0,0,0.002198153926323302
1,1,0.980185114890082
0,0,0.025888354271733565
1,1,0.9502422195348871
1,1,0.9908657623738818
0,0,0.35494743417065305
0,0,0.22681940391570427
1,1,0.864906208667434
1,1,0.9862454080263987
0,0,0.010599831971138394
1,1,0.9890579211327671
0,0,0.08073559974306643
0,0,0.029885364347964738
1,1,0.9597313848241334
1,1,0.989229980970078
1,1,0.9950542256842477
0,0,0.07820285243102042
1,1,0.9603615068273512
1,1,0.9898435033491829
0,0,0.1443856254909465
0,0,0.015804474285127035
1,1,0.928683473071908
1,1,0.9898555445928072
1,1,0.9898555445928072
1,1,0.9888232427939206
1,1,0.9605872661676838
0,0,0.08417978518944334
1,1,0.899261824396337
0,0,0.04002246102025156
0,0,0.12496738543514584
0,0,0.0331337343179091
1,1,0.9845824360451298
1,1,0.989229980970078
0,0,0.009387109228091727
1,1,0.9893391618855069
0,0,0.035972488428518946
1,1,0.9893568990723
0,0,0.19542876537180331
1,1,0.9893472898472837
0,0,0.0031578521681891094
1,1,0.9911391938138168
1,1,0.9886527706549473
1,1,0.983174130339227
0,0,0.009898736389915458
1,1,0.9898555445928072
1,1,0.9870539808024432
1,1,0.987224601555789
1,1,0.9886527706549473
1,1,0.990888883302983
1,1,0.9898435033491829
1,1,0.989229980970078
0,0,0.03562118494409832
1,1,0.9898435033491829
1,1,0.9898555445928072
0,0,0.16858187960717805
0,0,0.07159102875604116
1,1,0.9765536544037009
1,1,0.9384933121849233
0,0,0.014942856923134075
0,0,0.1347543965458598
1,1,0.9898435033491829
1,1,0.6310162120928895
1,1,0.9888565097328459
1,1,0.9498313394417435
1,1,0.982148058427551
1,1,0.990888883302983
1,1,0.9659179221300075
0,0,0.12314210946842921
0,0,0.06214561531452947
0,0,0.059929600992543734
1,1,0.990888883302983
1,1,0.9892291004468895
1,1,0.97373706505628
1,1,0.9888232427939206
1,1,0.9919945693320587
0,0,0.07989383888389474
1,1,0.9825623272084072
1,1,0.9898435033491829
1,1,0.9898555445928072
1,1,0.9827939399888608
0,0,0.06016080984491749
1,1,0.9893472898472837
1,1,0.9647125836855601
0,0,0.011181560690920139
0,0,0.1150089005286846
0,0,0.1096683352142678
0,0,0.0006366973285225374
1,1,0.9936857832028609
1,1,0.9729576252294604
1,1,0.9665999636251672
1,1,0.9879082005546849
1,1,0.989229980970078
0,0,0.010055914238876374
1,1,0.9865287298374458
1,1,0.9935374728638371
1,1,0.990888883302983
0,0,0.13236800018081724
0,0,0.0395444555540499
0,0,0.014548672510807091
1,1,0.972699186380047
1,1,0.9881090523752105
1,1,0.9898555445928072
0,0,0.09010298519217448
1,1,0.9898435033491829
1,1,0.9692058339667539
0,0,0.008682713452075257
1,1,0.990888883302983
0,0,0.007448538974607253
1,1,0.990888883302983
1,1,0.9451591867787325
1,1,0.990888883302983
1,1,0.9683074829498803
0,0,0.02594559568504172
1,1,0.9508132061485212
0,0,0.004281706934132122
1,1,0.9903519488130645
1,1,0.989229980970078
1,1,0.981184123217645
0,0,0.002848048685938663
1,1,0.989740689193618
0,0,0.07166573458031726
0,0,0.03400010030157112
1,1,0.9869180229862712
1,1,0.9873400393825357
1,1,0.9893472898472837
1,1,0.934445513910145
1,1,0.9892291004468895
1,1,0.9842199418228711
1,1,0.9596451516508511
0,0,0.13633873857647683
1,1,0.990888883302983
1,1,0.9206846241097689
1,1,0.9826700527510557
1,1,0.9559200952791603
1,1,0.9843679576987807
1,1,0.9897537173079666
1,1,0.9776932142861658
1,1,0.7862671364085
0,0,0.012336787483686973
0,0,0.009250517927656554
1,1,0.9562843709713974
1,1,0.9658006909484442
1,1,0.989229980970078
1,1,0.9888232427939206
1,1,0.9898435033491829
1,1,0.9813962779725776
1,1,0.9056632955783642
0,0,0.039067032327306614
0,0,0.027510966321909608
0,0,0.49878320298578
1,1,0.990888883302983
1,1,0.9733209900158448
1,1,0.9204985143758753
1,1,0.9578512684346693
1,1,0.7104968515179073
1,1,0.8791643127721703
1,1,0.9274492561539296
1,1,0.9937847561329399
1,1,0.9819359537135253
0,0,0.00015743258435523967
1,1,0.9585481341726165
1,1,0.9568320925564309
1,1,0.990888883302983
1,1,0.9516617226516043
0,0,0.007980481251350563
1,1,0.927899297322675
1,1,0.9888232427939206
1,1,0.9886527706549473
0,0,0.002000533894017067
1,1,0.990888883302983
0,0,0.25294785975533796
1,1,0.9864272541697022
1,1,0.9327161014701669
0,0,0.06332703643057361
1,1,0.989229980970078
1,1,0.8205851857327048
0,0,0.0453151189543977
0,0,0.04542358956806615
1,1,0.8833333674522803
1,1,0.94072943202094
0,0,0.021777542178242282
1,1,0.990888883302983
0,0,0.2091380763019216
0,0,0.052558608485307044
1,1,0.9859816513028279
0,0,0.028716435996512597
1,1,0.9891713034190196
0,0,0.3277546047001911
0,0,0.00900279288459409
1,1,0.9892291004468895
1,1,0.990888883302983
0,0,0.1504919901248422
0,0,0.0046190329505033404
0,0,0.07669231959709946
0,0,0.1504919901248422
0,0,0.11979602703298468
1,1,0.990888883302983
0,0,0.09536764742482409
0,1,0.8750252529821987
1,1,0.939372376870099
1,1,0.9892291004468895
1,1,0.990888883302983
1,1,0.9464741485749235
0,1,0.8750252529821987
0,0,0.011490781312175711
0,0,0.012172465447358996
0,0,0.08679923544854097
1,1,0.981564194189291
0,0,0.012172465447358996
0,0,0.48362410508252823
0,0,0.09669826752895354
1,1,0.9888232427939206
1,1,0.8994637985651428
0,0,0.04282547887219144
0,0,0.014545456255733887
1,1,0.9715787845098662
1,1,0.958631161494125
1,1,0.990888883302983
1,1,0.9901692335013698
1,1,0.9875443112337368
1,1,0.9913179869040714
1,1,0.9711013168989242
0,0,0.0631299176573018
0,0,0.025382784704475476
0,0,0.004385983211955238
0,0,0.17028200935244672
0,0,0.18335090644264956
1,1,0.9258536546781904
1,1,0.9864562709356235
0,0,0.01077920346209875
0,0,0.00158967382545512
0,0,0.04991451666060599
1,1,0.8274205185208482
1,1,0.9789361178865581
0,0,0.0012031909147766765
1,1,0.9909000171473076
0,1,0.7940685557319703
1,1,0.7141450109327095
0,0,0.014929033136507423
1,1,0.9392592134699197
1,1,0.9888232427939206
1,1,0.9365856934256857
0,0,0.021344507508638543
1,1,0.9677159158396008
0,0,0.008928493010298464
1,1,0.9898435033491829
1,1,0.9283435023435854
0,0,0.02227170213755121
0,0,0.020236508269542607
1,1,0.990888883302983
1,1,0.9898555445928072
1,1,0.9833838345826366
1,1,0.977769181937864
1,1,0.9898435033491829
1,1,0.9908114276331221
0,0,0.009388278794257507
1,1,0.989229980970078
1,1,0.9898435033491829
1,1,0.9891093227792571
0,0,0.032256708814609646
1,1,0.9561143692373597
1,1,0.9886527706549473
1,1,0.8875060447829872
0,0,0.006587025787796816
1,1,0.9898435033491829
1,1,0.9886527706549473
1,1,0.9683797402037406
1,1,0.624422150942423
1,1,0.990888883302983
1,1,0.9849993509008776
0,0,0.10777764155900595
1,1,0.9110056712707483
0,0,0.00748857598221405
1,1,0.989229980970078
1,1,0.8807709863009195
0,0,0.3221211758955323
0,0,0.039058136971054536
1,1,0.9898288767985117
1,1,0.9190685183073599
1,1,0.9898555445928072
0,0,0.01218751998747138
0,0,0.10734499060612825
1,1,0.9898555445928072
1,1,0.9898435033491829
0,0,0.14046757689371636
0,1,0.7823388305052391
1,1,0.9680657437969034
0,0,0.03424321734874474
0,0,0.03289326536532288
0,1,0.5564835745111998
1,1,0.9886527706549473
0,0,0.09306019602473578
1,1,0.9554396673630347
1,1,0.989229980970078
1,1,0.990888883302983
1,1,0.9808968648236069
1,1,0.9372940997471741
0,0,0.05657648363172349
0,0,0.07835601174348265
1,1,0.9731261908624227
1,1,0.9626928852116239
1,1,0.9498757888947763
1,1,0.9686849026891787
0,0,0.03273872149860971
1,1,0.9899000735957242
1,1,0.990888883302983
1,1,0.9736160764959716
0,0,0.138127820174592
1,1,0.7552402156456473
1,1,0.9898555445928072
1,1,0.9893472898472837
1,1,0.9741536450505555
0,0,0.05489085788892531
1,1,0.9888232427939206
1,1,0.9444703428754725
0,0,0.06892099810750334
1,1,0.990888883302983
1,1,0.9898435033491829
1,1,0.9014758949370518
1,1,0.9898555445928072
0,0,0.059996924886209085
0,0,0.009336728079814867
1,1,0.990888883302983
1,1,0.9318110047547074
0,0,0.12333365110820135
0,0,0.008267256028637395
1,1,0.989229980970078
1,1,0.9811645963362275
0,1,0.5522701723471695
0,0,0.19229386914379645
0,0,0.08684360374013529
1,1,0.9637606104556891
0,0,0.022992738557709693
1,1,0.970854334338833
0,0,0.01863383648943882
1,1,0.9679828846304668
1,1,0.9745087269107882
1,1,0.9899000735957242
1,1,0.9733201366538993
1,1,0.9859193498744296
1,1,0.9756441512546004
1,1,0.9888232427939206
1,1,0.9373652404672855
1,1,0.9527908554229598
0,0,0.02421028948013877
1,1,0.6661761368999626
0,0,0.06447437689486463
1,1,0.989229980970078
0,0,0.036055125638142504
0,0,0.29182022924936657
0,0,0.011503614614399244
1,1,0.9699509906749612
1,1,0.981795007977547
0,0,0.054401411412922374
1,1,0.990888883302983
1,1,0.9438291292485136
1,1,0.9894049584196344
1,1,0.9049812666528542
0,0,0.2984082406807946
1,1,0.9104103569808029
1,1,0.9895425761195343
0,0,0.11243266188529977
0,0,0.049071708048239224
1,1,0.9880824554906912
0,0,0.006181985531545367
1,1,0.9626801943438569
1,1,0.9894990516895431
1,1,0.9484388175251888
0,0,0.2927377891463884
0,0,0.2408072425166068
0,0,0.00607800531978531
1,1,0.9863317688314203
1,1,0.9888232427939206
1,1,0.990888883302983
1,1,0.9854665485058516
1,1,0.990888883302983
1,1,0.9898555445928072
1,1,0.989229980970078
1,0,0.3845557148772232
1,1,0.9886527706549473
1,1,0.989229980970078
0,0,0.08249251684487442
1,1,0.9320941328008371
0,0,0.017395113659508694
0,0,0.04294557931698658
1,1,0.9750968343307147
1,1,0.946001031559789
1,1,0.9898555445928072
0,0,0.1476013207689733
0,0,0.016479842732436082
0,0,0.08934020526087534
1,1,0.9055879516214557
1,1,0.929217362556053
1,1,0.9719435164732535
1,1,0.9898555445928072
0,0,0.020936280844526405
0,0,0.13657161053081143
0,0,0.007975606916953178
1,1,0.9878522605875422
1,1,0.9445164769523614
1,1,0.990888883302983
1,1,0.9690249433639266
0,0,0.0724460722654521
1,1,0.9083925573585587
0,0,0.026547247175889643
1,1,0.9880761952739762
1,1,0.9906920233974228
1,1,0.8838149908957188
0,0,0.07225053977849746
0,0,0.1138371742850477
1,1,0.9865723661876251
0,0,0.016239195240286202
1,1,0.9609342188766787
0,0,0.032648211867903426
1,1,0.8799576235732576
0,0,0.06643449451539
1,1,0.9321531528935855
0,0,0.2201391089946617
0,0,0.18114815225798675
1,1,0.8784076669041111
1,1,0.9645369933769371
1,1,0.9664306377086346
1,1,0.9593865295521512
1,1,0.9925309989988504
1,1,0.9528094114060458
0,0,0.007897863996442768
1,1,0.9675506435805545
1,1,0.9758339945694533
1,1,0.9585915876326442
0,0,0.024633684450272014
0,0,0.1268395132395044
0,0,0.005509498698657686
1,1,0.9898923211398772
0,0,0.01593735255809324
0,0,0.04184818910176759
0,0,0.01629783364413405
1,1,0.8678526572616696
1,1,0.9885066778320706
1,1,0.7966706962539443
0,0,0.03610119066336482
0,0,0.28085662340938466
0,0,0.006002245251760508
0,1,0.9368994672568959
0,0,0.00786253643125038
1,1,0.9898435033491829
0,0,0.08298666395531186
1,1,0.9898555445928072
0,0,0.014627242147133167
0,0,0.25064056714356486
0,0,0.07488303402089927
0,0,0.060910025950610604
1,1,0.9889526791665058
0,0,0.013942018649748011
0,0,0.009902194610092082
0,0,0.010352810902356123
1,1,0.9768384615649689
1,1,0.9817452177141663
1,1,0.9804795807656883
0,0,0.4353137094953946
1,1,0.9197022598014275
1,1,0.9857724867645842
1,1,0.9751463713844575
1,1,0.9701071432600007
0,0,0.06871651717271848
1,1,0.9772251989106536
1,1,0.9894122916901819
1,1,0.9795060533728586
1,1,0.9844663531020357
1,1,0.9549272640187195
1,1,0.987982172893196
1,1,0.9856529582198664
1,1,0.9674777943780934
1,1,0.9666602604181475
1,1,0.9626429812047511
1,1,0.9694971880672124
1,1,0.9682095821335638
0,0,0.08058047926812707
0,0,0.0761291941742744
1,1,0.9735428295923497
1,1,0.9702933301047743
1,1,0.9633875351724018
1,1,0.9898435033491829
1,1,0.9607717417178666
1,1,0.9596517125108776
1,1,0.9548998648979163
0,0,0.02091357654226601
0,0,0.009675646833385268
1,1,0.9945304264810958
1,1,0.9948934318010751
0,0,0.09138999880163011
0,0,0.04700184954955023
0,0,0.034590107260034794
1,1,0.989229980970078
1,1,0.9891611045521261
1,1,0.9831870160239817
1,1,0.989229980970078
1,1,0.9888232427939206
0,0,0.035175268373639164
0,0,0.017066216160310035
0,0,0.01484795027612601
1,1,0.9036763770637041
1,1,0.9841601219581797
1,1,0.989229980970078
0,0,0.04600835213225967
0,0,0.004347767545107523
1,1,0.989229980970078
0,0,0.0081755662184344
0,0,0.006272069781543426
1,1,0.9888232427939206
0,0,0.006122839217757609
1,1,0.989229980970078
1,1,0.9718071050088116
1,1,0.9888232427939206
0,0,0.20109490925620288
1,1,0.9930982718837872
1,1,0.9735944840472482
0,0,0.012536506840456357
1,1,0.960812396685977
1,1,0.990888883302983
1,1,0.9876919926988407
0,0,0.16611163694863
0,0,0.05066201281612978
0,0,0.054478364361657615
0,0,0.13239320612255856
1,1,0.9780797408748594
0,0,0.1076239754504839
1,1,0.9754812309850492
0,0,0.07289738991835612
1,1,0.9893391618855069
1,1,0.9593091158565268
1,1,0.9156575591251972
0,0,0.0034203207704504145
1,1,0.9898435033491829
1,1,0.9202503642688694
1,1,0.9898555445928072
1,1,0.989229980970078
1,1,0.989229980970078
1,1,0.9898435033491829
0,0,0.0024135815876912114
0,0,0.06737863740235382
0,0,0.030908240930990018
1,1,0.9898435033491829
1,1,0.9898435033491829
0,0,0.19294804163259793
0,0,0.014072370013692272
1,1,0.989229980970078
1,1,0.990888883302983
1,1,0.9299445649027253
1,1,0.9569061305283598
0,0,0.006765106638282899
1,1,0.9757325111065777
1,1,0.9898435033491829
0,0,0.021408044865945136
1,1,0.9628567642092124
1,1,0.996568193137585
1,1,0.9945569777143713
1,1,0.990888883302983
1,1,0.977129826136005
1,1,0.9832175410736896
1,1,0.9875694912885373
1,1,0.9464471628048672
0,0,0.023527370085585895
0,1,0.8571208624852203
0,0,0.10616897703563578
1,1,0.990888883302983
0,0,0.021473654461449075
0,0,0.16406506230700021
0,0,0.018734420360963726
1,1,0.9658829046174876
0,0,0.009915750271400165
0,0,0.027261027913798686
0,0,0.3672424136806825
1,1,0.9418119101100735
1,1,0.9898555445928072
1,1,0.9762326199972825
1,1,0.9755771445343274
1,1,0.9898555445928072
1,1,0.977373475900659
1,1,0.972617075775638
0,0,0.014271459391346605
0,0,0.19442083928612555
0,0,0.020164673523349042
0,0,0.034974576311173664
1,1,0.990888883302983
0,0,0.09924144284784477
0,0,0.0043697456708189095
1,1,0.985671992000003
1,1,0.96266412937107
1,1,0.9898555445928072
0,0,0.029785507503212433
0,0,0.005672875500473168
1,1,0.989229980970078
1,1,0.9958138544856777
1,1,0.9861329779924152
0,0,0.08924229433246943
0,0,0.10088848934471427
0,0,0.013198823777617146
1,1,0.9898923211398772
1,1,0.8875460473659589
1,1,0.993206199863735
1,1,0.8758456270923837
1,1,0.9042913717124529
1,1,0.9825781913688904
1,1,0.9611823406809058
1,1,0.9777392722714657
0,0,0.0875404871239048
1,1,0.9853763177511062
1,1,0.9884241320313069
1,1,0.9898555445928072
1,1,0.9886527706549473
1,1,0.7825344910539789
1,1,0.990888883302983
1,1,0.9332785590218738
0,0,0.02770832930524787
1,1,0.8450270758364563
0,0,0.014316710872115525
0,0,0.03903250778564471
1,1,0.9872505333248499
0,0,0.06278447197168133
1,1,0.9710586041435566
0,0,0.10806012789797127
1,1,0.9890156420970058
1,1,0.9898555445928072
0,0,0.34948393652379167
1,1,0.9665749895445961
1,1,0.9805933351799405
1,1,0.941832834786243
1,1,0.9776018672765638
0,0,0.03474166070317534
1,1,0.9885869365801917
0,0,0.006214517377095731
0,0,0.004006956650549908
0,0,0.12783387987124617
1,1,0.8246216718121182
0,0,0.05477200030371081
1,1,0.989229980970078
1,1,0.9898555445928072
1,1,0.9574934679478011
0,0,0.004795939109768727
1,1,0.9534063157116791
1,1,0.9898555445928072
1,1,0.990888883302983
1,1,0.990888883302983
1,1,0.9841877106352122
1,1,0.9682347103013547
0,0,0.24688790415904785
1,1,0.8939788343137758
1,1,0.9469223618697189
1,1,0.9886527706549473
0,0,0.03078928330207772
0,0,0.07409589709802951
0,0,0.008774894278457013
0,0,0.012123217884047
1,1,0.9587205389482575
1,1,0.6892140456197839
0,1,0.5357444017077033
0,0,0.012978168229040734
1,1,0.990888883302983
1,1,0.9900223366666095
1,1,0.9836744860070219
1,1,0.9842164449599347
0,0,0.029326163738819775
0,0,0.2714737082935191
1,1,0.9846117039121096
1,1,0.9870020517856005
1,1,0.9814698816640461
1,1,0.9913508922957495
1,1,0.979643350032192
0,0,0.06479368377001447
1,1,0.9925506364202744
1,1,0.9811599412165203
1,1,0.9671434596205231
1,1,0.9802503936575613
1,1,0.9836334886666974
1,1,0.9934728955093766
1,1,0.992125392069538
1,1,0.9926417928564661
0,0,0.06636550601531843
1,1,0.9905804979222528
1,1,0.9544267912859952
1,1,0.9880307934007737
1,1,0.9777309738813885
1,1,0.9925206347713132
0,0,0.09558941948815884
1,1,0.9916652447257424
1,1,0.990397203848228
1,1,0.9874542704364769
1,1,0.9708188047510458
1,1,0.9875899676158081
1,1,0.9813120800914232
0,0,0.011268873247848855
0,0,0.07882870322138603
1,1,0.9888583836195184
1,1,0.9944352914375774
1,1,0.9620999972247096
1,1,0.9601796599453648
1,1,0.9618005930523061
1,1,0.9810261284988538
0,0,0.006146290604551881
1,1,0.943206802823723
0,0,0.02307259062426897
1,1,0.9222795051175524
1,1,0.9543386963502729
0,0,0.017509662293605482
0,0,0.013923194823713984
1,1,0.945074268418168
1,1,0.9899292710957198
0,1,0.5713796291650909
1,1,0.9615261326254497
0,0,0.18782645349281252
1,1,0.9750300773918885
1,1,0.9484555790545105
1,1,0.9742314630248978
1,1,0.9342061771383317
1,1,0.8943851738306685
1,1,0.9074656318443376
1,1,0.9710787657485137
1,1,0.9877581642578808
1,1,0.9507375313384474
0,0,0.22809073720679562
0,0,0.2739635228981201
1,1,0.9937684858779434
1,1,0.9820487220923921
0,0,0.011720748997617445
1,1,0.9885690603372775
1,1,0.9373209433577997
1,1,0.990888883302983
1,1,0.9430904872091749
1,1,0.9810913976868467
1,1,0.5830109515991033
1,1,0.9892291004468895
0,0,0.01783392492639684
1,1,0.9721815459820757
1,1,0.9085666453419584
0,0,0.009781930500400693
1,1,0.990888883302983
1,1,0.990888883302983
1,1,0.8423722006844155
0,0,0.028617767803331803
0,0,0.006592910030875334
1,1,0.990220094462268
0,0,0.03635216854643471
0,0,0.05799762088203248
1,1,0.9898555445928072
0,0,0.04112300688585991
0,0,0.0380410946537017
0,0,0.009692650103323566
0,0,0.07431313695740312
0,0,0.005884291591431599
1,1,0.990888883302983
0,0,0.03281318949584896
0,0,0.1036134153445829
1,1,0.9898555445928072
1,1,0.9001387347189655
1,1,0.9522121492771826
0,0,0.01679353522338659
1,1,0.9065332498368918
1,1,0.8919420221119865
0,0,0.03888893138173345
0,0,0.03804370663976976
0,0,0.015531324728141073
1,1,0.9393440097691012
1,1,0.8943544462047123
0,0,0.15458296898667193
1,1,0.990888883302983
1,1,0.9311151555262127
0,0,0.050108927555711544
0,0,0.012715558726257833
0,0,0.012640357393899843
1,1,0.9435054072223207
1,1,0.9002401253383686
0,0,0.032034954974975514
1,1,0.9894049584196344
0,0,0.012185754853189994
0,0,0.01088909548728504
0,0,0.010465595493834195
0,0,0.015412331283736012
0,0,0.33696484668942656
0,0,0.020194140803272226
0,0,0.010498897767568753
0,0,0.061658710774758374
1,1,0.9450041669791753
1,1,0.9898435033491829
0,0,0.02044200119689288
0,0,0.07474112506035016
1,1,0.9321419366031013
1,1,0.8982006046140427
1,1,0.9698847599425715
1,1,0.9523427345908096
0,0,0.021002682975753525
0,0,0.02706945831197309
0,0,0.13210224265945963
0,0,0.03379592905738444
1,1,0.9415279206278068
1,1,0.9107833573100507
1,1,0.9898435033491829
1,1,0.9934488109068942
1,1,0.965491029308364
1,1,0.9903412758371365
1,1,0.9940998099849387
1,1,0.9686816675915259
0,0,0.01325836191943263
1,1,0.9898555445928072
0,0,0.0952426794836612
1,1,0.962916138393911
1,1,0.9527304319942331
1,1,0.9698004453008567
1,1,0.990888883302983
1,1,0.9749859290035707
1,1,0.990888883302983
0,0,0.06603459687513726
1,1,0.6165042709226196
1,1,0.989229980970078
0,0,0.14347579010706316
1,1,0.9832991037470865
1,1,0.9444419193205048
0,0,0.013462090960817076
0,0,0.02397394983374905
1,1,0.993954705892647
1,1,0.9630547043502994
1,1,0.9626429812047511
1,1,0.9898555445928072
1,1,0.9888232427939206
1,1,0.994012125148762
1,1,0.9454254885632498
1,1,0.9737071344002152
1,1,0.9898555445928072
0,0,0.008946388407667217
0,0,0.03475572519538982
0,0,0.07812798992052697
0,0,0.024217346565533867
1,1,0.9538454496023484
0,0,0.005882361336448681
1,1,0.9191986388812178
1,1,0.9593404433669553
1,1,0.976451863022021
0,0,0.07883549881118394
0,0,0.07814598963033324
1,1,0.9801630264437882
0,0,0.012070655591851429
0,0,0.013374409416077251
0,0,0.47094095472733116
0,0,0.03843776906935037
1,1,0.9486618692828449
0,0,0.036013010070913946
0,0,0.012704871069406687
1,1,0.9851191154234279
1,1,0.9714283543834935
1,1,0.9707417393900231
1,1,0.8226420884225701
0,0,0.057634727274216466
0,0,0.3825394337772937
1,1,0.990888883302983
1,1,0.9762224015953724
0,0,0.003953686295189096
1,1,0.800736616224609
0,0,0.48605949786719305
1,1,0.9940063876297933
1,1,0.9931873672425009
0,0,0.10618079491567996
0,0,0.028944636325846478
1,1,0.9374061120894405
0,0,0.012329392621260149
1,1,0.7844226812279019
0,0,0.49100975675885705
1,1,0.9842143170279591
1,1,0.9894128408518478
1,1,0.9618148986138958
1,1,0.9854065584478613
1,1,0.9928725415770265
0,0,0.03413872177827135
1,1,0.960277213283318
1,1,0.8472126999800309
1,1,0.9661458632822156
0,0,0.03511466910609696
0,0,0.008008431936421508
0,0,0.026880707830530877
1,1,0.9720416875272685
0,0,0.023001172879261175
1,1,0.951169601619523
1,1,0.9857847018503404
0,0,0.0901221244661277
0,0,0.4792442438222289
0,0,0.19073074090186018
1,1,0.9532785610310265
1,1,0.974446467541275
1,1,0.9267945266371711
1,1,0.9021489642483195
1,1,0.9679140602859648
0,0,0.06761616459815657
1,1,0.9898435033491829
1,1,0.9898435033491829
1,1,0.9568875741962737
0,0,0.011227011679211796
1,1,0.9497436509215389
1,1,0.990888883302983
1,1,0.9853792955449964
0,0,0.00039384839266966266
1,1,0.9603718139386245
0,0,0.10349070372191169
0,0,0.009346544781361304
0,0,0.041500577047756504
0,0,0.0655361927449028
0,0,0.045092130234021095
0,0,0.007801417776413114
0,0,0.00039384839266966266
1,1,0.9638219707711912
1,1,0.9888232427939206
1,1,0.9811227401480348
1,1,0.9322194831531118
0,0,0.33377717208988816
0,0,0.012423544497700667
0,0,0.08870078861378329
1,1,0.98854869908587
0,0,0.022948780153251885
1,1,0.927847418038299
1,1,0.9710697613701708
1,1,0.989229980970078
1,1,0.9888232427939206
1,1,0.8996490782819402
0,0,0.13789396051943045
1,1,0.9792659606739667
0,0,0.03789412876976534
0,1,0.8518752855597909
1,1,0.9408548905286956
0,0,0.07297897972585222
1,1,0.9769480491100228
1,1,0.9888232427939206
0,0,0.024120863377028668
0,0,0.07729429307399033
0,0,0.14375683408870074
0,0,0.005049181106331305
0,0,0.005255563102453284
1,1,0.9396999467797612
1,1,0.9912017685304702
0,0,0.31158684461988667
1,1,0.8190207423118141
1,1,0.8837854134616807
1,1,0.9601195377016734
0,0,0.10081121241080987
0,0,0.02608526033927488
0,0,0.014740231111002752
1,1,0.9682024878514689
1,1,0.9094407539848107
1,1,0.9228110426891104
1,1,0.989229980970078
0,0,0.028391352231885957
1,1,0.9644202162062819
0,0,0.00644508835494204
0,0,0.006901926087881966
1,1,0.9685371767502718
1,1,0.9537199326831945
0,0,0.01615744651803523
0,0,0.01647264723067882
1,1,0.990888883302983
0,0,0.03946096980694089
1,1,0.990888883302983
1,1,0.9507907961804892
1,1,0.9411804887303348
1,1,0.9943865792822776
0,0,0.012496320047611515
0,0,0.15170195498741654
1,1,0.990888883302983
0,0,0.012815740750492242
0,0,0.15178180534455255
1,1,0.9615089512483235
1,1,0.9804342266105299
0,0,0.015144575936121472
0,0,0.08596515230631886
1,1,0.9703168479115304
1,1,0.9674319716302929
1,1,0.9780609771875282
0,0,0.08257721264412075
0,0,0.013169630092146955
1,1,0.9911957729390459
1,1,0.9748598934211935
1,1,0.9579120949092563
0,0,0.005164424571963457
1,1,0.9579120949092563
1,1,0.8630561972173544
1,1,0.9429815767339287
0,0,0.05919636883195882
1,1,0.9335353739700315
1,1,0.9909400273883056
1,1,0.9640842999585829
1,1,0.9561025169045159
1,1,0.9898555445928072
1,1,0.97961025001542
1,1,0.9467904063056757
1,1,0.9805522170509524
0,0,0.031005120636862237
1,1,0.8945283161752171
1,1,0.9910270454112129
1,1,0.974531943948169
1,1,0.9818510797189038
1,1,0.9888232427939206
1,1,0.923780425859983
1,1,0.9888216507813365
0,0,0.0457818350954605
1,0,0.3577658016076675
0,0,0.03671362877360175
0,0,0.07678588228224302
1,1,0.9848168477968505
1,1,0.9952108551525154
1,1,0.9698449607566259
1,1,0.9709579284588326
0,0,0.005902778372102224
0,0,0.005902778372102224
0,0,0.006220393331066866
0,0,0.006220393331066866
0,0,0.006220393331066866
1,1,0.989229980970078
1,1,0.9626429812047511
1,1,0.8794199831701739
1,1,0.989229980970078
0,0,0.030013934095228862
1,1,0.9134399754031494
1,1,0.9241719398383521
0,0,0.14121149051450335
0,0,0.008589234243242455
0,0,0.04188771936341163
1,1,0.9598387813420337
1,1,0.9470539492267213
0,0,0.03994819797825163
1,1,0.9772452020292808
1,1,0.9580696355425805
1,1,0.9633657234664571
0,0,0.42444321395316204
1,1,0.961991248098025
1,1,0.9771199299825585
1,1,0.9475012656599018
1,1,0.9630585924303521
0,0,0.2998004061612817
0,0,0.06717015216662675
1,1,0.990888883302983
1,1,0.987148395768593
0,0,0.21628361909198576
0,0,0.019138292314696537
0,0,0.002978763467515046
1,1,0.9894049584196344
0,0,0.04481601589986202
1,1,0.9373011881346266
0,0,0.14799047098787568
0,0,0.016684239747264094
0,0,0.02180406725917608
0,0,0.010399208257009867
1,1,0.9422404618773645
0,0,0.11299705109217328
0,0,0.08072944845751774
0,0,0.14227591600311815
1,1,0.9905765085893204
1,1,0.9096501858767729
1,1,0.9533938527475654
1,1,0.9336915646538091
0,0,0.14227591600311815
1,1,0.9898435033491829
1,1,0.918684354977926
1,1,0.986759006912532
0,0,0.037806483111891956
0,0,0.008192146993265035
0,0,0.006701771520794679
1,1,0.990888883302983
0,1,0.6413555861985903
0,0,0.06441378043421983
1,1,0.9191704387573606
0,0,0.06900323469712451
0,0,0.09361717874684479
0,0,0.03611198067326225
0,0,0.010944507204265734
0,0,0.03952999960639895
1,1,0.9563669045386606
0,0,0.03607475651195825
0,0,0.008204809950674734
0,0,0.01372538316696394
1,1,0.9405278671144642
0,0,0.05379456958732328
0,0,0.01461662220262632
1,1,0.9808544002462479
1,1,0.8786532974580796
0,0,0.20215983794158796
1,1,0.9733506115728902
1,1,0.9525026965251319
1,1,0.9950155127873468
1,1,0.9635516589171833
0,0,0.041625115229770374
1,1,0.9393183527928156
0,0,0.013756827114163536
1,1,0.920987140141719
0,0,0.03599758417503173
1,1,0.9655791465794286
0,0,0.020044399671253932
1,1,0.9687607633452974
0,0,0.03910552193982513
0,0,0.02085852718066551
0,0,0.011132005163608223
0,0,0.03284196812485326
1,1,0.9562672069751224
1,1,0.6685471354177563
1,1,0.9898555445928072
0,0,0.148420864555774
0,0,0.007981516139309686
0,0,0.024291170016994545
0,0,0.03829881691147199
1,1,0.9510862835970074
1,1,0.9913786156033568
0,0,0.09971759328729961
0,0,0.029007767065637964
1,1,0.989229980970078
1,1,0.9718476899232006
1,1,0.9742844353103716
0,0,0.008837058770156302
0,0,0.048615785353288324
0,0,0.46780227481835523
0,0,0.010495904863978504
1,1,0.8323185877369268
1,1,0.9893254215163879
1,1,0.9930063627599314
1,1,0.990888883302983
0,0,0.04461371848531146
1,1,0.926536501068168
0,0,0.12624418140096433
0,0,0.005033488415930689
0,0,0.09680150531226
0,0,0.034424170039920175
0,0,0.036139541590808934
0,0,0.017290356973720264
1,1,0.9687677674255672
0,0,0.12525196878747513
1,1,0.989229980970078
1,1,0.9478541565390844
1,1,0.9898555445928072
1,1,0.9648463742319066
0,0,0.26355650218873694
1,1,0.960229509062906
1,1,0.9677071115050423
0,0,0.0626767087330491
1,1,0.9879965891157837
1,1,0.9566608972080722
1,1,0.9477632988381607
1,1,0.9190673295154196
0,0,0.014821851704837614
0,0,0.03582025667091254
0,0,0.44930871191796934
0,1,0.8573140705073716
1,1,0.9803926753888047
0,0,0.07895567576697875
0,1,0.8573140705073716
1,1,0.9585724556203564
1,1,0.9682933370067526
0,0,0.021200791640780623
1,1,0.9352586593209253
1,1,0.94132590835786
1,1,0.9483736332025071
0,0,0.04121515480347293
1,1,0.9331878028396848
1,1,0.912390981474736
1,1,0.9240775722340714
0,0,0.05783388879537669
1,1,0.881380628713252
0,0,0.14824676474683868
1,1,0.8983764600547132
1,1,0.9013755118392915
0,0,0.0037657372624205414
0,0,0.09798853771551644
1,1,0.9170030015172496
1,1,0.9476655657228741
1,1,0.9468274457820354
1,1,0.9504917381182778
0,0,0.015421547204373023
1,1,0.9412846523139315
1,1,0.9650083072215554
0,0,0.00635402269428696
1,1,0.9898914447281576
1,1,0.9304208210202671
0,0,0.31262955468730447
1,1,0.937008003012836
0,0,0.14067729624225916
0,0,0.04426985498888809
0,0,0.025559594071566005
1,1,0.9850255823404954
0,0,0.019599581554543544
1,1,0.964444055155941
0,0,0.4247169199824392
1,1,0.9898234541763923
0,0,0.01662619371301774
0,0,0.032669430816566744
1,1,0.9644991402482633
1,1,0.989229980970078
1,1,0.9936966105037301
1,1,0.987887004341766
1,1,0.9565731598680315
1,1,0.9913587922921806
1,1,0.9941761406377518
1,1,0.8667986610935287
1,1,0.8902952877171796
1,1,0.9382592980908746
1,1,0.9886527706549473
1,1,0.9871420124634718
0,0,0.14466295447078903
1,1,0.9734161587281434
1,1,0.989790617000659
0,0,0.24438373368372687
1,1,0.9847612255066437
1,1,0.9670833922363391
1,1,0.9721234999548073
0,0,0.1599158335585746
0,0,0.25401286240588633
1,1,0.9741483209133603
0,0,0.016822154783098897
0,0,0.02778148852204104
0,1,0.5882197848094519
1,1,0.9872077688165396
1,1,0.989229980970078
1,1,0.9719767653078678
0,0,0.08994305348824665
1,1,0.9781970280743093
1,1,0.9427074059105306
1,1,0.767319497293301
0,0,0.01313505472260835
0,0,0.40630089614975357
0,0,0.027133673569592065
1,1,0.9957407955490193
0,0,0.1451493453121275
0,0,0.08185943737258096
0,0,0.1619949162186389
1,1,0.9127116312731457
1,1,0.9702705058286352
1,1,0.9365598809862375
1,1,0.9638844412958285
1,1,0.983760219720604
0,0,0.03723030428854197
1,1,0.842610046037196
0,0,0.006277489181470127
0,0,0.003597274298807044
0,0,0.00539290782345436
0,0,0.015118707999187186
1,1,0.9552063035985328
1,1,0.9759579392228304
0,0,0.25706607263892645
1,1,0.9802893343518707
1,1,0.9921723988118701
1,1,0.8897275999195183
1,1,0.9654932406137485
1,1,0.975536823013881
1,1,0.979099120216784
1,1,0.9923255430740252
1,1,0.9223001863297545
1,1,0.992831753649163
1,1,0.9653963506553505
1,1,0.9877066703003434
1,1,0.9874837508997808
1,1,0.9726945691315384
1,1,0.9808237777025438
1,1,0.9778573035185667
1,1,0.9903108548417472
1,1,0.9855311181738818
1,1,0.9952786805168835
1,1,0.9717152165340436
1,1,0.988822591812063
1,1,0.9857239546919131
1,1,0.9807189316235865
0,0,0.04488734446443448
0,0,0.01925688969127965
1,1,0.9758839851350045
1,1,0.987723901319307
1,1,0.9540039411553407
1,1,0.9878562868983787
1,1,0.9882388220759918
1,1,0.9806556650572729
1,1,0.99487455044026
1,1,0.9942753755916579
1,1,0.9880876521476479
1,1,0.9581929967883692
1,1,0.9809280650518086
0,0,0.05230628853379023
1,1,0.9547219334059339
1,1,0.87688114589209
1,1,0.9324301795108448
1,1,0.904025753939663
0,0,0.04453805416339722
0,0,0.15020155014912445
0,0,0.07273311990272116
1,1,0.9813121372580275
0,0,0.0020906810330693754
0,0,0.029649968863998396
0,0,0.04567016658396978
1,1,0.9554251354969617
1,1,0.9564169724383556
1,1,0.9659312736902265
0,0,0.07788332830348328
0,0,0.029080414598054754
1,1,0.8960260335042551
0,0,0.08346199443826281
1,1,0.982226412386191
1,1,0.9207282118981711
0,0,0.01536053512712854
0,0,0.057694265899282005
1,1,0.8271874735276927
0,0,0.19052257466203115
0,0,0.01625476602947849
0,0,0.03319499420892158
0,0,0.07196354929127244
0,0,0.03576612088470311
0,0,0.03464555429734278
0,0,0.005179890859183056
0,0,0.0587062569121744
0,0,0.03643114869549762
0,0,0.1272761816037645
0,0,0.05419471875343172
1,1,0.943912746663389
0,0,0.015056128520333516
0,0,0.12849818750275788
0,1,0.5491388435149401
0,0,0.08740036968614937
0,1,0.61803170190307
0,0,0.010599674896919481
0,0,0.01061542244227353
1,1,0.9558967511064786
0,0,0.03769607739727771
1,1,0.9743128614420792
0,0,0.06754840029683326
1,1,0.9449238870305215
0,0,0.012711694024513422
1,1,0.9733131119675572
0,0,0.012802179669492254
0,0,0.049198860840452434
0,0,0.08208179511920002
0,0,0.2969347889254078
0,0,0.0134611873005993
0,0,0.3126787207666468
0,0,0.02709736096329159
0,0,0.03840010218931597
0,0,0.007401009089500846
0,0,0.3732643255966579
0,0,0.08218052225072135
0,0,0.0007634773064007246
1,1,0.9976591490600861
1,1,0.9081979106434837
0,0,0.049410223278350714
1,1,0.9549487668176249
0,0,0.010246328484886153
0,0,0.09846846437344417
1,1,0.9319247442054155
1,1,0.9138769727979369
0,0,0.025827582603627008
1,1,0.9183330173003154
0,1,0.5083623211959408
1,1,0.9303508096299773
0,0,0.010611200898730896
0,0,0.02366708948863973
1,1,0.7696080069663761
0,0,0.02328712224352743
0,0,0.1686554716988788
0,0,0.08984036537960144
0,0,0.02295798969159631
0,0,0.020723532435295157
1,1,0.9817901632641253
1,1,0.967888204382142
1,1,0.978548238592685
1,1,0.9847522637699352
0,0,0.4208980726854015
0,0,0.09073835488476008
1,1,0.8947656638534267
1,1,0.9438575528205907
1,1,0.9713591379811412
0,0,0.04705274152764154
0,0,0.007122968463841499
0,0,0.08258913472583843
1,1,0.9905045586811843
1,1,0.9828552615020989
1,1,0.9930131481620066
0,0,0.020646599021535646
0,0,0.42069296807916656
0,0,0.012559118143377769
1,1,0.9355418386192625
0,0,0.052794031033137
0,0,0.16095588414613377
0,0,0.08390041229707813
1,1,0.9496534645995199
0,0,0.05828498405121681
0,0,0.014218381927481063
0,0,0.020573825764882387
0,0,0.050409768113774775
1,1,0.9934539771501326
1,1,0.9942963461605485
0,0,0.04502480597838385
0,0,0.0994371745903858
0,0,0.016335000894519523
1,1,0.8996081940267481
1,1,0.9855215107081217
0,0,0.03605796860794828
0,0,0.1814231095667192
1,1,0.965105890831454
1,1,0.9596183544407084
1,1,0.9618999055571646
0,0,0.02582922767094461
1,1,0.9653280322020574
0,0,0.027032834516825255
0,0,0.07867408118687104
1,1,0.9893391618855069
1,1,0.9786697657255785
1,1,0.9803926753888047
1,1,0.9898356857508525
1,1,0.990888883302983
1,1,0.928997051665717
1,1,0.9492743948111646
0,0,0.016303286239448163
0,0,0.03248399188324091
0,0,0.01903081327795372
1,1,0.8839980354216214
0,0,0.04181126488773307
0,0,0.02009090975499946
0,0,0.053138040066795005
0,0,0.008761029811703888
1,1,0.9699944163086555
0,0,0.021311925458902568
1,1,0.6710465063508628
1,1,0.7245925997648616
0,0,0.03212868922948619
0,0,0.07545806815674498
1,1,0.9896595718077134
1,1,0.9722358775998182
0,0,0.047681857792149264
1,1,0.990888883302983
0,0,0.005027858016060667
0,0,0.0029746283273939527
0,0,0.021966675147146886
1,1,0.9255167948576023
0,0,0.2758071226354202
0,0,0.02078265634149429
0,0,0.01146206128827228
0,0,0.04367853762246049
1,1,0.9898356857508525
1,1,0.8838954364954978
0,0,0.028214192757038847
1,1,0.9024080037227845
0,1,0.6156819023379341
0,0,0.01257818269709212
0,0,0.42868994177539693
1,1,0.9803926753888047
1,1,0.9898923211398772
0,0,0.03845938721428036
0,0,0.2997163892861814
1,1,0.9903589001544083
0,0,0.11872922674340312
0,0,0.06890739352519179
0,0,0.028089585047323812
1,1,0.9627258822211845
1,1,0.9868800307007749
1,1,0.973781051554698
0,0,0.010349332573873193
1,1,0.9543162497249557
0,0,0.024422375010300368
0,0,0.015543988825073705
1,1,0.8879670286088605
1,1,0.9903666382962044
1,1,0.955779177415023
0,0,0.018755704706445907
1,1,0.9190647172427487
1,1,0.9105923502488311
0,0,0.02219244830389632
0,0,0.05154961960341184
0,0,0.31959418864041755
1,1,0.9629764416839646
1,1,0.9871943705782451
1,1,0.9441570283833596
0,0,0.021287704063845534
0,0,0.06943996282865009
1,1,0.9590040272408541
0,0,0.05405410943940288
0,0,0.01791229091209636
0,0,0.025672386058331047
0,0,0.005020825286103585
0,0,0.009162839699809092
0,0,0.30131512246983627
0,0,0.023650575841233482
1,1,0.9651007588087035
0,0,0.05973156509922438
1,1,0.9893391618855069
0,0,0.07329242632157432
0,0,0.007455588417955524
0,0,0.023119951363105875
0,0,0.017346330404523227
1,1,0.9841663889394392
0,0,0.0031262801013945117
0,0,0.007624785339360588
1,1,0.9157871688762849
1,1,0.9821220147886763
0,0,0.006181770320166478
0,0,0.10189148226349194
0,0,0.019536924769791682
0,0,0.14282707258950084
1,1,0.9894523438060662
1,1,0.8878080857723067
0,0,0.008391858930237469
1,1,0.8951106127424647
0,0,0.08534621473852073
1,1,0.9785070115635581
0,0,0.015254602268592592
1,1,0.9725353349540029
1,1,0.9750559580286152
1,1,0.9628467854100827
0,0,0.013342790952927149
1,1,0.9922748172430239
1,1,0.9577056446678771
1,1,0.9875727548935223
0,0,0.01027393645664285
1,1,0.9273890604401073
0,0,0.059606249963894596
1,1,0.9803926753888047
0,0,0.0265899481784421
0,0,0.03859937591076731
1,1,0.942439624636656
0,0,0.03744126190168895
1,1,0.9780519741237106
0,0,0.015420496549854333
0,0,0.03637062482652299
1,1,0.9250080584807807
0,0,0.007000643785335445
0,0,0.06327449360557323
0,0,0.04825077834544374
0,0,0.08420863798091356
1,1,0.9669696605774104
0,0,0.015727421857916587
0,0,0.11888720328041909
1,1,0.985532391036243
0,0,0.017669518963867002
1,1,0.8701579569863251
1,1,0.9851616250607214
0,0,0.07690818133430512
1,1,0.9310596473872623
0,1,0.7681237483334191
1,1,0.8554350045136753
1,1,0.9342114828506484
0,0,0.040664672732653874
0,0,0.04696321231903143
1,1,0.9209293255441087
0,0,0.0400207226560451
1,1,0.9504712115882193
1,1,0.9575974823773282
1,1,0.9880976228365517
1,1,0.9712213003503221
1,1,0.9890109950869461
1,1,0.9879613862031296
1,1,0.9451267202054597
0,0,0.08536729196410826
1,1,0.9899411785393422
1,1,0.9578939135718212
1,1,0.8901398176894415
1,1,0.9426744415017643
0,0,0.05636075660091443
0,0,0.09085237068355569
0,0,0.02849044484435763
0,0,0.03799618746583801
0,0,0.171148927414941
1,1,0.9888232427939206
0,0,0.10131488070689043
0,0,0.0177501322663616
0,0,0.06865925455893525
0,0,0.20467679808218034
0,1,0.5904047485692487
1,1,0.9099374120176603
1,1,0.9484914943401487
1,1,0.9888232427939206
0,0,0.011870973765891687
1,1,0.9916651624596109
1,1,0.9925831508584642
0,0,0.025747601996444592
0,0,0.008488383343163748
0,0,0.011461632650675633
0,0,0.07154847053775044
0,0,0.07088803585175928
0,0,0.02380580332543032
0,0,0.00853593508377427
1,1,0.9141420962406913
0,0,0.01593601158065757
1,1,0.9648911612967148
0,0,0.19095520427532173
1,1,0.6054092318408512
0,0,0.12032846652935887
0,0,0.028416501858096643
1,1,0.9887004147223966
0,0,0.036355992775486096
1,1,0.9171451460133296
0,0,0.01889459467336511
0,0,0.09278949063104763
0,0,0.13996679916309698
0,0,0.034055811478781804
1,1,0.9806664644614295
1,1,0.7283404754617434
1,1,0.9830278849435795
0,0,0.2091031453531947
1,1,0.9405482702600793
0,0,0.2289791177263717
1,1,0.9460498102587621
0,0,0.01619790494354092
1,1,0.8922830789447982
0,0,0.04305141748625815
1,1,0.9612933070711343
1,1,0.9563427743293014
1,1,0.9155171518219788
0,0,0.053650754022867835
0,0,0.03234467255319108
1,1,0.917785365915616
0,0,0.02244284899610821
0,0,0.017360767571023936
0,1,0.6651548199985418
1,1,0.9299288896941414
0,0,0.004710086748624735
1,1,0.9570455883638093
1,1,0.9888232427939206
0,0,0.02823874923479465
0,0,0.1277929010846757
0,0,0.06172370917978846
1,1,0.9818668083095813
0,0,0.023538642922059018
0,0,0.01750049218289417
0,0,0.09246459399904705
0,0,0.07227412159587684
1,1,0.9067222294938913
1,1,0.816047256173525
0,0,0.4171775154528306
0,0,0.18444604782717144
1,1,0.9004825549975825
0,0,0.013592188234363093
0,0,0.30389619511395094
0,0,0.02036300347926407
0,0,0.11388952450932932
0,0,0.04697799575766592
0,0,0.1089880250916462
0,0,0.0004136478870166393
0,0,0.013630390162237953
0,0,0.01122715630963146
1,1,0.9734605225474646
0,0,0.06035594871159043
1,1,0.9833215885174461
0,0,0.07733856178047477
1,1,0.9833049973123342
1,1,0.9396479336217988
0,0,0.09397619743806747
0,0,0.09873528472649433
0,0,0.016081162461717112
0,0,0.03016532443709854
0,0,0.01050788661444373
0,0,0.00876479641920001
0,0,0.07917525992097361
1,1,0.9441814693695899
1,1,0.9416469316574815
0,0,0.3768947978346007
0,0,0.06716485255871467
0,1,0.8601556213989077
0,0,0.031517588864886675
1,1,0.9601171823879119
0,0,0.04058429152232169
0,0,0.010226384432226315
0,0,0.16158806136419623
0,0,0.11667341238136221
0,0,0.01890482343466507
0,0,0.012299671083110626
1,1,0.9291730227791439
0,0,0.08752669867290039
0,0,0.018361855096821766
0,0,0.017929547368921186
1,1,0.9647838555932228
1,1,0.9888694022982562
0,0,0.08559542263580432
0,0,0.004605474600011509
1,1,0.964758397699139
1,1,0.9442644648066415
0,0,0.0732164791266145
1,1,0.8883833329246793
0,0,0.23778377283463914
1,1,0.9157871458560529
0,0,0.009272916729774356
1,1,0.990603680675545
1,1,0.8123382849218458
0,0,0.14782931163655916
1,1,0.9610540407306829
1,0,0.4043635839793572
0,0,0.017277820854611665
0,0,0.24484902441223957
1,1,0.9916150089997776
1,1,0.970674903386879
0,0,0.45932437075100746
1,1,0.8334328608216565
0,0,0.06282539696697563
0,0,0.007473519616138759
0,0,0.09333469264985735
0,0,0.0068276365641986875
0,0,0.04846783839720775
1,1,0.9575443911661529
1,1,0.9304311448489043
1,1,0.9574039199555818
1,1,0.9313619295168143
1,1,0.8704692385575816
1,1,0.7623655828560979
0,0,0.013117158581409272
1,1,0.9920383909786127
1,1,0.9835816030518894
0,0,0.01719137402276337
1,1,0.9330635298410516
0,0,0.1596860133558393
0,0,0.009190835338986179
1,1,0.9180105786245167
1,1,0.8794240333545967
1,1,0.87272401134493
1,1,0.991105791631609
1,1,0.9091889279023315
1,1,0.942331811551679
1,1,0.8895941240595574
0,0,0.05235685325604417
1,1,0.9582531180429394
1,1,0.8809743357383979
1,1,0.9676641046570699
1,1,0.9966320616814325
0,0,0.04253028050154902
1,1,0.9002448958587128
1,1,0.883350700159849
1,1,0.8980747440060705
0,0,0.004938844523816482
0,0,0.04523788002662014
1,1,0.886358085406369
1,1,0.9840947815064776
0,0,0.21824486792046033
1,1,0.9846792288184089
1,1,0.8288776775595739
0,0,0.010594240767060309
0,0,0.02440784613735308
1,1,0.9871988291340354
0,0,0.11655495472273185
1,1,0.8762373824740134
1,1,0.9558009981578339
1,1,0.9723101716472698
0,1,0.7488120431083874
1,1,0.9841828428102505
1,1,0.9703280952341102
0,0,0.09252061408751316
1,1,0.9542195326249265
0,0,0.39795708033298954
1,1,0.9573375332669392
1,1,0.960606092471418
0,0,0.016671467303245625
1,1,0.9153083795071636
1,1,0.9096734107130764
1,1,0.9854908872153679
1,1,0.9166430248045602
0,1,0.7335722982231162
1,1,0.987041395537386
0,0,0.08500800303395203
1,1,0.9684922066465361
1,1,0.9763062060585118
0,0,0.16827545663794416
1,1,0.9402767991563371
1,1,0.9949722168426096
0,0,0.32553193272071856
1,1,0.9767095193901202
1,1,0.993243471878254
1,1,0.9889440790865874
0,0,0.006897557762885682
0,0,0.02178202923615362
1,1,0.9801235660964042
0,0,0.0587308836855389
1,1,0.91547668539234
0,0,0.1355233508197864
0,0,0.004158925573043453
0,0,0.04378391248446939
0,0,0.01894485225939997
0,0,0.14272704986237034
0,0,0.009490429544737961
0,0,0.07043066646415823
1,1,0.9851484613428371
1,1,0.9783544083151667
0,0,0.08833223076762359
1,1,0.8567017589232955
0,0,0.06120616319441344
0,0,0.057849282133948944
0,0,0.13961869716372025
0,0,0.1124202652527808
1,1,0.9939251686862041
1,1,0.9769127644506972
0,0,0.05666619696421344
0,0,0.05272656781915355
1,1,0.9682826104257848
1,1,0.9600190710724111
1,1,0.9617270613003649
1,1,0.9430544662235543
1,1,0.9611984658078251
1,1,0.9806696679080581
0,0,0.21752598665342787
0,0,0.013390133813530119
1,1,0.9851161219786723
0,1,0.850305870709343
0,0,0.014309324559061974
0,0,0.019139487549525
0,0,0.351897875489171
1,1,0.973695117795747
1,1,0.9799293213249413
1,1,0.9540010695817144
0,0,0.10595898920767165
1,1,0.9519733859941002
1,1,0.9793070228051792
0,0,0.3283460325614132
1,1,0.9007329900587268
0,1,0.5029858917852398
0,0,0.04895160482128421
0,0,0.05101617220053538
1,1,0.9788299660667432
1,1,0.9184725424861668
0,0,0.04627280656748429
1,1,0.9884073191809584
1,1,0.9584812102752427
0,0,0.0025530595469912577
1,1,0.9705991836730538
0,0,0.02706855603914457
0,0,0.17177875278088497
0,0,0.020813303619699405
0,0,0.09668937108049767
1,1,0.9051319509883279
1,1,0.937654316890915
1,1,0.9364894730129286
0,0,0.039982686747224244
1,1,0.9680589456362522
1,1,0.9644942097567426
0,0,0.05582297537551
0,0,0.004831694713024442
0,0,0.03249604280685343
0,0,0.11392125704650585
0,0,0.039570789024140414
0,0,0.020705309539642596
0,0,0.010164409265001789
1,1,0.9839072689090534
0,0,0.20132874770233553
0,0,0.052641854405051494
0,0,0.02821508257940245
0,0,0.01219608689405802
0,0,0.2504566046404198
1,1,0.9902629197500201
1,1,0.9881216199554269
1,1,0.9634583739678805
1,1,0.8132724896570094
1,1,0.9677373197650455
1,1,0.9175470384208793
0,0,0.13742622332448295
1,1,0.9646610949891827
1,1,0.9418002901615338
1,1,0.9695749668796488
1,1,0.985394435263311
1,1,0.9762646007313944
1,1,0.9864508676039707
1,1,0.7560882283025169
1,1,0.9667119072550505
0,0,0.029496305563180666
1,1,0.9756550292304952
1,1,0.986615518571276
1,1,0.9841024349396279
0,0,0.26164468044282746
1,1,0.9099538383453406
0,0,0.03018728169719831
1,1,0.9728018787459155
0,0,0.015675201394845673
1,1,0.9684837876724025
0,0,0.010102415964231387
1,1,0.9220596601153588
1,1,0.9607454607588641
1,1,0.9753845307096412
0,0,0.01724093249659212
1,1,0.9834790446258589
1,1,0.9413638920952146
0,0,0.4197158365963323
1,1,0.9681357246463649
1,1,0.9408858177789887
1,1,0.9789473620881626
0,0,0.00991317148567281
1,1,0.9899799532164532
1,1,0.9165376289269954
1,1,0.9903543339663152
1,1,0.9950472084261159
1,1,0.9896714527294898
0,0,0.2503638364483985
1,1,0.9786235537171858
0,0,0.053529067611735905
1,1,0.9868544916025918
1,1,0.9563546591562899
1,1,0.9347738690260828
0,0,0.03991289343728581
1,1,0.9593322150997705
0,0,0.008440539474973634
0,0,0.07846192712930543
0,0,0.03719769130356085
1,1,0.9763048046708038
1,1,0.9954670035296187
1,1,0.977210894950366
0,0,0.2380692004043611
1,1,0.9516623729353295
1,1,0.9931201716253218
1,1,0.9633764080485622
0,0,0.02797588446038161
0,0,0.02644863105138971
1,1,0.962256011713537
1,1,0.9274506856891017
1,1,0.9736127846945344
1,1,0.9575552134674561
1,1,0.9968658357021861
1,1,0.9212336389312015
0,1,0.8173199697577547
0,0,0.42681207156912043
0,1,0.8173199697577547
0,0,0.14907253066130305
0,1,0.5188766162679904
0,0,0.005255566926970804
0,0,0.0805435427198837
0,0,0.3983552909233476
0,0,0.016807139718100612
1,1,0.8685121432989268
1,1,0.9733061996365074
1,1,0.9649528415573542
1,1,0.905205759972085
1,1,0.9168197505879065
1,1,0.9785274161532342
1,1,0.9961602821486993
0,0,0.016509650404821694
0,0,0.010687818920720328
1,1,0.9515405787359162
1,1,0.9877426250313954
1,1,0.9760224522490595
1,1,0.9407365622235415
0,0,0.04340982163609628
0,0,0.010656569999462007
0,0,0.009526528077236173
0,0,0.0570952590850523
1,1,0.8928249907315475
1,1,0.9277292562722645
1,1,0.5882588712020286
1,1,0.9872884821675829
1,1,0.9695061306567209
1,1,0.9704409859073823
1,1,0.9533939810433458
0,0,0.08578212649743916
1,1,0.9326915045832744
0,0,0.030740172230294304
0,0,0.34656335931709104
0,0,0.045107860258510366
1,1,0.896135294023905
1,1,0.8883596614308658
0,0,0.022790092946674983
0,0,0.0017350634252879201
1,1,0.9255365391923849
1,1,0.9355023562573468
0,0,0.029830552994032433
0,0,0.03019890596878684
0,0,0.01681556953975404
0,0,0.006253898213243973
1,1,0.9886447769289051
1,1,0.9845496536766836
0,0,0.11249321190228234
0,0,0.009454418190080712
1,1,0.8655439085653464
1,1,0.9725745602800419
0,0,0.007404027259050175
1,1,0.8696412842171813
0,0,0.014343175362713718
1,1,0.9631166939473996
1,1,0.9836737443974336
0,0,0.006725683821561837
0,0,0.15442478557050507
1,1,0.9743990047186467
1,1,0.9912911783380979
1,1,0.989955264008753
1,1,0.9602137979719784
0,0,0.24842757386937186
0,0,0.13697672503212513
1,1,0.9828904205830851
0,0,0.0034645741272571265
0,0,0.012130417790216688
0,0,0.15566980038926714
0,0,0.026340450979009555
1,1,0.9488023281876883
0,0,0.07909500967794633
1,1,0.7943360841590574
0,0,0.06059648133894483
1,1,0.8904937922344706
1,1,0.5653468254573782
0,0,0.020515355944837815
1,1,0.9694516716411361
0,0,0.4221542277307631
1,1,0.8896139006288213
1,1,0.8459434568939859
0,0,0.016983021850143186
1,1,0.969679414707201
0,0,0.19006512668049969
1,1,0.9731286963466537
1,1,0.9388506739400171
1,1,0.9730928912278713
1,1,0.9693914812774297
0,0,0.07470294317190136
1,1,0.9555953031844698
0,0,0.42618754602954306
0,1,0.5390774087803732
1,1,0.951935809516757
0,0,0.2801105148673655
0,0,0.037890113639871825
0,0,0.05991842298537031
1,1,0.9647879795863709
0,0,0.14512460646452122
1,1,0.9927908883775096
0,0,0.23377136594656783
0,0,0.212765425322714
0,0,0.13712792611779676
0,0,0.08832419273377971
0,0,0.018685601821975588
1,1,0.9820308317084893
0,0,0.01708306842113615
0,0,0.007802809697420599
0,0,0.023384153996328122
1,1,0.9891286949725755
0,0,0.12604226156365658
0,0,0.039522469485565107
1,1,0.9869708132417612
1,1,0.9211166851317428
1,1,0.9706454406524659
1,1,0.9357644255289916
1,1,0.9913147782556491
0,0,0.03229350205933083
1,1,0.9084035108879883
0,1,0.5139718059504067
0,0,0.023436510189134573
0,0,0.09036371977184077
0,0,0.13006781752582747
0,0,0.008205888957376662
0,0,0.06549604323213837
0,0,0.028515045774773214
0,0,0.07125415963667686
0,0,0.09035474723698306
0,0,0.006930552058637158
1,1,0.9234853130609392
0,0,0.06041794784999024
1,1,0.9317908843889562
1,1,0.8724004427289873
1,1,0.9809663131008418
1,1,0.9531876820298418
0,0,0.03186108596827737
1,1,0.9745062181868999
1,1,0.9771733233014589
1,1,0.9775359799337081
0,0,0.05640618697219289
1,1,0.8411856936214881
1,1,0.9406023276175574
1,1,0.9801266700901677
1,1,0.8805951953748983
1,1,0.9716229548242926
0,0,0.0254053499792599
0,0,0.037065648527523504
1,1,0.9934714097640062
1,1,0.9453325697303876
1,1,0.9598498274728139
0,0,0.006725121007486653
1,1,0.9008767098505662
0,0,0.008803088214998228
1,1,0.8900185013571195
1,1,0.9863824763617928
1,1,0.9825046883267318
1,1,0.9578463437639698
1,1,0.8209534942155066
0,0,0.01618058055512594
1,1,0.903075972005258
1,1,0.9258234326310073
1,1,0.9623571445181625
1,1,0.9504011698456972
1,1,0.9937139373130957
0,0,0.30201892083649473
0,0,0.056923897830014294
1,1,0.9417125840425522
1,1,0.8669608386348011
1,1,0.9940844964581876
1,1,0.9063785432473569
0,0,0.00951646530585724
0,0,0.023319483507439537
1,1,0.9818668083095813
0,0,0.04510177669769212
1,1,0.9937092690982575
1,1,0.9371351871622121
1,1,0.9918578806029433
0,0,0.2357650873671552
1,1,0.906249897834455
0,1,0.6999118697394949
0,0,0.12442384292478269
0,0,0.06549817973022981
0,0,0.04849896048010588
1,1,0.993780493136483
0,0,0.32797586546204105
1,1,0.993780493136483
1,1,0.9937092690982575
1,1,0.9141680122575534
1,1,0.9337527172412728
0,0,0.2586703264328353
1,1,0.9618973382901731
1,1,0.9058050285869028
0,0,0.1308576873342996
1,1,0.9537673100625688
1,1,0.9934714097640062
1,1,0.9940844964581876
1,1,0.9941026102414112
1,1,0.9946946997631078
0,0,0.2078955501292149
0,0,0.06187083095509216
0,0,0.01745793980831938
1,1,0.9934714097640062
1,1,0.9932730372136075
1,1,0.9946946997631078
1,1,0.9934714097640062
1,1,0.9946946997631078
1,1,0.9940844964581876
1,1,0.9933495426557398
1,1,0.9941026102414112
1,1,0.9937139373130957
1,1,0.9946946997631078
1,1,0.78299472963492
1,1,0.9746260620352062
1,1,0.9946946997631078
1,1,0.9940771565767436
1,1,0.9946946997631078
1,1,0.9940844964581876
1,1,0.9284911969861792
0,0,0.00931609219545751
1,1,0.9940844964581876
0,0,0.04370904716652214
1,1,0.9373209851584862
0,1,0.6280342872109463
0,0,0.2193323694776686
1,1,0.9940771565767436
1,1,0.993780493136483
1,1,0.9941026102414112
1,1,0.9940771565767436
1,1,0.9940771565767436
0,0,0.03352574306691689
1,1,0.970191985304738
0,0,0.1388735223921899
1,1,0.9937092690982575
0,0,0.019661379490924422
1,1,0.967543580787136
1,1,0.931080677693278
0,0,0.04741325285236944
0,0,0.13823659164661242
0,0,0.1746899839692049
1,1,0.9940771565767436
0,0,0.12069308157539699
1,1,0.9941026102414112
0,0,0.04506325136137874
1,1,0.9760399398825713
1,1,0.893947160476197
1,1,0.9710758277540722
1,1,0.9697666337566171
0,1,0.6940299570271498
0,0,0.01013324923121225
0,0,0.0935404540317289
0,0,0.04851482954377761
1,1,0.9341770798638951
0,0,0.19410754097766555
1,1,0.776283149149612
0,0,0.08070698480360305
1,1,0.9090130115069619
1,1,0.9183446502792301
1,1,0.9615203395022139
1,1,0.8562691947421099
1,1,0.9880231249015251
1,1,0.9937092690982575
0,0,0.005009383386247175
0,0,0.07209233995882253
0,0,0.008697843390839425
1,1,0.9658628698452871
1,1,0.9946946997631078
0,0,0.1494635369686151
1,1,0.993780493136483
1,1,0.9940771565767436
1,1,0.9941026102414112
1,1,0.9713715668060018
1,1,0.9541285176297616
1,1,0.9819232732865597
1,1,0.9940771565767436
1,1,0.9937139373130957
1,1,0.9937092690982575
0,0,0.12274725818828808
1,1,0.9727459968793367
1,1,0.9623784696181888
1,1,0.9831446229924646
0,0,0.298784784940123
1,1,0.9608572217703516
0,0,0.11951740312088205
0,0,0.012503074959294678
0,0,0.0502103332181766
1,1,0.7137411548996293
1,1,0.9728807171757147
1,1,0.9794740705884525
1,1,0.9940771565767436
1,1,0.9937092690982575
0,0,0.06893570939568808
0,0,0.09897483525032609
1,1,0.9858335014032529
0,0,0.05752853554382214
1,1,0.9937139373130957
1,1,0.9627940253329854
1,1,0.9748495242107059
1,1,0.9940771565767436
1,1,0.9940844964581876
1,1,0.9940771565767436
1,1,0.9940771565767436
1,1,0.9940771565767436
1,1,0.9938110246489263
0,0,0.04300241922757256
1,1,0.9934714097640062
1,1,0.9946946997631078
0,0,0.16619204163185955
1,1,0.977371470614543
1,1,0.9833933967846875
0,0,0.02240454684010685
1,1,0.7974869817544997
1,1,0.9802366022367908
1,1,0.8288163795968823
1,1,0.9941026102414112
1,1,0.9938110246489263
0,0,0.013335684272675652
1,1,0.9944550992310189
0,0,0.0048714048459946825
1,1,0.8903325216870123
0,0,0.029856563270972435
1,1,0.6959599372651123
1,1,0.9645563131409772
0,0,0.1623846657807375
1,1,0.9598783216127795
1,1,0.9806209888240318
0,0,0.030567736863936344
1,1,0.6997778845788835
0,0,0.32936041751160455
0,0,0.01988909917012079
0,0,0.06438181902623398
0,0,0.004054452492374223
0,0,0.37184241536045826
1,1,0.9940771565767436
1,1,0.9937192115311911
1,1,0.9940771565767436
1,1,0.993780493136483
1,1,0.9586320253145024
1,1,0.9595528608752452
1,1,0.9940844964581876
0,0,0.017559363171230018
1,1,0.9368840404254549
1,1,0.956475488745809
1,1,0.9941026102414112
1,1,0.9817945506868149
1,1,0.980013702143546
1,1,0.9946946997631078
1,1,0.9972795138567181
0,0,0.005061536537366029
1,1,0.9946946997631078
1,1,0.9788300537111468
1,1,0.9839662239507492
1,1,0.9946946997631078
1,1,0.9833575756407601
1,1,0.9793706371871731
1,1,0.9937139373130957
1,1,0.9941026102414112
1,1,0.9983967161903615
0,0,0.009413577011145032
1,1,0.994510339212599
0,0,0.02125275345074019
1,1,0.9941026102414112
1,1,0.9941026102414112
0,0,0.002366715787537864
0,0,0.08968966674639713
0,0,0.3553023313671163
1,1,0.9892078786857385
1,1,0.9687712557979925
1,1,0.6893363758016248
0,0,0.015133543297142203
0,0,0.023296540462650277
1,1,0.9840113812321623
1,1,0.9786867554255473
1,1,0.958746577464162
0,0,0.031898512051145404
0,0,0.010955820502309975
1,1,0.993780493136483
0,0,0.03238486629838026
0,0,0.09353428111692903
1,1,0.9294967103272981
0,0,0.02577451777554306
1,1,0.9940269044919253
0,0,0.03429684217534551
0,0,0.018144432689105778
1,1,0.9814243659124137
1,1,0.9928524478969327
1,1,0.9946946997631078
1,1,0.9116375539349361
1,1,0.9937139373130957
0,0,0.12888982239621982
1,1,0.9937139373130957
1,1,0.993476854265969
1,1,0.7852425471420204
1,1,0.9462345703521786
1,1,0.9940844964581876
1,1,0.9167266658147474
1,1,0.9934786056966809
1,1,0.9952037722133399
0,0,0.08423802933160454
1,1,0.9745497863350685
1,1,0.9656069787839904
1,1,0.9773370942270226
1,1,0.9627940253329854
0,0,0.07226152605206647
1,1,0.966477177699086
1,1,0.9934604473423139
0,0,0.3373964811790266
1,1,0.9860388492966816
1,1,0.9946946997631078
1,1,0.9969084913191503
1,1,0.993780493136483
1,1,0.9251304701581734
1,1,0.9937139373130957
1,1,0.9626595840885475
1,1,0.9747117330469136
1,1,0.9314054714409853
1,1,0.9593696112860581
1,1,0.9916528182419072
1,1,0.9850104729259579
1,1,0.9822694490496461
0,0,0.05343454527919486
1,1,0.9807031697173096
1,1,0.9941777960304692
1,1,0.979203871123334
1,1,0.9313623837072809
1,1,0.9828604472355422
1,1,0.9859403332738782
1,1,0.9851580259546988
1,1,0.9765637402820185
1,1,0.941030151221814
1,1,0.9892430874392767
1,1,0.993780493136483
1,1,0.9522261503381376
1,1,0.9929144978197463
1,1,0.9946946997631078
0,0,0.04659774916833794
0,0,0.01556912596924759
0,0,0.0034539315216256515
0,0,0.2576773019866978
1,1,0.9810943797313052
1,1,0.989619331226305
0,0,0.02944742715166578
1,1,0.9940771565767436
1,1,0.9852858000800125
1,1,0.9946946997631078
1,1,0.9937139373130957
1,1,0.9938110246489263
1,1,0.9946946997631078
1,1,0.9946946997631078
0,0,0.08117694121919361
0,0,0.18893725459589766
1,1,0.9618495066276241
0,0,0.044152002657113006
1,1,0.9901898555993901
0,0,0.31076060971112174
0,0,0.061749078954290534
0,1,0.5298744204685685
1,1,0.9805968172947604
1,1,0.864754242768906
1,1,0.8654326946343688
1,1,0.9937092690982575
0,1,0.5074846419564529
0,0,0.03813481161138589
1,1,0.9753501395880579
1,1,0.9788448813421224
1,1,0.9895592136038441
1,1,0.9627139517706605
0,0,0.07276297631163356
1,1,0.9879192220096032
0,0,0.026242937924800296
1,1,0.9938110246489263
1,1,0.987131783914687
1,1,0.9618356366731486
0,0,0.03095510589511262
1,1,0.9663815830017195
1,1,0.993780493136483
0,0,0.05099192992763247
1,1,0.9791141498734609
1,1,0.9493715293500875
1,1,0.9675806042840611
1,1,0.979866039755356
1,1,0.9565665283329906
1,1,0.7919407638124496
0,0,0.3483520701221805
1,1,0.9648610300012201
1,1,0.9766027026903035
1,1,0.9511748568774336
0,0,0.39184867737835344
1,1,0.8249128281879745
1,1,0.9651788935307782
1,1,0.9934714097640062
1,1,0.9937092690982575
0,0,0.04349539021990328
0,0,0.16954319385417954
0,0,0.4532440635253701
1,1,0.993780493136483
1,1,0.9621354941248603
0,0,0.0032916612022510726
1,1,0.8161331928833453
1,1,0.9851969936739071
1,1,0.974906034869061
1,1,0.9603416414805065
0,0,0.010697166439278668
1,1,0.9865818728870817
1,1,0.942649785457041
1,1,0.9826407026577029
1,1,0.8516413976625387
1,1,0.9291009075090653
1,1,0.9940844964581876
1,1,0.9277328191443511
1,1,0.9799688902560894
1,1,0.9623592122258661
1,1,0.9815086931489886
0,0,0.005648200117907836
1,1,0.917719331472229
1,1,0.9937092690982575
1,1,0.9933695226591615
0,0,0.03088192822705983
0,0,0.04405770696317299
1,1,0.8958535738960143
1,1,0.9833349055654134
1,1,0.9038441152908077
1,1,0.9510708243340948
1,1,0.9937092690982575
1,1,0.9940844964581876
1,1,0.9940771565767436
1,1,0.9940844964581876
1,1,0.9008457905095003
1,1,0.9566228860914294
1,1,0.9946946997631078
1,1,0.8921519008649492
1,1,0.9940844964581876
1,1,0.9682956079164818
0,0,0.10227597359799062
1,1,0.9692366080856436
1,1,0.9940844964581876
1,1,0.9784382867146809
1,1,0.9417780573192487
1,1,0.9941026102414112
1,1,0.9268514413732608
1,1,0.9940844964581876
1,1,0.9941026102414112
0,0,0.02010217782636661
1,1,0.9937139373130957
1,1,0.9940844964581876
0,0,0.18124282420209728
1,1,0.9811283385507819
1,1,0.9747828694865838
1,1,0.9630675996338722
1,1,0.9940844964581876
1,1,0.9946946997631078
0,0,0.3559110956682204
1,1,0.9934714097640062
0,0,0.02811163471163636
0,0,0.31155542602935204
0,0,0.3148923028402744
1,1,0.932061862156748
0,0,0.28123030689937506
1,1,0.9355395502157317
1,1,0.9364889055879465
1,1,0.9655329491132321
0,0,0.25359270666174905
1,1,0.9368336846379629
1,1,0.8766423479741258
1,1,0.9720919878747383
1,1,0.9139445209863531
1,1,0.9222404986449453
1,1,0.9816255156434711
0,1,0.8119577243379258
0,0,0.015929842126421446
1,1,0.7841048934497917
1,1,0.9693689408242292
0,0,0.06132863270344874
1,1,0.9782630110561488
1,1,0.9937092690982575
0,0,0.17921184284233535
1,1,0.9745067007225845
0,0,0.4429461076935558
1,1,0.9940771565767436
1,1,0.9472908956190791
1,1,0.9227295794080462
1,1,0.9637465066209953
1,1,0.9940771565767436
1,1,0.9946946997631078
1,1,0.993780493136483
1,1,0.9752511607509153
0,0,0.1317949990348767
1,1,0.9946946997631078
0,1,0.6697662571451735
1,1,0.9296387232371894
1,1,0.990467570973221
1,1,0.9940844964581876
1,1,0.9940844964581876
1,1,0.9940844964581876
1,1,0.9940844964581876
0,0,0.003634368190191079
1,1,0.993780493136483
1,1,0.99063869864861
1,1,0.9544703369548884
0,0,0.00901563052993501
1,1,0.9782104097670244
0,0,0.09613329144128954
0,0,0.0019231732290849739
1,1,0.9937139373130957
1,1,0.9469420533382403
1,1,0.8555403346740597
0,0,0.072472242342203
1,1,0.9579542410762436
1,1,0.9752754044145144
1,1,0.856036223096942
0,0,0.46247859667345353
1,1,0.9940844964581876
1,1,0.9109794803409353
0,0,0.2949332019557849
0,0,0.005563874048514877
1,1,0.9651605920514631
1,1,0.861956292693098
1,1,0.9946946997631078
1,1,0.9636156851837098
0,0,0.044100872156898736
1,1,0.993780493136483
1,1,0.9273937704454033
0,0,0.04275035238500695
0,0,0.0779422316694399
1,1,0.9933695226591615
1,1,0.9946946997631078
1,1,0.9687250287189265
1,1,0.9934714097640062
1,1,0.9934714097640062
0,0,0.056834054926711855
1,1,0.9817702778969841
1,1,0.9937139373130957
1,1,0.9808466221307068
1,1,0.9400588572046471
1,1,0.9836103795978612
1,1,0.9772465950284568
1,1,0.9841937472344163
0,0,0.008599025052259703
1,1,0.9622747838386951
0,0,0.3181006560592252
1,1,0.9796649571015945
0,0,0.3088926406482908
0,0,0.005756271920686882
1,1,0.9355990965478179
0,0,0.01672691971251517
0,0,0.06014417591522392
0,0,0.08060619143292451
0,0,0.14432757575510513
0,0,0.03623054238924753
1,1,0.8941211060721397
1,1,0.596972716884178
1,1,0.9895965982082964
0,0,0.01472705135856551
0,0,0.01624913247962032
0,0,0.15257918786503594
1,1,0.9786235537171858
0,0,0.011021813500838003
0,1,0.538564554073417
1,1,0.9946946997631078
0,0,0.1141268582006083
0,0,0.07170750537176139
1,1,0.973105908393802
0,0,0.005357041150321493
1,1,0.9937139373130957
1,1,0.9908886684860093
1,1,0.973165465932601
1,1,0.9940771565767436
1,1,0.8187378212049607
0,0,0.19369475431172
0,0,0.01028455303746234
1,1,0.920945414254425
1,1,0.9918184511607415
1,1,0.9940844964581876
1,1,0.9862754587783236
1,1,0.9910405521978072
1,1,0.9674963499145582
1,1,0.9366922574802597
0,0,0.02994341780320058
1,1,0.9315777909165631
1,1,0.9329178389998386
1,1,0.9836042730585599
0,0,0.033610403151846845
1,1,0.9235543629836234
1,1,0.9731258577868799
0,0,0.42422932592956214
0,0,0.36292780628740406
1,1,0.9578173188973886
1,1,0.9940844964581876
0,0,0.10041760924611438
0,0,0.3365897105397051
0,0,0.18307682818746757
1,1,0.9242884575897082
0,0,0.08323412762520004
1,1,0.9744407251890204
0,0,0.04419515322642759
0,0,0.026171614099861466
1,1,0.688381879873348
1,1,0.9596068732184885
1,1,0.9190977321024478
1,1,0.9608094227936282
1,1,0.9367769182551049
0,0,0.3435691291591591
1,1,0.9631113787674599
1,1,0.8959807921189482
1,1,0.973991581828853
1,1,0.9705986917197154
1,1,0.9731129043437526
1,1,0.934327388586935
1,1,0.9934714097640062
0,0,0.09887671887732402
1,1,0.971641072392697
0,0,0.013864251839926879
1,1,0.969722541900969
1,1,0.8160724366279334
0,0,0.010456673881407502
1,1,0.9916235361423265
0,0,0.015204357495700677
1,1,0.9547207187866342
1,1,0.7606856673946698
1,1,0.9181122484225812
0,0,0.017962752745969483
1,1,0.980660738766925
1,1,0.9934714097640062
1,1,0.9632079082129502
0,0,0.08606528960902256
0,0,0.00559699023070118
1,1,0.9670144317408588
1,1,0.9024223626121946
1,1,0.969285867378525
0,0,0.029415941154855154
1,1,0.9112380740978646
1,1,0.9735494103664044
1,1,0.9488254584780192
1,1,0.9669472081487271
0,0,0.03298720751897637
1,1,0.9940844964581876
0,0,0.026089084768157765
0,0,0.010752884334757462
0,0,0.01809862278519227
1,1,0.9728870223638122
1,1,0.9661244345625399
1,1,0.9598426109753221
1,1,0.9774575065048168
1,1,0.9790365593520439
0,0,0.062204125947553965
0,0,0.11739582356564944
1,1,0.9946946997631078
1,1,0.9384379336348413
1,1,0.975034764393855
1,1,0.8708969597898897
1,1,0.9737323814814014
0,0,0.07407367739460442
1,1,0.9675868440573469
0,0,0.10317756352482499
1,1,0.9327252821965233
1,1,0.9583656985531895
0,0,0.005950500008007701
0,0,0.03511652130465995
1,1,0.9699120941387817
1,1,0.9627147874404078
1,1,0.9769242329387652
0,0,0.240127484234879
1,1,0.9629254011813633
0,0,0.01767057005755629
1,1,0.9655640695060471
0,0,0.04209446583305256
0,0,0.10280987912124917
0,0,0.016287496769732235
0,0,0.03308820521559413
1,1,0.9736796957617145
1,1,0.8468140968481087
0,0,0.006351437114074232
0,0,0.01890325059788192
1,1,0.9436859918697705
1,1,0.9516700359656378
1,1,0.6945644669617197
0,1,0.7786454163077499
1,1,0.9438349663747375
1,1,0.968425224884101
0,1,0.8910335640244167
0,1,0.5870217380587254
0,0,0.04675084333939836
1,1,0.9648965672710023
1,1,0.9486742210404302
0,0,0.005001147295784768
1,1,0.9584351265177365
1,1,0.9479309388691541
1,1,0.9154314493254927
1,1,0.9565361409398494
0,0,0.01874760100136624
0,0,0.006323917405584069
0,0,0.006323917405584069
1,1,0.9759448307341501
0,0,0.04220923880624071
0,0,0.019519269185969777
1,1,0.9562131016070394
1,1,0.7686174431672986
1,1,0.8263453208901872
0,0,0.06828990473303276
0,0,0.30728691673338043
1,1,0.9717787986496554
0,0,0.005774648083303623
0,1,0.5246079847442194
1,1,0.9681428968426907
0,0,0.016133486190209496
1,1,0.9833349055654134
1,1,0.9833244229678691
1,1,0.9728753898499231
0,0,0.009366721551655239
1,1,0.9776242983602837
1,1,0.985151707335202
1,1,0.9573580935167206
1,1,0.9808892218277815
0,0,0.0852353102539255
0,0,0.004428612925430261
0,0,0.019348820763203625
1,1,0.9161213833835107
1,1,0.9865348316811302
1,1,0.8513264275907793
0,0,0.17472286230431253
0,0,0.007876598421720848
0,0,0.4274472936279007
0,0,0.08751949718451893
0,0,0.018578549546093732
0,0,0.02633205264128183
0,0,0.03953819538554476
1,1,0.9946946997631078
1,1,0.9940844964581876
1,1,0.7669835854458269
1,1,0.9937092690982575
1,1,0.9444698143722084
1,1,0.9939926025583019
1,1,0.9851290597657703
0,0,0.37034928390547345
0,0,0.01232475418575936
0,0,0.029499674460625926
1,1,0.9394718727174882
0,0,0.07710800933910873
0,0,0.09574319334082965
1,1,0.9873688699359381
1,1,0.9919730226114525
0,0,0.025465459885039274
0,0,0.07696814390414829
0,0,0.04641891207814098
0,0,0.04273011533713649
0,0,0.032809927287593736
1,1,0.9941026102414112
1,1,0.962198321410743
1,1,0.9855468742019801
0,0,0.019473738434887193
1,1,0.9747150055340659
1,1,0.95179431688586
0,0,0.0029316354293383684
1,1,0.9167982958269911
1,1,0.9778778678194744
1,1,0.9422205140711724
0,0,0.043300368605971806
0,0,0.025039762604990214
1,1,0.9525320370558563
0,0,0.006171778020049414
0,0,0.07400075606592273
1,1,0.9930064491925289
1,1,0.9934714097640062
0,0,0.009084026975764561
1,1,0.9738249929523586
1,1,0.9785956706139577
1,1,0.8622899475063768
0,0,0.08717619794561658
0,0,0.059502278500267555
0,0,0.05762931933128421
0,0,0.13282539471535074
1,1,0.9937139373130957
0,0,0.024382876171526194
0,0,0.05888300783043715
0,0,0.002530023340312605
1,1,0.979975188632894
1,1,0.9496850162073448
1,1,0.9937139373130957
0,0,0.0374432838194111
1,1,0.9415182318404419
1,1,0.9925585318517308
0,0,0.049961078543260436
1,1,0.9933695226591615
1,1,0.9722744669452058
1,1,0.8456481476088891
1,1,0.9878752429917682
1,1,0.9818668083095813
0,0,0.08963789858908762
1,1,0.887003690895078
1,1,0.9682549510291419
1,1,0.9839647105004665
1,1,0.9744604180935478
1,1,0.9773807910274135
1,1,0.9747461901560811
0,0,0.00907900808645432
1,1,0.9821183505146395
0,0,0.06180827286714689
1,1,0.9421179270020351
1,1,0.9695270521172803
1,1,0.9252245322209072
0,0,0.014640233441076062
1,1,0.9829019292907262
1,1,0.9904418526081157
1,1,0.7174909382723365
1,1,0.8411896184278623
0,0,0.06289763667791322
1,1,0.9104532063277043
1,1,0.9664758221675306
1,1,0.9891197286681755
1,1,0.9522666787360125
1,1,0.9943081118995634
1,1,0.9774057136178997
0,0,0.03891031186913113
1,1,0.9884471712480145
1,1,0.9928015255163704
1,1,0.9678496342120951
1,1,0.9940953406516682
0,0,0.02476462962587712
1,1,0.9684534531591028
0,1,0.734278359088031
1,1,0.948455046571444
1,1,0.9228580616267238
1,1,0.9843239437019148
1,1,0.9499020921234469
0,0,0.01405276337698258
1,1,0.7456856761232952
1,1,0.9833350940498125
1,1,0.9752607780737198
0,0,0.02683670384054277
0,0,0.005008149620796577
0,0,0.09400525609010207
1,1,0.9566375677055933
1,1,0.9884531466806401
1,1,0.9946946997631078
1,1,0.833325701936354
1,1,0.9844758389287944
1,1,0.9532839462517829
1,1,0.9712019659272554
1,1,0.9671571156835951
1,1,0.9786673476567829
0,0,0.07192149921348218
0,0,0.4041383732447208
1,1,0.9876751546832573
1,1,0.9827629047693692
1,1,0.9951740466946389
1,1,0.9891237744114966
1,1,0.8125351736399451
1,1,0.9825561803577646
1,1,0.9745198471658522
0,0,0.1801147850056907
1,1,0.8170227557543837
1,1,0.9861301549623549
0,0,0.17373792565281246
1,1,0.9904866670919134
1,1,0.851152337545505
1,1,0.9946946997631078
1,1,0.9838727169119242
1,1,0.8120952617063534
0,0,0.1446004869350948
1,1,0.9584700492911533
1,1,0.9857290863450049
0,0,0.20830213317656332
0,0,0.0705232712404006
0,0,0.2849065878351815
1,1,0.9620327548679288
1,1,0.894650001733328
0,0,0.01968423193571026
1,1,0.9890192965246923
0,0,0.014731943552164806
0,0,0.0015910148734476545
1,1,0.9775989225270585
1,1,0.8793148710037915
0,0,0.09864100214321814
1,1,0.8163643222486114
1,1,0.9777944504134004
1,1,0.9507843659803652
1,1,0.9079916703270373
0,0,0.06553342428601502
1,1,0.938915941319616
1,1,0.9783680346236355
1,1,0.7468800480514124
0,0,0.0037421361696135117
1,1,0.95164875745266
0,0,0.014845327169196641
1,1,0.970927535113109
1,1,0.994164273364492
1,1,0.9695996473914611
1,1,0.9258650601740941
1,1,0.973034065276603
1,1,0.9918103919596999
1,1,0.9829042648299261
1,1,0.8561334204409164
1,1,0.9921424825592671
1,1,0.9839801254785168
1,1,0.984706934900218
1,1,0.9812759276712534
1,1,0.9255380781017479
1,1,0.9940844964581876
1,1,0.9841769234105042
1,1,0.9931950285331856
1,1,0.9856673030202405
1,1,0.985690030490388
1,1,0.9871665685623636
1,1,0.9636639948482163
1,1,0.9906335644319206
1,1,0.9906126560647034
1,1,0.9797095644216768
0,0,0.012010751569066084
0,0,0.0037141485558294814
1,1,0.9859078656171573
1,1,0.9818359042093733
1,1,0.9434822693701047
1,1,0.9799067366036297
1,1,0.961126879546732
0,0,0.296131142121824
1,1,0.9850348313511746
1,1,0.9375403486435577
1,1,0.9211256415273076
1,1,0.9602582423602997
1,1,0.9762101987714221
1,1,0.9599615373345999
1,1,0.9506381462882865
0,0,0.1404730274411509
1,1,0.9863235430257086
1,1,0.9786945126996405
1,1,0.9846339509179722
1,1,0.9786901046073012
1,1,0.974025594477794
0,0,0.002690781790646102
0,0,0.22867040556078264
1,1,0.9443702969091045
1,1,0.9532553062370127
0,1,0.60092763871706
1,1,0.9940844964581876
1,1,0.9079212723358184
1,1,0.9670853461825826
1,1,0.9750788551983641
1,1,0.9937139373130957
1,1,0.9667054901775861
0,0,0.18268400938785617
0,0,0.016440505716079325
1,1,0.9856803426346282
0,0,0.2985232594357994
1,1,0.9632703816897091
0,0,0.05642796516778965
0,0,0.07903833155339438
1,1,0.9812274357686565
1,1,0.9855844186614773
1,1,0.9104354362878972
0,0,0.018275836472041288
0,0,0.038357891985218606
0,0,0.03512561966483327
1,1,0.9937139373130957
0,0,0.011706929825678185
0,0,0.12115083794880077
0,0,0.3037167852804966
0,0,0.016844763476912918
1,1,0.9630311603046867
1,1,0.9789847041432157
1,1,0.9884629950568352
1,1,0.9190311422711629
1,1,0.6409015831901146
0,0,0.05471858106315201
0,0,0.05978050255479915
1,1,0.9940122149978692
0,0,0.11130186616697282
1,1,0.9764556063906615
1,1,0.9902958779977176
0,0,0.1695139344198832
1,1,0.9311251328822889
1,1,0.9833532598046391
1,1,0.9745535391366403
0,0,0.030659359581474362
0,0,0.01590355869960658
0,0,0.0875509156188029
1,1,0.986030643777161
1,1,0.9719187055661791
0,0,0.008590158574173055
0,0,0.13315662234286543
1,1,0.7972430171196137
1,1,0.9114630992764667
1,1,0.9681280625282812
0,0,0.08706880357718287
1,1,0.9747325141191667
1,1,0.993780493136483
0,0,0.19460137963398208
0,0,0.009731383206552943
1,1,0.9848102750514192
0,1,0.7003554959818266
0,1,0.7003554959818266
1,1,0.9898567924044656
1,1,0.9838947480526364
0,0,0.07416682266536238
0,0,0.007362920591645466
1,1,0.9832335921073783
0,0,0.0845597327591518
0,0,0.01531707738212237
1,1,0.9806401476651776
1,1,0.9777911761770854
1,1,0.9466251467163966
1,1,0.9306106179322619
0,0,0.01575374350300027
0,0,0.0057728075331742006
1,1,0.9725781794674819
0,0,0.12342921702838586
1,1,0.9666587293017169
1,1,0.9633499766188477
1,1,0.9960035377508574
1,1,0.9400834379460786
0,0,0.004527482352569243
0,0,0.06694508136765644
0,0,0.003251559816315397
0,0,0.008664900945130512
0,0,0.004732916985037942
1,1,0.9672944061494677
1,1,0.9833876719645208
1,1,0.9940844964581876
1,1,0.9184473896476055
1,1,0.8740026056730106
1,1,0.986569996859523
1,1,0.9373346467794543
0,0,0.026191191053059122
1,1,0.9375654328714211
0,0,0.15447048365540528
1,1,0.9642071507444604
1,1,0.9831365272874705
1,1,0.9921399411201067
0,0,0.12045264057861733
0,0,0.4704932787359794
1,1,0.926928336729183
0,0,0.0767945198724082
0,0,0.08455767389606267
1,1,0.9930080176392645
0,0,0.21812856972168757
1,1,0.9825088343709368
0,0,0.40030260112844246
1,1,0.8451835978416782
1,1,0.9739576996730825
0,1,0.506986274845391
0,0,0.1372454171742399
1,1,0.887651028606096
0,0,0.05626598726766345
1,1,0.9404180492724755
1,1,0.9373969880686348
1,1,0.9608047087547225
1,1,0.9737747510267774
1,1,0.9547691221663922
1,1,0.9763578604777792
1,1,0.9672072788759578
1,1,0.9641664765505371
1,1,0.9812972506836336
1,1,0.943910850892019
0,0,0.21230491042644858
1,1,0.9937139373130957
1,1,0.9855209239724505
0,0,0.05280233738704125
1,1,0.9823569570732317
0,0,0.013367012117988792
1,1,0.9849014370766556
1,1,0.9940844964581876
0,0,0.057368940746752445
0,0,0.05283994374408435
0,0,0.02923303656462707
1,1,0.9761878015960676
0,0,0.014896229719623157
1,1,0.9894027008099284
1,1,0.9404577107017582
1,1,0.9468271787326954
0,0,0.018019708904256217
0,0,0.04674271476655401
1,1,0.9906982982211304
1,1,0.9693312637504661
0,0,0.050224112475871
0,0,0.03177888425982623
1,1,0.9811452013365066
1,1,0.9598604474629037
1,1,0.910984490647838
1,1,0.9940771565767436
1,1,0.9934714097640062
0,0,0.48113595677099863
0,0,0.2317968584475626
1,1,0.9418303368311548
0,0,0.12059997226620622
0,0,0.06826372631280306
1,1,0.9812555990474396
1,1,0.9500094243165993
0,0,0.06547429704855376
1,1,0.9922235604084103
1,1,0.9844124110896904
1,1,0.8907771886419329
1,1,0.971083184806449
1,1,0.9826714298136399
0,0,0.004246515000181824
1,1,0.9876018232998577
0,0,0.002976502067106237
1,1,0.9626643057350766
0,0,0.09513051389062294
0,0,0.20132832380474183
0,0,0.057407727490092667
0,0,0.024402681502124893
1,1,0.9100812266725269
1,1,0.9820586348477491
1,1,0.9801276857785629
0,0,0.08923889920017863
0,0,0.13344217102277142
1,1,0.9848695369325317
1,1,0.933000546166329
1,1,0.9346012714238402
1,1,0.9790639027059282
1,1,0.9776109678217724
1,1,0.9846540452374848
0,0,0.026779360530745384
1,1,0.9661777557534109
1,1,0.9937139373130957
1,1,0.8753422010465481
1,1,0.8024721150063764
0,0,0.02350616289241304
0,0,0.05888372637889795
1,1,0.9699757510539793
0,0,0.0180869234478445
0,0,0.01939694530660489
0,0,0.002724079640019815
1,1,0.9769345226255933
1,1,0.9668628045400501
1,1,0.9634163610099016
0,0,0.0011757548144412547
1,1,0.9798146445685009
0,0,0.0010875801021273327
0,0,0.009410677610979303
0,0,0.002804241472837954
0,0,0.03855431418697577
1,1,0.9964366149397841
0,0,0.4045276503399958
0,0,0.030162832416086596
0,0,0.006670771715500772
1,1,0.9920060328855851
0,0,0.010981982368198093
1,1,0.9439384652797965
0,0,0.018289145855994032
0,0,0.20493182719291198
1,1,0.9576292568575406
0,0,0.05545583466140548
0,0,0.04046471668956442
0,0,0.03391479686447817
0,0,0.015421333346522131
0,0,0.006734764521695063
0,0,0.04658459195183749
0,0,0.017768695405434257
1,1,0.9781705287446548
0,0,0.03575926226218615
0,0,0.021157426721914337
1,1,0.9566577716044058
0,0,0.14885825395850732
1,1,0.92233146605865
1,1,0.9791577226233026
1,1,0.9939658473129946
1,1,0.9946946997631078
1,1,0.9806098958307019
1,1,0.983504729230227
1,1,0.9771541496504839
0,0,0.14429590966370487
1,1,0.949238779277751
0,0,0.04616466697259844
1,1,0.9466708224249807
1,1,0.9788299660667432
1,1,0.9655514377538716
1,1,0.9930957467214924
1,1,0.9959558406291562
1,1,0.9706525218176568
1,1,0.9819624571163299
1,1,0.9401292142675585
1,1,0.9938392436365409
1,1,0.9915043809020256
0,0,0.09005624819866351
1,1,0.9489417274588136
1,1,0.9605949309569062
1,1,0.9361926846752219
0,1,0.6802041838385473
1,1,0.9716322301630824
1,1,0.9499048402331974
0,0,0.0452390947478753
1,1,0.8109942630927773
0,0,0.10131123162025811
1,1,0.8943777401089136
1,1,0.9303885710945964
1,1,0.952166540026907
1,1,0.9809955526689731
1,1,0.9950344013161613
1,1,0.9803290433291422
1,1,0.9762816606893268
0,0,0.026865267319864192
1,1,0.984993187298568
0,0,0.05490480261285127
1,1,0.9842665082645443
1,1,0.994100997596496
1,1,0.5216630811267303
0,0,0.00668035755788049
0,0,0.23549193426739165
1,1,0.9953367511917532
1,1,0.9244850693316552
1,1,0.9035429579929948
1,1,0.8968791138063162
1,1,0.9748554239034599
1,1,0.9746338643660113
0,0,0.02597135352620602
1,1,0.9616360113489412
1,1,0.9793088376696275
1,1,0.9855444842667638
1,1,0.9686213706763371
1,1,0.9908147453373939
0,0,0.06486559539318064
1,1,0.885907195444269
1,1,0.9207097237564746
1,1,0.9609016559432948
0,0,0.0204905094644399
1,1,0.9884730664659458
1,1,0.7930289763073262
0,0,0.02266570270110042
1,1,0.9619205563376779
0,0,0.0036273361957070076
1,1,0.9869627219738215
1,1,0.9760122768768635
1,1,0.9842336691884984
1,1,0.9923947282624243
1,1,0.898730282757213
1,1,0.9779679679811522
0,0,0.24855448857486878
1,1,0.7815489721589958
1,1,0.9567317588211159
1,1,0.9888973546114257
1,1,0.9687899412879962
0,0,0.038775412894022004
1,1,0.9441983584102449
1,1,0.9808530862376429
1,1,0.9918908110267584
1,1,0.9387020376204317
1,1,0.9735836647227073
1,1,0.9610506978983697
1,1,0.9696724367975784
1,1,0.9682462139419459
0,0,0.011784821178027415
0,0,0.02723689605207943
0,0,0.007424679190133052
1,1,0.959631342578085
1,1,0.9698420134128549
1,1,0.9864200707578581
1,1,0.9785063095761546
1,1,0.9174576667065482
1,1,0.9785844875077266
1,1,0.9664922678919148
1,1,0.9923882572785094
0,0,0.035026569832736845
1,1,0.9779507311912536
0,0,0.013244246998164885
1,1,0.973889342265504
1,1,0.9742542652828006
0,0,0.018958412727819483
1,1,0.9638170776744509
1,1,0.9849013031857712
1,1,0.9929684072903661
1,1,0.9866921617826426
1,1,0.9929760044800721
1,1,0.9862898194764227
1,1,0.9907659601347022
1,1,0.9694933614335107
1,1,0.977800435608169
0,1,0.5035446193295727
1,1,0.9884184725804931
0,0,0.07426255915200274
0,0,0.14346860626919117
1,1,0.9608091614166875
1,1,0.9489808146137875
1,1,0.9878563995159944
1,1,0.9965199325144982
1,1,0.993836520039263
1,1,0.9823358150816205
1,1,0.9886049961213806
1,1,0.9730055414169521
0,0,0.0162574201329312
0,0,0.02173420595919524
1,1,0.9706703110066196
1,1,0.9094025509768177
1,1,0.9378661211119741
0,0,0.07752272902141936
1,1,0.9824004020115196
1,1,0.9722088525072139
0,0,0.2648991269722923
0,0,0.3257059483581303
0,0,0.046234938431050865
0,0,0.39382117686705803
1,1,0.9261114698199706
0,0,0.03921211645459231
0,0,0.04337588985118786
1,1,0.7214012028431392
0,0,0.17882179361647285
1,1,0.950092860166729
0,0,0.4810868054283327
1,1,0.9118870197177951
0,0,0.008288339720094556
0,0,0.0349227888511067
0,0,0.3141614149541428
1,1,0.9284771128354035
1,1,0.9451780349710813
1,1,0.9818145466352843
1,1,0.8758585025669535
1,1,0.9509987314084953
0,0,0.07922364474393905
1,1,0.9620232270541277
1,1,0.6281178336126625
1,1,0.8891606245867264
1,1,0.9103449713626011
0,0,0.021363967606282817
0,0,0.01772101605036477
1,1,0.9356361392560566
0,0,0.2875101025073147
1,1,0.7640096220071658
1,1,0.8597520280369104
1,1,0.9602569952640815
1,1,0.9253231589265872
0,0,0.03811128917119169
0,0,0.04089208969564322
1,1,0.9528921337679513
0,0,0.0791929081423102
1,1,0.9851948311363461
1,1,0.9732011978386262
0,0,0.010577215021338333
0,0,0.012746423635416051
0,0,0.03561623728847306
0,0,0.010102514058972667
1,1,0.9806038539349936
1,1,0.9851161125017143
0,0,0.022682001609049367
0,0,0.02233926420498152
0,0,0.00522830747961318
1,1,0.981409544967178
1,1,0.9699941947736508
0,0,0.004782944214176565
1,1,0.9946946997631078
1,1,0.8176805739454142
0,0,0.013719807511716926
1,1,0.9459307845548642
0,0,0.03262609027165811
1,1,0.9775726453351443
1,1,0.9066669819314294
1,1,0.980879418505037
1,1,0.9852609779681979
0,0,0.04112029969387933
0,0,0.006812930945582113
0,0,0.007371748429969897
1,1,0.971773018078641
1,1,0.9247220133962342
1,1,0.9491042980629132
0,0,0.16373128684382213
1,1,0.9062747723503396
1,1,0.9439901710413592
0,0,0.04542414159422417
0,0,0.012725689699932565
1,1,0.9913966982142522
1,1,0.9632225610695185
0,0,0.20153602753192904
1,1,0.9937152112342229
1,1,0.9670851461587592
1,1,0.9875746395777685
0,0,0.09712799498660159
0,0,0.027156086311175946
1,1,0.9932146921833875
1,1,0.9937139373130957
1,1,0.9860062671682588
1,1,0.9033445829088624
1,1,0.9493666687237744
0,0,0.31086307227600185
1,1,0.9918237720259465
1,1,0.9703870283161735
1,1,0.9811698045768584
0,0,0.1666952759786884
1,1,0.9453641216477902
1,1,0.9602582423602997
1,1,0.9751384067872725
1,1,0.9315889455905823
1,1,0.8914534286499772
1,1,0.9318113616689035
1,1,0.9471667384971072
1,1,0.9370083813357533
1,1,0.9747430481309428
0,0,0.20977437449716826
1,1,0.9759811893242386
1,1,0.9885069591481922
0,0,0.29108951625142604
0,0,0.12297521672837179
1,1,0.9895483573942659
1,1,0.9359307024267152
1,1,0.8684778435142598
1,1,0.9471296260293487
1,1,0.9926149999467119
1,1,0.9597893916010528
1,1,0.9636864856684669
1,1,0.9685061583374521
1,1,0.976802128866416
0,0,0.005608495426465903
1,1,0.9808352418805667
1,1,0.9738496005684784
0,0,0.13871815239678129
1,1,0.9683926971649977
1,1,0.9737364977591955
0,0,0.0032344297668418054
1,1,0.9764556554072167
1,1,0.7691873664007133
1,1,0.8964475784721931
1,1,0.9892460707295435
0,0,0.003986961135407257
1,1,0.981759570912834
1,1,0.9917340729096273
0,0,0.015613666646820309
1,1,0.9872983839929643
0,0,0.008084363624269694
1,1,0.9854789276292488
1,1,0.9916003243661646
1,1,0.9040833296157211
1,1,0.9890624172960462
0,0,0.274328496719258
1,1,0.9804785193775343
0,0,0.17127559499300302
1,1,0.9675942587988998
0,0,0.3667336785630216
1,1,0.9297586141477993
1,1,0.9772058895069323
1,1,0.9867009166421907
1,1,0.9840392211226453
1,1,0.9894835479107049
1,1,0.9869637035950118
1,1,0.9778827222047299
1,1,0.9719827458780107
1,1,0.9933575696194121
1,1,0.9207062564653551
0,0,0.26568211326844904
0,0,0.055970554730456666
1,1,0.9645571746647124
1,1,0.9697678271817348
0,0,0.16676477194721798
1,1,0.7982322196611645
0,0,0.14971044766231065
0,0,0.016497923695817766
1,1,0.9561936158401289
1,1,0.967684255254335
0,0,0.003976134724205661
1,1,0.9623831551686941
0,0,0.030192402142488632
0,0,0.08128060130800463
1,1,0.9830056237444907
1,1,0.9657651180204159
1,1,0.9793822570416272
1,1,0.9882372758731152
1,1,0.9726078179970188
1,1,0.9766975062818889
1,1,0.9582726666671432
0,0,0.05035863906574555
1,1,0.985319154426621
1,1,0.9515737393437811
1,1,0.7685653079531793
1,1,0.9314054714409853
1,1,0.9493914388628454
1,1,0.9423740998787203
1,1,0.9453698851690862
1,1,0.9603754909397673
1,1,0.966840919037899
0,0,0.018395452811897178
0,0,0.022850355703615502
1,1,0.9926613761232997
1,1,0.9540843789211457
1,1,0.9874643666860176
1,1,0.9795687757365621
1,1,0.9522050653442369
0,0,0.0291127731053184
1,1,0.9776657865525205
0,0,0.005651666956310785
1,1,0.9673862990282541
1,1,0.6331838133169321
1,1,0.9077140877174857
1,1,0.822016006074411
1,1,0.9915580508902295
1,1,0.9349025300965761
0,0,0.0015802903185789684
1,1,0.9439122423333278
1,1,0.9760550555030972
0,0,0.07161386861391146
1,1,0.9828521451982919
1,1,0.9788252810676414
0,0,0.06549710225704018
0,0,0.0012003178265532909
1,1,0.9401837305962423
0,0,0.00877388699737374
1,1,0.9125165632218999
0,0,0.25058716137927356
1,1,0.9860315362794919
0,0,0.04246606817940951
1,1,0.9781801995014626
1,1,0.8353602323704727
1,1,0.9682204232936863
1,1,0.8911791417076533
1,1,0.9003397614743979
1,1,0.9005625337317985
1,1,0.9220608799026533
1,1,0.9859500933284974
1,1,0.8906173967446198
1,1,0.8820859335897748
1,1,0.9245883167959051
1,1,0.9762200573585037
1,1,0.8761698468462303
1,1,0.8744606883890258
1,1,0.8456062769952138
1,1,0.8461818756636179
1,1,0.8985116353398915
1,1,0.9540097451041807
1,1,0.9864312572577122
1,1,0.9444463917638485
1,1,0.849718179056818
0,0,0.00250887974683405
1,1,0.9819726411658886
1,1,0.9805537468496275
0,0,0.2397551826096879
1,1,0.9962171478474849
1,1,0.9865141409187583
1,1,0.9860092424021832
1,1,0.9758583885258905
0,0,0.16774943477741322
1,1,0.9680134677085368
0,0,0.07478927484803198
1,1,0.9801448075704122
1,1,0.979797846923806
1,1,0.9571407442623034
0,0,0.2945350261317656
1,1,0.8918827195794352
0,0,0.008384292177567415
0,0,0.1234641649760223
1,1,0.982465162170362
1,1,0.9778895046170805
1,1,0.9787517114223995
0,0,0.023610530764943516
1,1,0.9792127170204015
1,1,0.8822220851979636
0,1,0.5745519478096378
1,1,0.932206492573583
1,1,0.9308021984013135
1,1,0.9941112436208362
1,1,0.9210688911126051
0,0,0.027932742495389584
1,1,0.9790407232167214
1,1,0.980091365598381
1,1,0.969896772764477
1,1,0.9853791155745437
1,1,0.9559717923858075
1,1,0.9911973385924947
1,1,0.9710419501892371
1,1,0.9717507890549794
1,1,0.9931772298629481
1,1,0.9929717635825411
1,1,0.9793943288873236
1,1,0.9764898354094838
1,1,0.9815286505128203
1,1,0.9948439633200937
1,1,0.9777864595525779
1,1,0.9854886513975308
1,1,0.969766225151608
1,1,0.9512268832024712
1,1,0.9812467383028717
1,1,0.9888248368394681
1,1,0.9925209173823974
0,0,0.012075809334862108
1,1,0.9635167122426331
1,1,0.9517331831870188
1,1,0.9907499790886573
0,0,0.09373449628778498
1,1,0.9532375946212029
0,0,0.014343129149284447
0,0,0.15418714534910963
1,1,0.9747100104834523
0,0,0.43427066506609135
1,1,0.9670513963165043
1,1,0.9909793608486436
1,1,0.9043513439808055
1,1,0.9572978678387706
0,0,0.24408511350102802
1,1,0.9856144606284056
1,1,0.9887384602504635
1,1,0.9668315100032044
0,0,0.029112288557317262
0,0,0.12861217991012427
1,1,0.9830381414775393
0,0,0.003235675949988158
0,0,0.029193046590949415
0,0,0.030333868523621025
1,1,0.98735224762929
0,0,0.07559379054368419
0,0,0.03662763157317645
0,0,0.06607753259917974
1,1,0.9583899298043907
0,0,0.07629359649121999
1,1,0.9707610242189203
1,1,0.9756458840362225
1,1,0.9926524959668134
1,1,0.9946946997631078
0,0,0.1951455699698518
1,1,0.514734814455714
1,1,0.9653384772933435
1,1,0.9860571149652868
1,1,0.9918375890344664
0,0,0.01000307264983849
0,0,0.06008753491246069
0,0,0.047251741195541964
1,1,0.8488852947627888
1,1,0.9176554787857754
0,0,0.05230681067488361
0,0,0.008801348356548947
1,1,0.8794528196802164
1,1,0.8724606234692557
0,0,0.02490192315136705
0,0,0.052639893625782266
0,0,0.007692839791277682
1,1,0.941117059424981
0,0,0.15531472524178347
0,0,0.1688972093177106
0,0,0.06466142182196209
1,1,0.9880098050265249
0,0,0.011109768118467658
0,0,0.02889919984134469
1,1,0.9824009436021316
0,0,0.25293496968733936
1,1,0.9892680717228809
0,0,0.10536033488456385
1,1,0.989178101572447
0,0,0.10183800352764322
0,0,0.05269524600558215
1,1,0.9618049804147217
0,0,0.08649588128035117
0,0,0.14499770085644437
1,1,0.91676728472236
1,1,0.9825093304308457
0,0,0.03313193922829613
0,0,0.16279806489861753
1,1,0.9557702342193426
1,1,0.8558622164015032
0,0,0.10207625630362484
1,1,0.9940771565767436
0,0,0.3753904840379192
0,0,0.015720171237472394
1,1,0.9541594419971813
1,1,0.6258370240367112
1,1,0.9875828902698992
1,1,0.9136991218938959
0,0,0.12939300724926223
1,1,0.982721254439027
0,0,0.015144064401086373
0,0,0.011233770461894006
1,1,0.5274159932525608
0,0,0.11806359973753312
0,0,0.005365170154718811
1,1,0.9937139373130957
0,0,0.07697415148945934
0,0,0.1977172717676728
0,0,0.021297600666269595
0,1,0.6480187244776164
0,0,0.00786778652571876
0,0,0.09837329571574123
0,0,0.24283834622795286
0,0,0.006583083879561431
1,1,0.9934714097640062
0,0,0.02728705848091088
1,1,0.9930653444422508
1,1,0.9933695226591615
0,0,0.047906064715186485
1,1,0.9104229189596755
1,1,0.9749783317309128
0,0,0.10497175574768394
0,0,0.010741813922514007
1,1,0.9937086337269552
0,0,0.14309296869195212
0,0,0.013477921862656101
1,1,0.9848120523073098
0,0,0.49539499160295414
0,0,0.27520548216026486
0,0,0.045703151072516886
1,1,0.9940844964581876
1,1,0.991767991571955
0,0,0.002501319583631294
0,0,0.17430904578231263
0,0,0.17417898106534402
1,1,0.9926287972931522
1,1,0.9937267044950786
0,0,0.006070549109753565
0,0,0.029889381646736157
0,0,0.15287531196169798
1,1,0.9765456345559271
1,1,0.9642475040830365
0,0,0.037705673000427466
1,1,0.9818378083070187
0,0,0.07183333351810499
0,0,0.002611423074574181
0,0,0.002611423074574181
0,0,0.0026966578826414845
0,0,0.0026966578826414845
0,0,0.009505890181519603
0,0,0.06471875977049851
0,0,0.22751204557214394
1,1,0.9542664264792214
0,0,0.012838009244797433
1,1,0.9659254220474202
1,1,0.989459493281503
1,1,0.986265827858609
0,0,0.0817142933594134
0,0,0.1155728941614233
0,0,0.27491529697435796
0,0,0.052852165577648734
1,1,0.9869006096997106
1,1,0.9723320913319289
1,1,0.9815536549874545
1,1,0.9855694439981423
1,1,0.9825408197987535
1,1,0.9855922888336802
0,0,0.07610096906912273
0,0,0.00947650078409188
0,0,0.04445037913960651
1,1,0.9879608207819358
0,0,0.011897291709085022
0,0,0.02231887281391492
0,0,0.016883207540407338
1,1,0.9693811995550505
0,0,0.012117217604407489
0,0,0.050449370263058096
0,0,0.004657779689067967
1,1,0.9317307755952262
0,0,0.06083148549048289
0,0,0.03445346276926187
0,0,0.046068228273260535
0,0,0.12650827723718264
1,1,0.9305455799188278
1,1,0.9443252834354424
1,1,0.9940734277295694
1,1,0.9815550990637173
1,1,0.9667414138888494
0,0,0.004681640895144108
0,1,0.5385979319887941
1,1,0.984715820663318
0,0,0.010490368141257403
1,1,0.8828793591377457
1,1,0.9815201760842888
1,1,0.9858446175262379
1,1,0.9326989443765731
1,1,0.99086885924238
0,0,0.02134725440198619
1,1,0.9690965223662437
1,1,0.8786764331736964
0,0,0.04835788757532888
0,0,0.02072607152289076
1,1,0.9534899068616115
0,0,0.08138305075930634
0,0,0.005640003686532439
0,0,0.024255423855788494
1,1,0.9772349911158188
1,1,0.7502731145015031
0,0,0.007864845251772593
0,0,0.04016014908709801
0,0,0.1265188906820951
1,1,0.987371534392114
1,1,0.9765517459634259
1,1,0.9865200174641147
1,1,0.954568451294324
1,1,0.9762296232142821
1,1,0.9222367198728232
1,1,0.9549498794611977
1,1,0.9863478778908947
0,0,0.0124218175986782
1,1,0.9940844964581876
1,1,0.964501352997045
1,1,0.9737826095625548
1,1,0.9907921596888914
1,1,0.9883921514410166
0,0,0.05991731257971287
1,1,0.9665384124783879
1,1,0.9900324591325178
1,1,0.9764358472160278
0,0,0.09748081282156398
0,0,0.03995967342877445
0,0,0.01177326212032951
0,0,0.04078097491923306
0,0,0.005640663563113309
1,1,0.9675327575444296
1,1,0.9362479888698216
0,0,0.06779226942910208
0,0,0.052588396762974166
0,1,0.5700928869812094
0,0,0.05160833817362377
1,1,0.9322407784525706
1,1,0.9113066008206969
0,0,0.033850852874989575
0,0,0.007328588958879728
0,0,0.0199110882533572
0,0,0.173677303670146
0,0,0.007361760115780901
1,1,0.9466949504615829
1,1,0.9751412754742381
1,1,0.9791255736883737
0,0,0.09808628233951389
0,0,0.0006890122296237341
0,0,0.0010836258369289289
0,0,0.06475481549870712
0,0,0.13021565318526707
0,0,0.07393279721222819
1,1,0.9384031663904056
0,0,0.08144031546311317
0,0,0.012664308124304826
0,0,0.1439878096059919
0,0,0.01924221758715605
0,0,0.059536613457325686
0,0,0.4246066637974587
0,0,0.10305580328772865
0,0,0.029483273889067074
0,0,0.04222837802979228
0,0,0.0028207232283745036
0,0,0.09251067430924753
0,0,0.006386248565275023
1,1,0.9635752533341488
0,0,0.12307730934038415
1,1,0.9757763652835073
1,1,0.9238873296173619
0,0,0.11367780311101017
1,1,0.9410197391293674
0,0,0.01590597542223689
1,1,0.9924443999906928
0,0,0.2774056951560524
1,1,0.986584290544632
0,0,0.010666420223346585
0,0,0.0037076418699249583
0,0,0.0037076418699249583
0,0,0.1419812116701831
0,0,0.39088858150546896
1,1,0.9946946997631078
1,1,0.977180238283298
0,0,0.1687631362194496
0,0,0.056422402110208915
0,0,0.0648690961012001
1,1,0.9790756148515567
0,0,0.017399806352723982
1,1,0.9342057870113368
0,0,0.05334987193840941
1,1,0.9582713888601754
0,0,0.06907761563971798
1,1,0.9922642802852263
0,0,0.18398659530499417
1,1,0.987530150885901
0,0,0.10639879517318021
0,0,0.0017458472234964534
0,0,0.04854396321264183
0,0,0.03278636317360297
1,1,0.9897772077763547
1,1,0.9937139373130957
0,1,0.5630302459107865
0,0,0.022114677881720963
0,0,0.2630017844353633
0,0,0.025738690298241686
0,0,0.02654815235124291
0,0,0.10716185767419853
0,0,0.0931842133472853
0,0,0.03574750161998293
0,0,0.312876609684995
0,1,0.7547185670057809
0,0,0.004755198682792113
0,0,0.2950470981439369
1,1,0.9700934567570507
0,0,0.013827437363380716
0,0,0.11866748248266804
0,0,0.03144997152001491
1,1,0.9693343820405207
1,1,0.9803290433291422
0,0,0.018344636857107844
0,0,0.03106786735130777
0,0,0.43350211489921586
0,0,0.07860730415673164
0,0,0.019290531771367345
0,0,0.0036628240414978484
0,0,0.001146903024109756
0,0,0.4012084293964039
0,0,0.09985794534732646
1,1,0.738540531960455
1,1,0.9621790767612656
0,0,0.10247719196015387
0,0,0.1660709658914486
0,0,0.10074026732168732
1,1,0.9864715825493842
1,1,0.9511502643678182
0,0,0.43723777080737286
0,1,0.5104959519609243
0,0,0.050055692897443965
0,0,0.050852218606619655
0,0,0.012349437970930945
1,1,0.9916826968395601
0,0,0.012795894218935172
1,1,0.9909544482323283
1,1,0.9693959556688775
0,0,0.01944134226342286
0,0,0.01133181724642509
0,0,0.019462378997766597
0,0,0.3523436187891991
0,1,0.637294434960064
1,1,0.9394844895065828
0,0,0.06715169062653219
1,1,0.9678587834113807
1,1,0.9333294135373523
1,1,0.9913798447303409
0,0,0.027553403352471986
0,0,0.03333211839840396
0,0,0.02151939175943166
0,0,0.017382677764322035
0,0,0.0030273095077802833
1,1,0.9465409648361716
0,0,0.024225301156951942
0,0,0.007607135824944401
0,0,0.09303241449730888
0,0,0.012835957360000516
0,0,0.006838246683356981
0,0,0.01595318330617902
1,1,0.9334604815791753
1,1,0.9854655762067686
0,0,0.0036238111389278846
0,0,0.1351189215612937
1,1,0.9512972968963991
0,0,0.021710501543768045
0,0,0.13069849603791545
1,1,0.9390474709742415
0,0,0.19494844677249795
0,0,0.051436304639017744
0,0,0.01678259118661496
0,0,0.21951992708376092
0,0,0.05869984012473122
1,1,0.9663026173931294
0,0,0.09438189776034701
0,0,0.007413421403342009
0,0,0.022860321804504372
1,1,0.9965226973554192
0,0,0.2290788733672829
1,1,0.8859903652710592
1,1,0.9028038800459784
0,0,0.024753075644041705
1,1,0.989948346231277
0,0,0.00743026174203212
0,0,0.44867337342704783
0,0,0.23237027815472683
0,0,0.06855099358353406
0,0,0.058040884127056915
0,0,0.10754343356425801
0,0,0.021189953161398413
0,0,0.06723580724685255
0,0,0.04212754840747535
1,1,0.9716543918377994
0,0,0.11804816958389391
0,0,0.044122207359685535
0,0,0.007760748360302856
1,1,0.9407218207671691
1,1,0.7203398551717745
1,1,0.8629221496999147
0,0,0.016573014903853503
0,0,0.005569533813691831
0,0,0.009588287853540203
1,1,0.9229350746266636
0,0,0.4933415221650565
0,0,0.07091923238437825
1,1,0.7733447261862947
1,1,0.9597241700479191
0,0,0.0033706744867666055
1,1,0.9285172840421496
0,0,0.04896512234155561
0,0,0.09164113720718031
0,0,0.054278284095887606
0,0,0.11908515227819301
1,1,0.9818079148606141
1,1,0.9662000657789801
1,1,0.9592369081230194
0,0,0.0035580468731470295
0,0,0.06341199165795851
0,0,0.09880772004410145
0,0,0.035190205299185325
1,1,0.9892135805815689
1,1,0.8896646697136648
0,0,0.16524273955015745
0,0,0.24263148470818172
0,0,0.049762971723982335
1,1,0.9147603441140766
0,0,0.03332003357118036
0,0,0.05118730988205222
0,0,0.13473343915144537
0,0,0.043760642541053336
1,1,0.8921008323988548
1,1,0.9006596733994645
1,1,0.7180127210581089
0,0,0.0855245504046109
0,0,0.036560558348787714
1,1,0.9738828184376398
0,0,0.01676317249306797
0,0,0.02694434692253161
0,0,0.032070532191873065
0,0,0.011787985047000907
1,1,0.8976315598210002
1,1,0.986506328964841
0,0,0.06913086807051966
0,0,0.26912843200548403
0,0,0.17037824661540565
1,1,0.9922158007509896
0,0,0.04435499044841691
1,1,0.9791220830927232
0,0,0.2303431258116346
0,0,0.04024895494938067
0,0,0.04502106574504348
0,0,0.1951016985410956
0,0,0.12257876159891838
0,0,0.05518299032263475
1,1,0.9685166353422796
1,1,0.9878240619163253
1,1,0.993967700721494
0,0,0.03649020287998693
0,0,0.020787490510459687
0,0,0.029873913977043507
0,0,0.2037639849242542
1,1,0.9831087324447989
1,1,0.974671432695582
0,0,0.0221327799207205
1,1,0.9432610921353378
1,1,0.9588180556647535
0,0,0.018645701161549486
1,1,0.9785407752260092
1,1,0.9833568647656948
1,1,0.9799158088524594
1,1,0.9972861990864874
0,0,0.023591940808504352
1,1,0.9336894452841815
0,0,0.08140940076990286
0,0,0.02548177610078674
0,0,0.008783605815065394
1,1,0.9893047335078679
1,1,0.9883169002013477
0,0,0.01008516427872918
1,1,0.9642065263372247
1,1,0.9881127920716073
1,1,0.9728312732652021
1,1,0.9906683921049005
1,1,0.9820408571116004
1,1,0.9829020203864611
0,0,0.05012215266764026
0,0,0.016714414947170454
1,1,0.9760547576702776
1,1,0.9934856425887041
1,1,0.9863773170630042
1,1,0.952048995528412
1,1,0.990131712268815
1,1,0.9387145746530339
1,1,0.9770826344428863
0,0,0.0425234279532519
0,0,0.05075573481564327
0,0,0.05951387881408313
0,0,0.033316488076175245
0,0,0.0026185606152987558
0,0,0.28747072165770376
1,1,0.8766240202294463
0,0,0.010680540673704072
0,0,0.008154214870625707
0,0,0.0053017521898703944
0,0,0.14280477017233117
0,0,0.018161861295420495
0,0,0.21275841577737814
0,1,0.5225463349707418
0,0,0.16141267747447344
0,0,0.06490301360046505
0,0,0.007552266597237129
0,0,0.007552266597237129
0,0,0.014097465065223577
0,0,0.019984813621400786
0,0,0.015364445671934334
0,0,0.17925807475048963
0,0,0.17578897159978696
1,1,0.9838399583889464
0,0,0.16885697265015676
0,0,0.0614869799679526
0,0,0.18123075232796163
0,0,0.14635703124021543
0,0,0.01611685886292854
1,1,0.8299238587468822
1,1,0.8891078792674443
1,1,0.9620740882389959
0,0,0.07947769133581774
1,1,0.8352879963528741
1,1,0.9618703079490334
0,0,0.3138988268178349
0,0,0.17759320489046054
0,0,0.006506314544625915
0,0,0.08955794617232382
0,0,0.020643811529582275
0,0,0.129515209845613
0,0,0.2722411729351348
0,0,0.04302259765086662
0,0,0.07297262763266579
0,0,0.15830058047127882
0,0,0.003309686289440033
1,1,0.9327503489136093
0,0,0.09976886883053618
0,0,0.0064450000158348736
0,0,0.009624419067267144
0,0,0.049829401793436215
1,1,0.9634524448319072
0,0,0.19299325073247997
0,0,0.029415472551832838
1,1,0.958063485578561
0,0,0.036883706793978864
1,1,0.8260146136596195
1,1,0.8175776664347016
1,1,0.8369922888514629
0,0,0.058354559892118366
0,0,0.04387146686998289
1,1,0.8166756196998068
1,1,0.8272509034549045
0,0,0.01221936733710183
0,0,0.0242326436985238
1,1,0.9496038441065383
0,0,0.03963135743730408
1,1,0.9593180737618253
1,1,0.9780021710651279
0,0,0.07904032072343707
0,0,0.0041013666447336766
0,0,0.016325878048595213
0,0,0.09121196828721957
1,1,0.5676324012831062
0,0,0.09111573551746355
1,1,0.7628772591785861
0,0,0.06299984351569292
1,1,0.9369622711804456
0,0,0.013675265237194091
1,1,0.8062157611188902
0,0,0.01629561503159998
0,0,0.04123078365924775
0,1,0.7883980968823978
1,1,0.9619908734261176
0,0,0.06863097749074919
0,0,0.015767896236080072
0,0,0.05264703753651779
0,0,0.04961690884065304
0,0,0.4589746335885339
1,1,0.964488669959889
1,1,0.8536628398345256
0,0,0.005684114383759801
1,1,0.9934743625936246
0,0,0.008129259049503944
0,0,0.10353470119349487
1,1,0.9860050394424271
0,0,0.0047242347125742165
0,1,0.5630817286051603
1,1,0.946711311312579
0,0,0.017493521537351907
0,0,0.10159718384325678
1,1,0.8657919592110378
0,0,0.20167986119637143
0,0,0.013760584144709487
0,0,0.10761755276448376
0,1,0.52875567788525
0,0,0.015811017541083165
1,1,0.9412330778547354
1,1,0.9884962361330655
1,1,0.9449296621835318
1,1,0.923586317488194
0,0,0.10290125358106282
0,0,0.12134134318946233
0,0,0.06977617199807873
1,1,0.8135859872113745
0,0,0.2303035264111478
0,0,0.2303035264111478
0,0,0.07199383961075646
0,0,0.018250342953935107
0,0,0.058910898230323125
1,1,0.9605450435407045
0,0,0.01036070436263766
1,1,0.9512042374331808
1,1,0.9396772671021822
1,1,0.811517246119566
0,0,0.026319149640082487
1,1,0.9768219257941356
0,0,0.03942630542620747
0,0,0.05781476980341381
0,0,0.017163239757452643
0,0,0.03915566913299822
0,0,0.013586835849941463
0,0,0.010998415268644436
0,0,0.06453220615365374
0,0,0.1618197236506275
0,0,0.011853710802207653
0,0,0.0016426642299346875
0,0,0.045745308264884044
0,0,0.02665807096255166
0,0,0.28011741422938635
0,0,0.16139889711667926
0,0,0.018426716291885324
0,0,0.08385738911010013
1,1,0.9063218514553534
0,0,0.007707153715494233
0,1,0.60785161849632
0,0,0.0961447779122436
0,0,0.12304361402508388
1,1,0.8685514159033032
0,0,0.01752529549990343
0,0,0.00959357734558585
0,0,0.016211912309570843
0,0,0.32130065497600796
0,0,0.1361898665534885
0,0,0.020944731203624736
1,1,0.907492749973272
0,0,0.07859032507890228
1,1,0.9646099133940951
0,0,0.013197280401689736
0,0,0.11960429281062361
1,1,0.9290513181560731
0,0,0.3883009439533477
0,0,0.008144293504853933
1,1,0.9576123029000061
1,1,0.9130879974612586
0,0,0.01784959964638386
0,0,0.23811756458041983
0,0,0.015703258861874642
0,0,0.03487053659780249
0,0,0.09049548033258026
0,0,0.020049404433317895
1,1,0.7409445295842798
0,0,0.06231211010137645
0,0,0.3363460798843743
0,0,0.05669267504929122
1,1,0.7798112164311799
0,1,0.7334841279399977
0,0,0.023466435646902224
0,0,0.27328973788674144
1,1,0.9629505947745565
0,0,0.14184648951304343
0,0,0.014027143232384702
1,1,0.9613109616653558
0,0,0.05017442295674686
0,0,0.08840174759895089
0,0,0.03866016220008787
0,0,0.07520005600867805
0,0,0.40022838106853204
0,0,0.08445736283223981
0,0,0.02402227566194428
0,0,0.01631956398513924
0,1,0.5752732476898421
0,0,0.03811501293158251
0,0,0.005603124874175098
0,0,0.0012250698942452296
0,0,0.06213924945787602
0,0,0.01857642754283986
1,1,0.9745707253313917
0,0,0.045374561934645855
0,0,0.0557226251166384
0,0,0.061396433453523004
0,0,0.02754246838254241
1,1,0.9799178384590433
1,1,0.9800430611246167
1,1,0.9531455205739425
0,0,0.02298154190324578
0,0,0.08143995252106945
1,1,0.9817433717292061
1,1,0.9361006838632631
0,0,0.008998947517507423
0,0,0.020811049271659127
0,0,0.034197736159080845
0,0,0.29673243854646414
1,1,0.8872594702250538
1,1,0.9405837686278595
1,1,0.9078395813795234
0,0,0.022437315622987678
0,0,0.04167757333972105
0,0,0.14572489993040505
1,1,0.9223968392125801
0,0,0.15648823645060894
1,1,0.9725747360988634
1,1,0.8799027174622296
0,0,0.10702230380523221
0,0,0.012882488777408793
0,0,0.0027397675942390093
1,1,0.9844840681270993
0,0,0.056502931197471004
0,0,0.01710157599315128
0,0,0.0392273207526386
0,0,0.02210606141558246
0,1,0.5949510101364426
0,1,0.5361037625643076
0,0,0.12478155757546586
0,0,0.07972785113079627
0,0,0.1295312738043393
1,1,0.987060238993247
0,0,0.03693421283233793
0,0,0.019630790289469468
0,0,0.11174540201180118
1,1,0.8712911986764917
0,0,0.10924208145316906
0,0,0.11942077617805069
0,0,0.03138304905273454
0,0,0.02761080470775768
0,0,0.014781240994071363
0,0,0.005984508050714748
1,1,0.9787237834439093
0,0,0.0065263718342110835
0,0,0.014518654038763483
0,0,0.36831262883662563
0,0,0.32266103519109185
1,1,0.9141774833937005
0,0,0.13052320764922032
1,1,0.8488643927270578
0,0,0.12662864271860066
1,1,0.9113379246585986
0,0,0.02682656285951998
0,0,0.011847050336136412
0,0,0.016558484308042166
0,0,0.049984599301279506
0,0,0.05996254978298208
1,1,0.9677624921513991
0,0,0.005103125948286717
0,0,0.20320639256750664
1,1,0.9849444125171399
0,0,0.006685710934086814
0,0,0.26657424464227436
0,0,0.004544421688278459
0,0,0.014259343049213846
1,1,0.8846884184178193
0,0,0.10093824550484598
0,0,0.00916106642121858
0,0,0.011463025220556085
0,0,0.18593951016124433
1,1,0.90971843745594
0,0,0.22306010515064142
0,0,0.3934096623083741
0,0,0.07664221779056256
0,0,0.004343585061708373
0,0,0.009879070661442169
1,1,0.9572423891565184
0,0,0.1810678338578144
0,0,0.026670078473966467
0,0,0.055858776511698016
0,0,0.05873020915499802
1,1,0.9223897136547331
0,0,0.01223122012565823
1,1,0.9515932029795736
1,1,0.7592652942048879
0,0,0.03012737170392474
0,0,0.08310129185243723
0,0,0.020975454586047087
0,0,0.11625559832466935
0,0,0.05576855625043733
0,0,0.004360295415967428
0,0,0.14735037886928748
0,0,0.022723209601318274
0,0,0.23492321099693025
0,0,0.06707138734616983
0,0,0.021181569655754975
1,1,0.8487072495327297
0,0,0.004892642586269229
0,0,0.043487798196833245
1,1,0.9330339678794379
0,0,0.2701505104236059
1,1,0.9632068045483791
1,1,0.8792368606485463
1,1,0.9903948680567298
0,0,0.2200600967568709
0,0,0.0859257054464423
0,0,0.006482346576621407
0,0,0.03581494542900225
1,1,0.7214574517519681
1,1,0.9055889671945024
1,0,0.4658180596693954
1,1,0.9201852358790603
0,0,0.012465829083704078
0,0,0.008982887783595135
1,1,0.9851740662271345
1,1,0.8520872444074106
0,0,0.19674606012257603
0,0,0.1912172591728607
1,1,0.9390397402000672
0,0,0.1982602383367095
0,0,0.04453972140662841
0,0,0.029102680153264785
0,0,0.06882706366544517
1,1,0.9919910547073328
1,1,0.9843473505207213
0,0,0.011775899508597231
0,0,0.15231168975920806
1,1,0.9781618604010052
0,0,0.03659839395731355
1,1,0.9706102447343171
1,1,0.9674353216581141
0,0,0.026877496103052234
1,1,0.9784431564325594
1,1,0.9815948874762012
0,0,0.07531997633980674
0,0,0.06760239938643403
0,0,0.2163953931636818
0,0,0.03378301007641977
0,0,0.021031632342780486
0,0,0.02109459497439503
1,1,0.9867923348010236
0,0,0.07020794193838095
0,0,0.028055636434497187
1,1,0.5614465689650519
0,0,0.021309165220685638
0,0,0.13725891882318525
0,0,0.008242051526459576
0,0,0.06988432327067767
1,1,0.8929584383595193
0,0,0.2762651695285833
0,0,0.3080218066150017
0,0,0.10039262736197486
1,1,0.9746494786747285
0,1,0.5346346474498395
1,1,0.9898650945834913
0,0,0.018776356528801816
0,0,0.01850864150582163
0,0,0.005585008431924319
1,1,0.9845454398071994
1,1,0.9446452244174777
1,1,0.9799630666046129
1,1,0.9791409828228372
1,1,0.9721363446273734
1,1,0.9933306850898327
1,1,0.9533071870155351
1,1,0.9043334622982244
0,0,0.059847673343609055
1,1,0.9671429833500154
1,1,0.8912258195896646
0,0,0.07666563091263762
0,0,0.11718411968585228
1,1,0.977960181330763
0,0,0.17973590533063843
0,0,0.07825762532322315
0,0,0.07181510826021273
0,0,0.06844192584251348
0,1,0.7215156628647121
1,1,0.9572237306825868
0,0,0.006828849078146976
1,1,0.9746228192861579
1,1,0.834633300875127
0,0,0.11256037168257542
0,0,0.23774788770672345
1,1,0.907036512725453
1,1,0.9718611617735069
0,0,0.2566894819692539
1,1,0.9838051940481807
0,0,0.02261771790673076
0,0,0.04685701411569717
1,1,0.7304964849653554
0,0,0.08121826570020897
0,0,0.07774703402718951
1,1,0.7854740693336439
0,0,0.004237007575833228
0,0,0.053308452302336086
1,1,0.9499944259651948
0,0,0.01586261970590912
0,0,0.19464289198635337
0,0,0.07463894714282579
0,0,0.03169657416089799
1,1,0.8173491063009655
0,0,0.06292234014890133
1,1,0.8744922883036129
1,1,0.8552921168365943
0,0,0.01927692303541127
1,1,0.927622464014444
1,1,0.9736690462595287
0,0,0.03606047320917428
1,1,0.8740493955759165
1,1,0.7592422499243555
1,1,0.9883617867161361
1,1,0.9866637274579791
0,0,0.020859902376338894
1,1,0.9871345631831112
1,1,0.9526884014275065
0,0,0.3297193524179964
1,1,0.9917686199756068
0,0,0.048885704928859686
1,1,0.9930458010643121
1,1,0.8919490313289214
1,1,0.9234149956940862
1,1,0.9837251276839035
1,1,0.9740536217431642
0,0,0.011248567551143647
0,0,0.1587462262675857
0,0,0.010240550723135592
0,0,0.19046780909611352
1,1,0.9698988198563585
0,0,0.020782972551056263
1,1,0.6793342394134683
0,0,0.034861522017436225
1,1,0.9866527811635701
1,1,0.981733615100081
1,1,0.9788587335350172
0,0,0.059668806410135326
0,0,0.024029606354600424
0,0,0.07804848963970146
0,0,0.023198242767530547
1,1,0.9864644948127794
1,1,0.8854666596655614
0,0,0.00504457106636506
1,1,0.9812424915428034
1,1,0.9781386018007041
0,0,0.017181743583012336
0,0,0.05879468598377649
0,0,0.09875879203856919
1,1,0.9603790215840108
0,0,0.34116068339043487
0,0,0.04643559483035743
0,0,0.3915407852637801
0,0,0.3915407852637801
0,0,0.04958482157307499
1,1,0.8842431624182429
0,0,0.0396229277281859
0,0,0.2996365977140306
0,0,0.012255559919292293
0,0,0.14884776538852773
0,0,0.085295563665552
0,0,0.0894858797118827
0,0,0.003079077837852157
0,0,0.15553995990780814
1,1,0.9559886801363352
0,0,0.041832626528606066
0,0,0.4509392929763037
0,0,0.095993140492019
0,0,0.01785633216844523
0,0,0.00774814660858478
0,0,0.009257640015454522
0,0,0.008612491679936636
0,0,0.1803460258143456
0,0,0.023785427812923067
0,0,0.1085642518382426
0,0,0.31357952013654977
0,0,0.3130031877573142
0,0,0.04279902927375781
0,0,0.025857673488637267
0,0,0.11504421845499109
0,0,0.11664016538718748
0,0,0.060052510025727236
0,0,0.19813488681683955
1,1,0.9897609072971967
1,1,0.9756668568201164
1,1,0.9902376417474091
0,0,0.003391567871881843
0,0,0.31612603294593966
1,1,0.993433642176017
0,0,0.002908865655089257
1,1,0.9911469017710912
1,1,0.9286170834422043
0,0,0.031270534081063825
0,0,0.026494249836728875
0,0,0.005951608774643601
1,1,0.9716168442342162
1,1,0.9887038739471086
1,1,0.9907568571136114
0,0,0.007795509699539988
0,0,0.10515486662918053
1,1,0.9875953216688869
1,1,0.9936170935197352
1,1,0.9914153011263398
1,1,0.9922779027438692
0,0,0.1972762745982192
0,0,0.033838480427776124
0,0,0.07371246946951933
1,1,0.9895018027226973
1,1,0.9895018027226973
0,1,0.8616376232527954
0,0,0.030640704663349783
0,0,0.013655483032496918
1,1,0.9934344664609309
1,1,0.9882226942570169
0,0,0.444477558649621
1,1,0.9910341386010838
1,1,0.9612951756842912
1,1,0.9845188754306231
1,1,0.8392719936109099
1,1,0.9894229711467141
0,0,0.08670975951774289
1,1,0.9712068386066264
0,0,0.14901987753899673
0,0,0.0039047950471363287
0,0,0.004082568288467024
1,1,0.9529558180821793
0,0,0.04866728546238345
1,1,0.9879966830975113
1,1,0.994014441602015
0,0,0.020732413251533608
0,0,0.03030765360084957
1,1,0.9882380462023881
1,1,0.9928352557304332
1,1,0.992415942643114
0,0,0.010389600614208084
0,0,0.003797018600162439
1,1,0.9500716250690975
1,1,0.9920868295545745
1,1,0.9915635549414208
1,1,0.9894662278587838
0,0,0.027798989032526613
1,1,0.9915610065502752
1,1,0.9523139945654107
1,1,0.9612854908693035
1,1,0.9892913672458921
1,1,0.9871887300570472
0,0,0.008606416817151335
1,1,0.966274046482595
0,0,0.02887810561114163
1,1,0.9891274257081867
0,0,0.00699516954623787
0,0,0.031208915506101963
1,1,0.9875702468818912
1,1,0.9812336126182848
0,0,0.08502200199734582
0,0,0.07657489103099781
1,1,0.9876939613637177
0,0,0.11360464209778193
0,0,0.37448404473717056
0,0,0.12028499333324268
0,0,0.05314847577865993
0,0,0.02495268521932289
0,0,0.022444097140442463
0,0,0.10024141246063253
1,1,0.9897711316552352
1,1,0.9835189096886668
0,0,0.03467525936798649
0,0,0.07673542216233796
1,1,0.8760606782333146
0,0,0.02885417715876422
0,0,0.00933478481087708
1,1,0.9907776923209342
1,1,0.9925040717529138
0,0,0.18893041490413826
0,0,0.08225566237473479
0,0,0.02597500454398807
0,0,0.08968720306443394
1,1,0.9859956207343323
1,1,0.9921256734907161
0,0,0.013487575151932949
0,0,0.12000515092331569
1,1,0.987774830343538
1,1,0.9565124346632253
0,0,0.07870428162272317
1,1,0.9901563890443831
1,1,0.9676426457392489
1,1,0.9898761715036382
1,1,0.9879823778479164
1,1,0.9885010927776403
1,1,0.9250684047824641
1,1,0.9894607867348396
1,1,0.9888415626037846
0,0,0.0662427917887371
1,1,0.9764222351647809
1,1,0.912120555760589
1,1,0.9907448219051538
1,1,0.9894180229270676
1,1,0.9883152681913064
0,0,0.08351442975760734
1,1,0.9907974080346479
1,1,0.8786006529913817
1,1,0.9683945928968644
1,1,0.9709619668014209
1,1,0.9892913672458921
1,1,0.923438288737306
0,0,0.3722514982339232
1,1,0.9892025216928602
0,0,0.051747497909968763
0,0,0.007808812612418835
0,0,0.1790878501831791
1,1,0.9912435342941872
0,0,0.005355367791308321
0,0,0.008288696897474315
1,1,0.9891593990861294
0,0,0.014739144568566278
0,0,0.08430840312499473
1,1,0.9909032694746394
1,1,0.9914153011263398
1,1,0.9862521986026048
1,1,0.9248342288525548
1,1,0.9886180304494073
0,0,0.14147037154405573
1,1,0.9274745773160326
0,0,0.0280080617002156
1,1,0.9888967390411568
1,1,0.9916017802324534
0,0,0.07734148377487979
0,0,0.07047682906917713
1,1,0.9355797781767802
1,1,0.9875459343108656
1,1,0.988969690222692
0,0,0.02458331481955651
0,0,0.036617872305074545
1,1,0.9878819426676426
1,1,0.9391628097604405
1,1,0.9880641160339315
0,0,0.006028868645725595
1,1,0.9898579146459959
1,1,0.9587921404375249
1,1,0.9895130994607674
0,0,0.24731025720911584
0,0,0.008119387429001004
1,1,0.9543156264593724
1,1,0.9353209506260136
0,0,0.010395603111429499
1,1,0.956346121996074
0,0,0.03837875342362841
0,0,0.01623512892769363
1,1,0.9277113859001623
1,1,0.9898579146459959
1,1,0.9868582702412094
1,1,0.9902748753944454
1,1,0.9121202617305357
1,1,0.9645924663005686
1,1,0.921915266291355
0,0,0.009356889403992057
1,1,0.9714158715451352
1,1,0.9915284832110567
0,0,0.02560531344241615
0,0,0.014764562505570107
1,1,0.9882890998945163
1,1,0.990705287847268
0,0,0.21122725798876527
0,0,0.036658835305112186
1,1,0.9273251409521072
1,1,0.9890402240076124
1,1,0.9807284696484356
1,1,0.9593909879264136
1,1,0.9897992801793791
1,1,0.9909287581092785
0,0,0.006116723870410695
1,1,0.9883075458698856
1,1,0.9835589322277015
1,1,0.9870876429428131
0,0,0.010512054980282503
1,1,0.9874123738209528
1,1,0.9890118154190382
0,0,0.05103749842625161
1,1,0.9498622920278372
0,0,0.07034917931240858
0,0,0.04889481484398716
0,0,0.03831638553499269
1,1,0.9903694903047315
1,1,0.9895130994607674
0,0,0.010812063210647734
1,1,0.9492868343557453
0,0,0.06766376080163816
1,1,0.9737833908591503
0,0,0.022434038355549225
1,1,0.993003666298964
1,1,0.8660331038131657
1,1,0.9872388202637035
1,1,0.9662996872778921
1,1,0.9899095702718274
1,1,0.9897992801793791
1,1,0.9777800320346675
1,1,0.8246016606023774
0,0,0.08410422636718479
1,1,0.9497034334533044
1,1,0.9602299514016389
1,1,0.9640295166949354
1,1,0.9645924663005686
1,1,0.9679879909629721
1,1,0.9356793433545647
1,1,0.7501529414821917
0,0,0.019730519721505687
1,1,0.9874538413939032
1,1,0.9670134404395591
0,0,0.1950821428764572
0,0,0.029613266818392554
1,1,0.9677064048136012
1,1,0.961375018412943
1,1,0.9588071662335456
1,1,0.9897520041741954
1,1,0.9596241722838451
1,1,0.9060908691877076
0,0,0.025127305530438362
0,0,0.06379467953639774
1,1,0.9533796321470621
1,1,0.9375676591911895
1,1,0.9848534793111704
1,1,0.7196067209089634
1,1,0.9879895113743856
0,0,0.0036088937717529503
0,0,0.02791835155729876
1,1,0.9897992801793791
1,1,0.9886902346991979
0,0,0.048957249360624316
0,0,0.027158205333712934
0,0,0.006527653664790038
1,1,0.9862521986026048
0,0,0.10466316186733247
1,1,0.9868582702412094
1,1,0.9874053107211025
0,0,0.04403347550053996
1,1,0.9880195220925987
1,1,0.9299310452559661
0,0,0.06963719056434269
1,1,0.8666975702991844
0,0,0.011020391931126113
0,0,0.0034946904691129906
0,0,0.0995960532931041
1,1,0.9382566489429327
0,0,0.04168880036786299
0,0,0.0822510315774242
0,0,0.05530034831032989
0,0,0.0033547303245423945
0,0,0.008837736670656932
0,0,0.013913175986280954
1,1,0.9904783807021704
0,0,0.006661627038208939
1,1,0.9646692042733415
1,1,0.9687433088162525
1,1,0.9908497605401627
1,1,0.9907193682809737
1,1,0.9834109589244382
1,1,0.9620590575912217
1,1,0.9893856641894411
0,0,0.17628284838746006
1,1,0.9876595077370678
1,1,0.991420202273646
0,0,0.2485977144751877
1,1,0.989618216862426
1,1,0.9925498100955821
1,1,0.9885986265485529
1,1,0.8525674205678142
1,1,0.9880577683246231
0,0,0.017074823806219774
1,1,0.7955616094407941
0,0,0.08605568710880085
1,1,0.9888114368839797
1,1,0.9900928839067422
0,0,0.12242965224502655
1,1,0.9919662816762012
1,1,0.9895406313352935
0,0,0.040728328612354266
1,1,0.9890992291123678
1,1,0.9919053334678383
1,1,0.9882380462023881
1,1,0.9897106021420617
1,1,0.988907551852885
1,1,0.9907974080346479
1,1,0.9924584822765484
1,1,0.9923198447527272
0,0,0.038528675942989345
0,0,0.04567673206082439
1,1,0.9393001883420867
1,1,0.9856183295428451
0,0,0.058136653683733115
0,0,0.04567673206082439
0,0,0.10380926515269599
1,1,0.8909183288689838
1,1,0.8610066923211672
1,1,0.9900527858820511
1,1,0.9393115393440247
1,1,0.9915610065502752
1,1,0.9893345818823074
0,0,0.03572997455850335
0,0,0.01781617998394692
0,0,0.14628706579451425
1,1,0.9870327860159754
0,0,0.03718989089219808
1,1,0.9628447468351626
1,1,0.9937542063842087
1,1,0.9523635431514292
1,1,0.990116232388944
0,0,0.035007047228790965
0,0,0.0376282279208569
0,0,0.07974920239986785
0,0,0.06914656963690864
1,1,0.9896137258950874
0,1,0.6382367928999915
0,0,0.17327027460240493
0,0,0.09385528010727169
1,1,0.9891844675826761
1,1,0.9905650176321404
1,1,0.9587921404375249
0,0,0.14885916441088634
1,1,0.9669332972472638
1,1,0.9436135290401831
1,1,0.9899439339579651
1,1,0.9591800434382846
1,1,0.9895396331110025
0,0,0.015225168962665066
0,0,0.19943017255901926
1,1,0.9922128030477625
1,1,0.9882469952918251
1,1,0.9906026763224582
1,1,0.9520587907632464
1,1,0.9895608017720023
0,0,0.08694796351299268
1,1,0.9910884816106282
1,1,0.987774830343538
1,1,0.8116161168054775
1,1,0.9913877484936623
1,1,0.9868658905456799
0,0,0.013873791871511675
1,1,0.9882226942570169
0,0,0.05507937187551748
1,1,0.9891988538159036
0,0,0.04006371156449908
1,1,0.9892812376556478
1,1,0.9913511990298212
0,0,0.003644872668666401
0,0,0.28628211397759895
0,0,0.04118208567488842
1,1,0.991015540845197
1,1,0.9875412888350645
1,1,0.987055151539005
0,0,0.04327984556643163
0,0,0.11234890895767957
0,0,0.04363199395822032
0,0,0.052577678174468255
1,1,0.9900325601815038
0,0,0.043324287851033934
1,1,0.9334867369177822
1,1,0.9910020590064412
0,0,0.1002565280838669
0,0,0.056149491537085
0,0,0.05849598609448795
0,0,0.009323429070846444
1,1,0.9357486789184941
0,0,0.025832391618704157
0,0,0.07655654486734076
0,0,0.01358458449205323
1,1,0.9045985944542716
0,0,0.010823287780688903
1,1,0.9682391833604034
1,1,0.9651010918030055
1,1,0.9618702010784673
1,1,0.9117081299745544
0,0,0.10171049257156503
1,1,0.9700079543638761
0,0,0.06553226961563025
0,0,0.10051035349768485
1,1,0.9912380618082699
1,1,0.9930157577154738
0,0,0.2968124515041367
1,1,0.9931493840298262
0,0,0.0065160924387219704
1,1,0.9893789738424873
1,1,0.8936661789154571
0,0,0.05808965039254072
1,1,0.9882638911128587
1,1,0.9614376312211941
1,1,0.9640828697507124
0,0,0.07696491019911172
0,0,0.10987215577456688
0,0,0.049014306284770756
1,1,0.9903270620953798
1,1,0.9885361550820174
1,1,0.9903352370871139
1,1,0.9904212483048024
1,1,0.9633260706155856
1,1,0.9633901098511181
1,1,0.9621229851865927
0,0,0.13829349537270236
1,1,0.9581573784281471
1,1,0.9917979302444812
1,1,0.9500035853364268
1,1,0.988847242114433
1,1,0.9862521986026048
1,1,0.9936649149746825
1,1,0.9693245241191903
1,1,0.6628386519084615
0,0,0.2070324795787285
1,1,0.9898979311527413
0,0,0.0046981502441962655
1,1,0.9919850071236027
1,1,0.9633697992661824
1,1,0.9318315069570169
1,1,0.9651683182580465
1,1,0.9299275443097623
1,1,0.9902066550774902
0,0,0.01639215422988267
0,0,0.01089333900519094
1,1,0.9533119626752782
1,1,0.9597241700479191
1,1,0.9620629618114671
1,1,0.931512516304842
1,1,0.9462229843218233
0,0,0.025990107640693746
0,0,0.03126186937204881
1,1,0.9717787241758858
1,1,0.9876939613637177
1,1,0.9886180304494073
0,0,0.049889395022547245
1,1,0.9898920283279051
1,1,0.9034494146660813
1,1,0.8994555710497146
0,0,0.015713659220083095
0,0,0.05626402749057532
1,1,0.9867223023645731
0,0,0.01673273633515177
0,0,0.09518280420794642
1,1,0.8574842190304255
1,1,0.9838497414167924
0,0,0.12466629253620426
1,1,0.9819715889654339
1,1,0.9909864100103728
0,0,0.1541442703850622
1,1,0.9880119996539346
1,1,0.9604091799366753
0,0,0.06264558795720826
0,0,0.01813970866785105
0,0,0.02712989312422227
1,1,0.9288431060897322
1,1,0.9440830634381171
1,1,0.9661962153459941
1,1,0.9737269715898254
1,1,0.9409673723073886
0,0,0.2729684840930238
1,1,0.9903859766835188
1,1,0.9210730873263673
0,0,0.1361525757099706
1,1,0.9796819383988851
1,1,0.9910753299057862
0,0,0.014438338086600399
1,1,0.9908408872901435
1,1,0.9842038337182241
1,1,0.9322143503985973
1,1,0.9898979311527413
1,1,0.9878012025877678
1,1,0.8534190672529305
1,1,0.9857209098731959
0,0,0.15195847795137937
0,1,0.6216649889072832
0,1,0.5873398276459021
1,1,0.9462380066824647
0,0,0.095075700141872
0,0,0.19363656739473933
0,0,0.10150618486163883
1,1,0.9693158976427856
1,1,0.989501363069394
1,1,0.9922080490472096
1,1,0.9024730618705022
0,0,0.22694736452021366
1,1,0.9891554958515201
0,0,0.021794589118377013
1,1,0.9381091754077666
1,1,0.9762665375854002
0,0,0.143457734457827
1,1,0.8399445946842935
0,0,0.07573685070979279
0,0,0.004422497257232336
1,1,0.9711837067471618
0,0,0.007450618252873
1,1,0.6930360204604719
1,1,0.9768978602506264
1,1,0.9426167279610309
1,1,0.9926579135797587
1,1,0.9916901824826745
0,0,0.12066424054254489
0,0,0.016959844437281456
1,1,0.9892945786336517
1,1,0.9816239387189889
1,1,0.9362302791958174
1,1,0.9590935975263523
1,1,0.970129066026696
1,1,0.9808768191126116
0,0,0.321890477767622
1,1,0.9859479709687925
1,1,0.9872088016396692
1,1,0.9832736897176981
1,1,0.8894818544078348
1,1,0.984661455320983
1,1,0.9601686027232059
1,1,0.9950832855218661
1,1,0.9734526491612498
1,1,0.9904296812659863
1,1,0.9774987117991213
1,1,0.9496100280329602
1,1,0.9630105413783778
1,1,0.9793993275484081
1,1,0.8969312979359042
1,1,0.9892812376556478
1,1,0.9911775813705095
1,1,0.9903860344337517
1,1,0.9826432294361584
0,0,0.09320947350594355
1,1,0.9929368244739061
1,1,0.9339854014391566
1,1,0.9890499754035567
1,1,0.9317702093826891
0,0,0.12074054184030697
1,1,0.9853321593483058
1,1,0.9888150111224888
0,0,0.07237542653902622
1,1,0.9760452228929537
0,0,0.022880201731432744
1,1,0.9891906196199368
1,1,0.9897609072971967
1,1,0.9912321464600079
1,1,0.9914363796455475
1,1,0.9906058868311575
1,1,0.8720442494408791
1,1,0.9401785720368042
1,1,0.9653868362207572
0,0,0.046088603494590825
0,0,0.09348620586335626
1,1,0.9874617540374264
0,0,0.021526675967099847
1,1,0.9947260119278033
0,0,0.028070568817595096
0,0,0.09577015298567826
1,1,0.9645300333487258
1,1,0.9865307765331639
1,1,0.9930157577154738
1,1,0.9895608017720023
1,1,0.9922305172267768
1,1,0.8111623359939105
1,1,0.9903543857019996
1,1,0.9101451966095819
0,0,0.02352100779418877
0,0,0.08833764036324135
1,1,0.988907551852885
0,0,0.02389859754606344
0,0,0.09577015298567826
0,0,0.17784981695688867
0,0,0.016313357130761964
1,1,0.8837777464644833
1,1,0.9914363796455475
1,1,0.9791818911709415
0,0,0.009020346318098584
0,0,0.11862516324462277
0,0,0.09577015298567826
1,1,0.972922119934217
0,0,0.49302245843204323
1,1,0.9896274723289058
1,1,0.9818375096490134
1,1,0.9684282138291442
0,0,0.14525555129146125
0,0,0.03169255111606379
0,0,0.04851930119473143
1,1,0.9899676483647765
1,1,0.9322460874173247
1,1,0.9891997733654025
1,1,0.8409696622404363
1,1,0.9675138141952684
0,0,0.05088072369071109
1,1,0.9908497605401627
1,1,0.9720036288473798
0,0,0.0132331567611771
1,1,0.9575473421596853
1,1,0.8927945768230569
1,1,0.9588907780689689
1,1,0.9185888745912526
0,0,0.10437853738816325
1,1,0.7702005289949472
1,1,0.952627288231098
1,1,0.7482686799555649
1,1,0.9730706484933704
1,1,0.8571243950704784
0,0,0.012910457927150393
1,1,0.9184205837799226
1,1,0.9746295385543027
1,1,0.8422868479477496
0,0,0.07334909482543041
0,0,0.011993167466230687
0,0,0.020268570402239696
0,0,0.07408277174669556
1,1,0.9935162637396877
1,1,0.8457670578470675
0,0,0.09578684697310448
0,0,0.34918335634167597
1,1,0.9610554697874931
0,0,0.14822626693711433
1,1,0.9451642073052202
1,1,0.8883977621606572
1,1,0.8806793974206382
1,1,0.9689287731630942
0,0,0.0023579441959054566
0,0,0.02614347805303146
1,1,0.9928405572302097
1,1,0.9831306287861098
0,0,0.02849176647007871
0,0,0.004438176276649997
1,1,0.8923107970546018
1,1,0.8615883699374173
1,1,0.9449286973873802
0,0,0.04848958330202837
0,0,0.04113461845937212
0,0,0.026073124854300772
1,1,0.9197475392946124
1,1,0.9395019758399209
1,1,0.8322029587674489
0,0,0.2340682312981801
0,0,0.14119968126550897
1,1,0.9757229651546153
1,1,0.9923087976833478
1,1,0.9913289779274409
0,0,0.033596938701488784
1,1,0.9506627967218784
1,1,0.950871545717774
1,1,0.9874053107211025
0,0,0.0058000171503481196
1,1,0.9497594942565614
1,1,0.9703051391739073
0,0,0.08017549118869427
1,1,0.9889751844895612
0,0,0.10064947458096349
1,1,0.989608814771201
1,1,0.9919399949786303
1,1,0.9868118509487382
1,1,0.9897609072971967
1,1,0.9873952337304165
1,1,0.9879598046305784
1,1,0.9067073476516901
1,1,0.9230432386517706
1,1,0.9938361954605655
1,1,0.9880265857019893
1,1,0.9878615598969601
0,0,0.10572437377651699
1,1,0.9922565513492196
0,0,0.027377034312915362
1,1,0.9355883014620457
1,1,0.9903270620953798
1,1,0.990260601682861
1,1,0.9910315690299903
1,1,0.9918190255682966
0,0,0.04428915072704881
1,1,0.9288385069264639
0,0,0.016467586039935398
0,0,0.09908464876251954
1,1,0.831612063465485
1,1,0.9920896199951165
0,0,0.14771957510182307
1,1,0.9825025946815805
1,1,0.984452305083347
1,1,0.98912871972356
1,1,0.9468018783376525
1,1,0.9760913749610812
0,0,0.13248879943238953
0,0,0.08472717511010572
0,0,0.13176714023056582
1,1,0.989753020060286
0,0,0.1294507977362352
1,1,0.8962026612203657
1,1,0.9892486078866229
1,1,0.93188056197708
1,1,0.9227395678154473
0,0,0.06704077037546885
1,1,0.9906544000015715
0,0,0.051891621711028076
0,0,0.09985208824350707
1,1,0.9412631094827618
0,0,0.32455675444701276
0,0,0.09478211335959255
1,1,0.9009400370504522
1,1,0.9418213374657316
0,0,0.1009683563279106
0,0,0.10437853738816325
1,1,0.988616855933502
0,0,0.06075933971127037
1,1,0.9856838441727251
1,1,0.9868714608273444
0,0,0.05119763637106729
0,0,0.08128221357989746
0,0,0.06506434905574823
1,1,0.9902066550774902
0,0,0.0866934121526786
1,1,0.9607657148110131
0,0,0.03417319889469215
1,1,0.8635869661085632
1,1,0.9910078717199946
0,0,0.029627089667081507
1,1,0.9892812376556478
1,1,0.992686868338406
1,1,0.9901523593620262
0,0,0.03500496094395963
1,1,0.9384531956438332
1,1,0.9677696724146664
1,1,0.9908497605401627
1,1,0.9921361265184072
1,1,0.9380360706061822
1,1,0.9877866391827572
0,1,0.5894998622378081
1,1,0.8056527178422036
1,1,0.9887772057573742
1,1,0.9642538782114036
0,0,0.02174686649874103
1,1,0.9891688588676254
0,0,0.018501847999905
0,0,0.09664710382067125
1,1,0.9883603703793196
1,1,0.9904844206528669
1,1,0.9922565513492196
1,1,0.989618216862426
1,1,0.9886078535356371
0,0,0.09664710382067125
0,0,0.018811332409664948
1,1,0.9117495809344709
1,1,0.9876857082391424
1,1,0.9903644519797172
0,0,0.015706928681753874
1,1,0.986716907102339
0,0,0.024666401498457093
1,1,0.9509762075291855
1,1,0.9919399949786303
1,1,0.9796178397617594
0,0,0.011180728349247283
0,0,0.014629475303328213
1,1,0.991694992262833
0,0,0.15942071263228866
1,1,0.9862099268442593
0,0,0.024832192987517505
0,0,0.15846108533667888
0,0,0.002944685591158466
0,0,0.027456341662917817
1,1,0.8992500420473596
0,0,0.030811559141194052
1,1,0.9873706837431045
1,1,0.829604096844991
0,0,0.012163381229156809
1,1,0.9894119919745554
0,0,0.017136286911422285
1,1,0.991420202273646
0,0,0.14929312829019847
1,1,0.9905182621439902
0,0,0.05087131147235493
1,1,0.9929368244739061
1,1,0.9372200629840216
1,1,0.9874732663772168
1,1,0.908878568439656
1,1,0.9853816754059307
1,1,0.9467353243781024
0,0,0.14508077127225177
1,1,0.9878932133204401
0,0,0.006534681817364386
0,0,0.073751983501031
1,1,0.9856231558702749
0,0,0.014308847925861371
1,1,0.9877657439545527
0,0,0.09367548012879579
1,1,0.9907097580778544
0,0,0.021280705529163987
1,1,0.6921392862803915
1,1,0.9930277990003676
0,0,0.06024319440989873
0,0,0.10947486334983923
0,0,0.025941515678110927
1,1,0.9033888823640133
1,1,0.9605405820731131
1,1,0.9931467481284693
1,1,0.9049665344902944
0,0,0.21700643675931697
1,1,0.9716797418651208
1,1,0.9924584822765484
0,0,0.4372532751125174
0,0,0.22106082092947063
1,1,0.7233826257372544
1,1,0.9793735473367077
1,1,0.9889292766205449
0,0,0.08779969086260055
1,1,0.9937049192100529
1,1,0.9871686854349017
0,0,0.012902261141623864
0,0,0.08890550492633721
1,1,0.9887408093236371
0,0,0.028506267145374353
0,0,0.02666016626485198
0,0,0.013489088649292241
0,0,0.009726368090395874
0,0,0.015094498840623903
1,1,0.9771140959845488
1,1,0.7869632574522001
0,0,0.08595409174238941
1,1,0.9805722737914307
0,0,0.028382169739430165
1,1,0.9919175188025903
1,1,0.9884853561732957
0,0,0.0736828003753764
1,1,0.918431473535221
0,0,0.03059646333410964
0,0,0.08194911329060794
1,1,0.9539040272712207
1,1,0.9882226942570169
1,1,0.942329284657659
0,0,0.09538414011537902
0,0,0.03701240073301735
1,1,0.9236635005776987
1,1,0.9904783807021704
1,1,0.9838567587643234
0,0,0.20038027386964605
0,0,0.023641913527874148
0,0,0.01617897074054824
1,1,0.8495340641432026
0,0,0.20790347612729754
0,0,0.03212060418747978
1,1,0.8940514157423154
0,0,0.09577015298567826
0,0,0.09998502614822269
1,1,0.9593582544392368
1,1,0.9886958389153461
0,0,0.10285803308113832
0,0,0.012031592897798
0,0,0.05288188262660555
0,0,0.2612309320455173
1,1,0.9567366368036808
1,1,0.9920856001165607
1,1,0.9904485959542777
1,1,0.9928317301973464
1,1,0.9904485959542777
0,0,0.022757749646811258
1,1,0.9890561963003524
1,1,0.9875071543148451
1,1,0.988907551852885
0,0,0.07250172062789294
1,1,0.9862099268442593
1,1,0.9858247380103773
1,1,0.9919399949786303
0,1,0.6453453276195277
0,1,0.6453453276195277
0,0,0.40980442829837677
0,0,0.0698771671162335
0,0,0.054819223494271284
1,1,0.8758326253302329
1,1,0.927345133574587
1,1,0.993660271103562
0,0,0.20535013622697001
0,0,0.3275119187578323
0,0,0.2078354250561433
0,0,0.021067812308677377
0,0,0.010724884063721905
0,1,0.5129673651780001
0,0,0.06315558700302178
0,0,0.04765166800714387
0,0,0.022952165040328088
0,0,0.0818592872373545
0,0,0.162203309382501
0,0,0.02590657758754945
0,0,0.09460727907679249
0,0,0.20631340982960805
0,0,0.05001101596442056
0,0,0.038343749793729315
0,0,0.1881394281836314
0,0,0.03417838165753138
0,0,0.04021801670407048
0,0,0.35652698046799053
0,0,0.12051168219464418
0,0,0.14778692144133845
0,0,0.052125069578942376
0,0,0.01534050224786809
0,0,0.044732973942268495
0,0,0.016260848468044348
0,0,0.1010492613717376
0,0,0.019067918585782294
0,0,0.04776760868285369
0,0,0.06868652735220661
0,0,0.05420277585086285
0,0,0.024497328578729004
0,0,0.04089753659663177
0,0,0.04889685340461676
0,0,0.08145574099684855
0,0,0.10352959417902552
0,0,0.05884984978488268
0,0,0.03157981724840284
0,0,0.030166184634798518
0,0,0.029213350034608065
0,0,0.06212032432727611
0,0,0.18847547611570944
0,0,0.07218356355002167
0,0,0.03364096397375693
0,0,0.024424208510411233
0,0,0.03199623640990778
0,1,0.5761838864817864
0,0,0.18739541879477611
0,0,0.032206740332019396
0,0,0.17865954874265985
0,0,0.0931303098843408
0,0,0.08096592155809383
0,0,0.0014781247706871306
0,0,0.011056681169130791
0,0,0.041148803937780976
0,0,0.04337360691276499
0,0,0.018951434126834463
0,0,0.012382724405150728
0,0,0.006324486549381445
0,0,0.009499837452053557
0,0,0.009570047665710043
0,0,0.022461556221618016
0,0,0.0701000900515343
0,0,0.08753499000108036
0,0,0.2566364554618362
0,0,0.09112160608164577
0,0,0.11427728822813395
0,0,0.018728848269978553
0,0,0.11074017611188114
0,0,0.04791146268662711
0,0,0.04584270815633643
0,0,0.05042955377603829
0,0,0.04110895763341626
0,0,0.09186968190474692
0,0,0.13509229945366302
0,0,0.11856870432852978
0,0,0.3631986609017715
0,0,0.08943454536546544
0,0,0.12457378825079653
0,0,0.016692299825105714
0,0,0.14889498981697463
0,0,0.2860173789318165
0,0,0.04588343236162313
0,0,0.018239164473306833
0,0,0.05100009117511584
0,0,0.029294302846729108
0,0,0.023308977970438897
0,0,0.015670731586848747
0,0,0.056819910847904616
0,0,0.011964816428853877
0,0,0.03507039460689524
0,0,0.030129653740191407
0,1,0.6392644659484579
0,0,0.021947482335470916
0,0,0.0818472601064409
0,0,0.16631924453250244
0,0,0.2887685815715866
0,0,0.15558626879005932
0,0,0.021937508697535295
0,1,0.5426550010191841
0,0,0.15617353662171865
0,0,0.0779956425384058
0,0,0.24664641447252983
0,0,0.20061765954085495
0,0,0.11504731325727256
0,0,0.37197908960708465
0,0,0.3866466242999703
0,0,0.12862790639893767
0,0,0.2128400864957385
0,0,0.09091960883932608
0,0,0.04300786575101596
0,0,0.0859288159250723
0,0,0.048574164268476376
0,0,0.2748069609044717
0,0,0.13857031386166113
0,0,0.10754463412125455
0,0,0.21979661586252267
0,0,0.044722474954929425
0,0,0.09067200410769646
0,0,0.03214496424948721
0,0,0.07687379351444099
0,0,0.10368224129392212
0,0,0.030252948550381457
0,0,0.038350361979968425
0,0,0.39932329191914034
0,0,0.1188915616627298
0,0,0.4273441966745767
0,0,0.09388194811680846
0,0,0.195127564451872
0,0,0.02713808385415622
0,0,0.09924244369105988
0,0,0.0848374335509265
0,0,0.07427977870731294
0,0,0.18930334197155493
0,0,0.011660816184911755
0,0,0.07341143450818877
0,0,0.4764645548742889
0,0,0.10413651810650901
0,0,0.08218048408834092
0,0,0.08334642577001235
0,0,0.11210122663640647
0,0,0.041377526392855454
0,0,0.02144275086027053
0,0,0.2185298455462603
0,0,0.20884497943841157
0,0,0.3329971936983033
0,0,0.21396312694305555
0,0,0.24183416378807793
0,0,0.08030283778658871
0,0,0.38078142515147845
0,0,0.1599528221560732
0,0,0.05590059962993454
0,0,0.06771663444804539
0,0,0.04961459258458697
0,0,0.2800389485787998
0,0,0.03690068634630348
0,0,0.12274096080849134
0,0,0.22893617548576276
0,0,0.12832344415408706
0,0,0.0756671437086178
0,0,0.10956840582511863
0,0,0.16510929337605054
0,0,0.1935156158855149
0,0,0.10182608624155146
0,0,0.13737937364415156
0,0,0.23493721276891288
0,0,0.23937086301010055
0,0,0.09091132068829173
0,0,0.08983598019909501
0,0,0.10687861238914657
0,0,0.121270266350197
0,0,0.08940545920585617
0,0,0.11905208344994311
0,0,0.2143412780899015
0,0,0.06409302007388104
0,0,0.20350861884796856
0,0,0.03391469805080257
0,0,0.10736391579985569
0,0,0.06166526537804076
0,0,0.044237410118711885
0,0,0.027060533331448314
0,0,0.07929695308673783
0,0,0.06790904424652773
0,0,0.04112740902625617
0,0,0.12431503749001258
0,0,0.03873337414964398
0,0,0.2956205553635759
0,0,0.4705769989817515
0,0,0.3167778640976931
0,0,0.41750989480774886
0,0,0.03960534762562997
0,0,0.23161306064504195
0,0,0.14442129134295445
0,0,0.13269213171884714
0,0,0.1871517367849676
0,0,0.06796773263930034
0,0,0.09708323085884037
0,0,0.0508115294618681
0,0,0.005724455090987288
0,0,0.048708556667624164
0,0,0.059951296068100575
0,0,0.04665944864917083
0,0,0.06863707017444948
0,0,0.011036151822205109
0,0,0.011315647168043
0,0,0.003001145272430027
0,0,0.010730299760148167
0,0,0.00792310358994622
0,0,0.09523864306531446
0,0,0.018489104861792265
0,0,0.03163944516429964
0,0,0.01021185732527764
0,0,0.004659215014813151
0,0,0.003203662957278562
0,0,0.06549840166477289
0,0,0.026158250126919795
0,0,0.013983880356348594
0,0,0.018742445511683758
0,0,0.03479187737786085
0,0,0.009871376152108566
0,0,0.01603466797744704
0,0,0.046581922541082496
0,0,0.023934690649900777
0,0,0.014997381533920492
0,0,0.020449304048426875
0,0,0.015900406926638345
0,0,0.030410303685900298
0,0,0.01602555739302015
0,0,0.025164040011192212
0,0,0.024543707352837264
0,0,0.01651390355445958
0,0,0.024587799630261118
0,0,0.04124773303897577
0,0,0.06277002920897241
0,0,0.06495721059584583
0,0,0.02491409029304714
0,0,0.060617445372200915
0,0,0.029285676128664045
0,0,0.014727276622591653
0,0,0.01468866015626002
0,0,0.014534341065197867
0,0,0.020636963045163857
0,0,0.01011791758924335
0,0,0.03770491467966244
0,0,0.022335115006693797
0,0,0.01490007067393247
0,0,0.023537557533305702
0,0,0.06647999016576019
0,0,0.011355721831781433
0,0,0.03979166484908075
0,0,0.009368615708446569
0,0,0.033058461976870186
0,0,0.020518295459611154
0,0,0.02174623620377067
0,0,0.07075703606204779
0,0,0.02262698088282082
0,0,0.033210897323585335
0,0,0.012030200771848739
0,0,0.0329069004917907
0,0,0.013832167016520737
0,0,0.013623237409275218
0,0,0.0348527866183838
0,0,0.015170835063054682
0,0,0.05012135437143327
0,0,0.005860065006833221
0,0,0.03401505639856953
0,0,0.05368048498293907
0,0,0.02401873481699147
0,0,0.4318787879201643
0,0,0.1287465129375666
0,0,0.0697495718347387
0,0,0.00935527830218614
0,0,0.024592601917006556
0,0,0.03657482684625862
0,0,0.01966794313926948
0,0,0.04308295185758766
0,0,0.03596548498757581
0,0,0.044845762082979385
0,0,0.08150396209214669
0,0,0.04255349206973182
0,0,0.057133685593734926
0,0,0.05482339454207453
0,0,0.05790584493620059
0,0,0.017617543918107995
0,0,0.044003613921758764
0,0,0.047637919732966154
0,0,0.019575696891189168
0,0,0.028647518079439886
0,0,0.04000464874239843
0,0,0.014312474890967068
0,0,0.09507146955378788
0,0,0.056162787213393
0,0,0.23962867368537427
0,0,0.0044874182443485665
0,0,0.07601469705811059
0,0,0.11022558415228047
0,0,0.1210999168904637
0,0,0.09128574162401697
0,0,0.03084274732914107
0,0,0.03513521116540417
0,0,0.014475672539379768
0,0,0.010686653920656718
0,0,0.15625347934448333
0,0,0.10723848315149939
0,0,0.03784317061679984
0,0,0.03153349735290839
0,0,0.021959830184264843
0,0,0.016147360833271677
0,0,0.020112675474146992
0,0,0.2143059396938916
0,0,0.02864238158492153
0,0,0.06237671394041174
0,0,0.03606868364113982
0,0,0.06204908757887319
0,0,0.02237713377330282
0,0,0.030084039609470193
0,0,0.04091894434819013
0,0,0.048876320549182825
0,0,0.009305862942791576
0,0,0.060731043277618614
0,0,0.01586192947441271
0,0,0.05236209050842887
0,0,0.07194793287487986
0,0,0.013235376354250315
0,0,0.01701699707309301
0,0,0.05351887711644896
0,0,0.039865607874179275
0,0,0.035254981258112564
0,0,0.046129620516935754
0,1,0.5066519993985976
0,0,0.44298421629721946
0,0,0.08316493612372816
0,0,0.012939533892467216
0,0,0.1207137249682918
0,0,0.06002851610773017
0,0,0.1290225911075826
0,0,0.03525524734896678
0,0,0.10688556122103003
0,0,0.019722290951412973
0,0,0.22059446709880592
0,0,0.04359765897859652
0,0,0.36865165246082005
0,0,0.17955514648601806
0,0,0.12145872325998262
0,0,0.060804947443776444
0,0,0.18573855668349706
0,0,0.012300868897072518
0,0,0.25772281198529107
0,0,0.4644317433917478
0,0,0.021710303092320766
0,0,0.056985125768649066
0,0,0.10161671590969387
0,0,0.034157607887442265
0,0,0.1428440095623808
0,0,0.03668757383901448
0,0,0.14248406881095513
0,0,0.09102681909535382
0,0,0.22001476751898735
0,0,0.08353640435204066
0,0,0.05095881615483794
0,0,0.014406594111252103
0,0,0.25696320440460263
0,0,0.023995214845839954
0,0,0.013439831521008576
0,0,0.05016414093874972
0,0,0.03617206482183775
0,0,0.02497595828268608
0,0,0.03460530649728795
0,0,0.012862447500764788
0,0,0.028208938919471564
0,0,0.007657828633373488
0,1,0.5417255091224037
0,0,0.25729484458794366
0,0,0.4496998896175593
0,0,0.014639647018979787
0,0,0.032472412811675996
0,0,0.021660325076319084
0,0,0.049096796406263916
0,0,0.1500637384093539
0,0,0.4033974581971657
0,0,0.2125051381238156
0,0,0.07601656086337129
0,0,0.060567969378198
0,0,0.07927236867935092
0,0,0.08217855819064743
0,0,0.1922104626364084
0,0,0.12797965018743887
0,0,0.15963638676910213
0,0,0.060012699553616954
0,0,0.20320273983507536
0,0,0.16654554518509534
0,0,0.16056385147183688
0,0,0.1359896716054885
0,0,0.08174352905915927
0,0,0.150807722021564
0,0,0.031505291154025415
0,0,0.09344038812671543
0,0,0.0970313180243886
0,0,0.0828720845659994
0,0,0.0420211225034066
0,0,0.031940254421662075
0,0,0.04404391267197731
0,0,0.021929800401322717
0,0,0.09089447380505704
0,0,0.13078735906388944
0,0,0.099645951864836
0,0,0.04597672914202171
0,0,0.18786749426516508
0,0,0.060458215265913405
0,0,0.13981496289502116
0,0,0.08601640981966126
0,0,0.04567548261998191
0,0,0.20927262669843685
0,0,0.18341623872687907
0,0,0.08686248958045074
0,0,0.11660248884576266
0,0,0.07553736254640225
0,0,0.05025431047011864
0,0,0.041187306706792236
0,0,0.14993032956464394
0,0,0.15441335399003994
0,0,0.034230196407420165
0,0,0.15385996991078757
0,0,0.0431279450860778
0,0,0.08772758782839432
0,0,0.055805139702107986
0,0,0.07791493297647126
0,0,0.02382700576399788
0,0,0.06002618240333623
0,0,0.026998268997324843
0,0,0.011189112751283864
0,0,0.02099363797677
0,0,0.05204339821177756
0,0,0.06371718701729599
0,0,0.04364226304957499
0,0,0.053118120437112434
0,0,0.06380061494020718
0,0,0.019529799378692994
0,0,0.027231157476948434
0,0,0.032794462985296036
0,0,0.05562491658421776
0,0,0.05189251487870532
0,0,0.054213674288231505
0,0,0.06945471340726452
0,0,0.15028774851809829
0,0,0.14460758980455501
0,0,0.0736603618120251
0,0,0.065091090951072
0,0,0.07371672266436662
0,0,0.05271982795817101
0,0,0.06126249981675259
0,0,0.03921569925563001
0,0,0.12823978565674535
0,0,0.09463857127925929
0,0,0.2943367639013405
0,0,0.052832034881268024
0,0,0.04467290469238235
0,0,0.07964738099223652
0,0,0.31505164785985273
0,0,0.05867766935918897
0,0,0.12823407187036953
0,0,0.07127256663519395
0,0,0.04445282207262824
0,0,0.18521058027582848
0,0,0.12970745763500843
0,0,0.12752827183683343
0,0,0.08495482426121997
0,0,0.19360635424689976
0,0,0.08303371372865845
0,0,0.14133730070921266
0,0,0.046187737603615255
0,0,0.03877909174786849
0,0,0.011445255644679924
0,0,0.03173546398393982
0,0,0.09085981374632587
0,0,0.022539334212082353
0,0,0.08767178224513977
0,0,0.03334978563179637
0,0,0.0950091678625048
0,0,0.033751003756098095
0,0,0.024859020529677135
0,0,0.0904728976468998
0,0,0.07464587714273091
0,0,0.07961889773093658
0,0,0.14068743406987283
0,0,0.055224635729438726
0,0,0.09348118300872403
0,0,0.06266338675371899
0,0,0.04444094586783089
0,0,0.10700758477548979
0,0,0.08731312507517433
0,0,0.057719070436472786
0,0,0.026107955460877134
0,1,0.5941812977101869
0,0,0.16827625351191824
0,0,0.021414290331539534
0,0,0.04469634191435543
0,0,0.18083960084387382
0,0,0.04957094902980661
0,0,0.05233646467903655
0,0,0.09626415536650185
0,0,0.018926621864341183
0,0,0.04799883343769326
0,0,0.029953217662422767
0,0,0.008435589200966508
0,0,0.064538312854078
0,0,0.0271185723785503
0,0,0.04338249690939569
0,0,0.10932806543314151
0,0,0.030867584710403812
0,0,0.014823423412831882
0,0,0.01575776820478844
0,0,0.05955143819489771
0,0,0.25959588560832064
0,0,0.08207653696604081
0,0,0.13786789728714607
0,0,0.09627873990275128
0,0,0.08158702925649705
0,0,0.031700255153291314
0,0,0.01599622137355844
0,0,0.03717447016989008
0,0,0.06641197628412406
0,0,0.06668878355590878
0,0,0.05117045131740408
0,0,0.06417627477560581
0,0,0.10420125867190173
0,0,0.09968618196339031
0,0,0.0746682046385339
0,0,0.03247179551545053
0,0,0.023647136502808645
0,0,0.019926147586774134
0,0,0.04290772712777675
0,0,0.07904966846160941
0,0,0.011909176683067593
0,0,0.08277823108986407
0,0,0.10654899175681286
0,0,0.1109158361786594
0,0,0.04531909205867311
0,0,0.09721527693540517
0,0,0.14123474120627869
0,0,0.029281534470952865
0,0,0.06546099917153868
0,0,0.027303833058645338
0,0,0.014844577318130192
0,0,0.034853967621735815
0,0,0.03853020475388496
0,0,0.016271752991034373
0,0,0.06874440713504931
0,0,0.1027973213896265
0,0,0.10809528151156539
0,0,0.07445958083263544
0,0,0.0378939660403028
0,0,0.04188110178130443
0,0,0.04648899994032114
0,0,0.029200201012918724
0,0,0.10583220800154777
0,0,0.033448688609154974
0,0,0.018832947839120456
0,0,0.05166725855131122
0,0,0.0397030937051364
0,0,0.020822700664055584
0,0,0.12330413984074909
0,0,0.015516545892451215
0,0,0.05965481319662636
0,0,0.15193671016059743
0,0,0.035990304367235285
0,0,0.058051652029085694
0,0,0.036034301553702755
0,0,0.00894659799178168
0,0,0.05844479464831619
0,0,0.060253559880389926
0,0,0.027417659485153945
0,0,0.07006698058918595
0,0,0.07685231014998602
0,0,0.10385873841814408
0,0,0.04099134151891923
0,0,0.04587284168970127
0,0,0.0017207367443218935
0,0,0.15045386914822972
0,0,0.12182471910306497
0,0,0.03463726574075546
0,0,0.03001125660461952
0,0,0.02613658420627117
0,0,0.012833411930377368
0,0,0.053884361233461124
0,0,0.03343397309515872
0,0,0.15209861445383824
0,0,0.054566791077586906
0,0,0.06491503989896107
0,0,0.04418129379260965
0,0,0.03468791955702029
0,0,0.015475183176759345
0,0,0.04548494269353575
0,0,0.1757246060598192
0,0,0.0971350930085433
0,0,0.03919875414721743
0,0,0.031036100534474597
0,0,0.04826418913089388
0,0,0.021662400264014933
0,0,0.011559909881620844
0,0,0.08038598401290827
0,0,0.07959423016753545
0,0,0.06814751695223642
0,0,0.030950195613491376
0,0,0.006292901604208445
0,0,0.07207557245925232
0,0,0.018402574120194904
0,0,0.03968576186936735
0,0,0.07061660743980096
0,0,0.009414279829733058
0,0,0.25088044736970955
0,0,0.026585477691553797
0,0,0.21987180283397745
0,0,0.013768840714253048
0,0,0.0699101059795521
0,0,0.473553887182199
0,0,0.01990300020421224
0,0,0.025587737972046932
0,0,0.05139081406213111
0,0,0.018247466698653902
0,0,0.03207401136023505
0,0,0.015275295132908819
0,0,0.04149353998637024
0,0,0.0357478101639327
0,0,0.04153695267942143
0,0,0.005976948455070433
0,0,0.013695562865479962
0,0,0.022881919148054604
0,0,0.035942658353786405
0,0,0.09675172222750657
0,0,0.12090622493880372
0,0,0.024892724489768227
0,0,0.03735956580983886
0,0,0.005021030991574956
0,0,0.022248385794460073
0,0,0.02322549614512963
0,0,0.08654697922701156
0,0,0.0467451254534413
0,0,0.0784045997662996
0,0,0.055187286761447976
0,0,0.020517828488295968
0,0,0.04562474765904417
0,0,0.008172338142935564
0,0,0.020084292953673734
0,0,0.08171036091204087
0,0,0.01622200363038458
0,0,0.02718706315193052
0,0,0.0389031808027697
0,0,0.008513381069724588
0,0,0.01185729328160987
0,0,0.00632816076147568
0,0,0.0663636637111593
0,0,0.04355943118891567
0,0,0.0919993805594176
0,0,0.4792435859905202
0,0,0.021641854626293925
0,1,0.5229267301174985
0,0,0.24378736194807393
0,0,0.04775187315515948
0,0,0.028183596787137995
0,0,0.20102541736255083
0,0,0.017586897400649962
0,0,0.03971534409785868
0,0,0.04602590005662334
0,0,0.04945170243775426
0,0,0.07259849193630241
0,0,0.0040456627399339945
0,0,0.304883138576457
0,0,0.06809651404952617
0,0,0.15891756058525486
0,0,0.017294232716329662
0,0,0.21501604425102872
0,0,0.048895992367019574
0,0,0.06977583567891693
0,0,0.19212576701928488
0,0,0.44612918941755764
0,0,0.04538647712400416
0,0,0.10572989616351104
0,0,0.037006588209894845
0,0,0.04688070879484461
0,0,0.33048418011621383
0,0,0.03603475371094243
0,0,0.11023845933135858
0,0,0.1126512567377562
0,0,0.4562342378224453
0,0,0.0452276570480937
0,0,0.23520476405244828
0,0,0.16959526176062553
0,0,0.0794905274700749
0,0,0.0861047696198047
0,1,0.5133053342869547
0,0,0.09913883334719524
0,0,0.058378087799759615
0,1,0.5938403950168322
0,0,0.2603762498468487
0,0,0.38623418240265606
0,0,0.30145610681164514
0,0,0.039251531781509155
0,0,0.40852119503939754
0,0,0.3201444941373099
0,0,0.1974157764526868
0,0,0.11014598342182494
0,0,0.39442982114411945
0,0,0.13677877087098386
0,0,0.08193459128760827
0,0,0.049335649618976414
0,0,0.23275368351236458
0,0,0.22142993834509483
0,0,0.242898497119931
0,0,0.11590334374867593
0,0,0.0584910904183124
0,0,0.09634771142547324
0,0,0.15179613652804783
0,0,0.11653539895803483
0,0,0.1253590267813501
0,0,0.08247205975453922
0,0,0.09402084013134981
0,0,0.11301823539370416
0,0,0.11798649338048185
0,0,0.14441646488866303
0,0,0.11758834800695428
0,0,0.04862082278982767
0,0,0.09453675734230305
0,0,0.1375295731108791
0,0,0.050685642566346056
0,0,0.1537533260990122
0,0,0.06994778107997227
0,0,0.10924306358564197
0,0,0.31115819112389753
0,0,0.09947116198102847
0,0,0.17538116297132966
0,0,0.025813097503705966
0,0,0.03895344094347409
0,0,0.01832469791324961
0,0,0.02264969566377613
0,0,0.016235058844656924
0,0,0.04510725385224473
0,0,0.2208269532691048
0,0,0.011820528586019906
0,0,0.1349366677263808
0,0,0.036993523762639605
0,0,0.0016796799993006708
0,0,0.014342629724350608
0,0,0.051290459097503745
0,0,0.020290153248359716
0,0,0.006138818043929794
0,0,0.018747060506965875
0,0,0.014190171217602986
0,0,0.005434361955181784
0,0,0.01640555285357524
0,0,0.04646954824239255
0,0,0.052073357758756475
0,0,0.0628249408524802
0,0,0.03337517804070514
0,0,0.023729597987035955
0,0,0.005904427726962926
0,0,0.07760732478145492
0,0,0.04965592722912948
0,0,0.06959837990750682
0,0,0.046628053996758574
0,0,0.03813657113849911
0,0,0.146981259729598
0,0,0.0396422467247103
0,0,0.04984607098169598
0,0,0.07309510032933794
0,0,0.09904712011705678
0,0,0.0305252910885049
0,0,0.0002453226452228654
0,0,0.1818044717586104
0,0,0.04771358029108848
0,0,0.04390722974179117
0,0,0.18444644206714608
0,0,0.075476013256114
0,0,0.008559271208657073
0,0,0.022701697457349436
0,0,0.006461603596154896
0,0,0.46437605642368196
0,0,0.019263629672531236
0,0,0.4112621775236579
0,0,0.12452342652097799
0,0,0.1270146967733584
0,0,0.21265566415024809
0,0,0.32898685063909217
0,0,0.026075338954224928
0,0,0.08106341536942868
0,0,0.09109695206595161
0,0,0.3426677697137162
0,1,0.6004617288707305
0,0,0.27478088970190073
0,0,0.011155675727301296
0,0,0.25802470772708747
0,0,0.012456204470219895
0,0,0.17027689109660044
0,0,0.18711708712283429
0,0,0.4132623271709634
0,0,0.06952588767375537
0,1,0.5634442054985663
0,0,0.09794034724091283
0,1,0.5414207701328748
0,0,0.013262841376693826
0,1,0.5088897108355376
0,0,0.06617447746309248
0,0,0.2561017254141564
0,0,0.015103886189928067
0,0,0.1431545944390784
0,0,0.04691879444138303
0,0,0.31891005547533785
0,0,0.03628058154708065
0,1,0.5198041753568435
0,0,0.22428163654728747
0,0,0.2091878885273384
0,1,0.5163037124699653
0,0,0.10660742365128381
0,0,0.12896080652642272
0,0,0.14240109212871413
0,0,0.01500223283845412
0,0,0.11693243064823389
0,0,0.043288131485417304
0,0,0.06780759861881987
0,0,0.025557771839428027
0,0,0.005337590905418743
0,0,0.02248710151700631
0,1,0.8832357616332955
0,0,0.21814139674124872
0,0,0.03600753568974479
0,0,0.4023560708486153
0,0,0.33861704594828
0,0,0.2097352074883167
0,1,0.6489735515561019
0,0,0.064489610183963
0,0,0.3468361697465006
0,0,0.3113104908625446
0,0,0.06724795092753279
0,0,0.006426766817181384
0,0,0.04364397342135276
1,1,0.9904823945130639
1,1,0.8574626537003083
1,1,0.9034437183140448
1,1,0.7396985997214632
1,1,0.9422811219928792
1,1,0.9734624282456907
1,1,0.9698464802350546
1,1,0.8622591867012802
1,1,0.8731831369650463
1,1,0.6556619657005995
1,1,0.9429290582934946
1,1,0.9633192141730073
1,1,0.9279602244803593
1,1,0.8275255778558953
1,1,0.914815172430378
1,1,0.9355028361790979
1,1,0.5973427662084361
1,1,0.7214037845026724
1,1,0.9623913518608561
1,0,0.41733947963828444
1,1,0.7695855892055137
1,1,0.8271636857826705
1,1,0.7976623164436025
1,1,0.751866918411489
1,1,0.7467171007139565
1,1,0.9567448933607934
1,1,0.8523975315428298
1,1,0.9269677013776186
1,0,0.4604305270039848
1,1,0.9796445319160334
1,1,0.9723594428255214
1,1,0.9078515027669161
1,1,0.8362924946785841
1,1,0.8763370529812174
1,1,0.8536241475935734
1,1,0.9630356021636365
1,1,0.8819382032025724
1,1,0.88541373100555
1,1,0.8255939669590819
1,1,0.8916279124063771
1,1,0.8641049050419463
1,1,0.8216943239072794
1,1,0.6168646992847036
1,1,0.9117412098016715
1,1,0.8044430618987637
1,1,0.8615015311072032
1,1,0.9207044979333137
1,1,0.865409361537165
1,1,0.865409361537165
1,1,0.9270045816612733
1,1,0.5208224125574966
1,1,0.68578351249732
1,0,0.3218224666167105
1,1,0.9161735204806476
1,1,0.8275271822770413
1,1,0.5212847313993519
1,1,0.5855080196456635
1,1,0.7435976039982825
1,1,0.7091213867382499
1,1,0.8152395003266532
1,1,0.9159540111706559
1,1,0.9130349608592947
1,1,0.9607719118620142
1,1,0.5759438225813086
1,0,0.40125978036871407
1,1,0.5386272039826586
1,0,0.4132521723667494
1,1,0.8168957631734262
1,1,0.9030912421542011
1,1,0.7831596872390794
1,1,0.9109284885995982
1,1,0.6183009448614631
1,1,0.9529792115480636
1,1,0.9074899449717353
1,1,0.5344954546909729
1,1,0.9167470253235034
1,1,0.877985897485934
1,1,0.8247901055931273
1,1,0.9466723955811986
1,1,0.9701008419376325
1,1,0.9701008419376325
1,0,0.45638921937011184
1,0,0.4165647188250592
1,1,0.9186908930198541
1,0,0.4068931128408194
1,1,0.9571747309631248
1,1,0.6227145925168943
1,0,0.48873906800224826
1,1,0.9830525942200108
1,1,0.8283764793734305
1,1,0.8807487705941289
1,1,0.8637367214686791
1,1,0.6099097810078682
1,1,0.7840289741883444
1,1,0.7343305230650864
1,1,0.9492565859801606
1,1,0.8803659510715783
1,1,0.9483636956606708
1,1,0.7643126409964416
1,1,0.9693026751156444
1,1,0.9598908191172336
1,1,0.7654578103433075
1,1,0.5526485336787756
1,1,0.8833246774706415
1,1,0.8872773457363715
1,1,0.975003536426855
1,1,0.5803867060716574
1,1,0.7560931912373479
1,0,0.17015326643934045
1,1,0.9853293687981661
1,1,0.6955659608739813
1,1,0.9052349657585537
1,1,0.8890062293356666
1,1,0.9081147811144408
1,1,0.9048517336913202
1,1,0.9761245266748342
1,0,0.04875761810369517
1,1,0.8723689212557016
1,1,0.9773907620402076
1,1,0.9543452618185997
1,1,0.9522817815341431
1,1,0.9487322783364298
1,1,0.9510754463103025
1,1,0.7604066562423203
1,1,0.6097806785142155
1,1,0.9183647898096288
1,1,0.9758351230285937
1,1,0.9164196117655515
1,1,0.8870723461285993
1,1,0.9009102078394006
1,1,0.7045168170778648
1,1,0.9880566345440579
1,1,0.9694806495288911
1,1,0.6113867260152048
1,0,0.49328925632395887
1,1,0.6207596033906686
1,1,0.8794427783862505
1,1,0.9365662467765543
1,1,0.759859196149643
1,1,0.8598355536043333
1,1,0.8598355536043333
1,0,0.22906610035297456
1,1,0.8720719660526378
1,1,0.8398683210605256
1,1,0.6092666272753654
1,1,0.9152314315132579
1,1,0.9189986503351587
1,1,0.8799322719447265
1,1,0.9228680279088038
1,1,0.9910587653497612
1,1,0.8860698264804178
1,1,0.8678229039731263
1,1,0.869647428991385
1,1,0.9047563396244096
1,0,0.4820492179678984
1,1,0.9404029404161636
1,1,0.9215911258949266
1,1,0.9041066491496738
1,1,0.5426321361014498
1,1,0.8554033703990442
1,1,0.9503466611215978
1,1,0.9466201028229624
1,1,0.937245012944056
1,1,0.9223781587049745
1,1,0.5951050530608389
1,1,0.8862876551941339
1,1,0.9847388005568304
1,1,0.6060391262641732
1,1,0.9470723929186988
1,1,0.9287545035937999
1,1,0.9270145251425775
1,1,0.533532005839745
1,1,0.9773565090611389
1,1,0.8750308327563405
1,0,0.49435836949440554
1,1,0.9591025193290463
1,1,0.9134692659311534
1,0,0.3140815156503461
1,1,0.9527129095862654
1,1,0.7949370112048693
1,1,0.9139971890096641
1,1,0.914128202024286
1,1,0.8591875770340374
1,1,0.9495831109529252
1,1,0.6967620753057605
1,1,0.8071029135238821
1,1,0.9262395828269104
1,1,0.9772038846533441
1,1,0.9784709912452125
1,1,0.966371854593503
1,1,0.9403330628496798
1,1,0.7480198061845
1,1,0.8195723727277172
1,1,0.979380152889477
1,1,0.9121092155918551
1,0,0.41528729825986965
1,1,0.9233957317680157
1,1,0.880172236353708
1,1,0.5390471047158658
1,1,0.9599887845435695
1,1,0.9301088246627465
1,1,0.9808262195387473
1,1,0.9967830453734149
1,1,0.7885440256864692
1,1,0.9225160805810427
1,1,0.9860938452228877
1,1,0.9447505274233442
1,1,0.9520576184902148
1,1,0.94868357848901
1,1,0.9660837334855539
1,1,0.9499403945448479
1,1,0.9610214370143101
1,0,0.3852092355964092
1,1,0.7168133090189847
1,1,0.9877275058939875
1,1,0.986287025902804
1,1,0.8113005928864491
1,1,0.9405044549016287
1,1,0.9533726984520168
1,1,0.7681005849443153
1,1,0.8267335583947348
1,1,0.6903329982378975
1,1,0.758758663160383
1,1,0.9874765667747656
1,1,0.8954891088785055
1,1,0.572041854377209
1,1,0.5875049533874406
1,1,0.8430677114323067
1,1,0.9454914988471746
1,1,0.9933964425237367
1,1,0.8901484928418807
1,1,0.9625050427833327
1,1,0.8555435955550774
1,1,0.9500784083173334
1,1,0.942208986630133
1,1,0.918540854561499
1,1,0.9708000382241799
1,1,0.8864655945816102
1,1,0.7238959524516262
1,1,0.8199241574715567
1,1,0.7382543889638155
1,1,0.6065221475288336
1,1,0.9093419668721403
1,1,0.9182902557324745
1,1,0.948771781165991
1,1,0.9368007040142067
1,1,0.9586421385078876
1,1,0.7515775138895207
1,1,0.8280818950837759
1,1,0.8398602416597984
1,1,0.8940792393447682
1,1,0.8587954636182179
1,1,0.9773159960265375
1,1,0.7529954589143049
1,1,0.6784707022960064
1,1,0.9601877585469679
1,1,0.9181625598608194
1,0,0.49036466225675457
1,1,0.8937411807752739
1,1,0.916283377282026
1,1,0.9795222376218721
1,1,0.9889830590469467
1,1,0.9855634396094882
1,0,0.44639134533670727
1,1,0.8613869381774207
1,1,0.7677518545922366
1,1,0.8893718415596168
1,1,0.9316081221338359
1,1,0.9269138745394023
1,1,0.6004773719620558
1,1,0.9947926040725478
1,1,0.9421307720639359
1,0,0.1309399386851832
1,1,0.9479501978546344
1,1,0.9700967220712573
1,1,0.8295185643096582
1,1,0.9566658552740459
1,1,0.8736222884296173
1,1,0.9175882593687318
1,1,0.9683690233005813
1,1,0.9062917522714544
1,1,0.8567355398627065
1,1,0.8226730733404639
1,1,0.5901746961801521
1,1,0.925638321775297
1,1,0.9196297100860326
1,1,0.9569494768747768
1,1,0.541444037556978
1,1,0.9603735869622495
1,1,0.9475527728898389
1,0,0.4009693724469655
1,1,0.8486208847750727
1,1,0.9739801119041452
1,1,0.850817911583502
1,1,0.9159944348033612
1,1,0.8851578883357002
1,1,0.9345419957758734
1,1,0.8778261832430587
1,1,0.6848050824944596
1,1,0.9099544270754921
1,1,0.8781593008426448
1,1,0.952142335631926
1,1,0.6514431682569396
1,1,0.7081436547995287
1,1,0.7496658749212982
1,0,0.461783826463754
1,1,0.7246426964049243
1,1,0.9131906340165654
1,1,0.9300525233378092
1,1,0.873352576516288
1,1,0.9025879580110867
1,1,0.9450778067760645
1,1,0.9213334863221625
1,0,0.432577056024639
1,1,0.5594138601878951
1,1,0.5148242383009922
1,1,0.7593112123574757
1,1,0.7151157374127941
1,1,0.8436308223995169
1,1,0.9886446216231113
1,1,0.9736869404013767
1,1,0.9793872174032464
1,1,0.9670528924262602
1,1,0.9922174088800869
1,1,0.9712851626286377
1,1,0.9851373154031721
1,1,0.9812802706040711
1,1,0.9458271831530097
1,1,0.986174361556463
1,1,0.9685731726335942
1,1,0.9707642768447629
1,1,0.9701504313294249
1,1,0.9771512924163998
1,1,0.9584797288620597
1,1,0.9920175559465053
1,1,0.9400570687145713
1,1,0.7276572968336978
1,1,0.984329763193984
1,1,0.9753045880456589
1,1,0.9807469397045757
1,1,0.9729588526828012
1,1,0.9822154754010821
1,1,0.9836443572783933
1,1,0.9835171573297803
1,1,0.9472852496472781
1,1,0.9725653849306244
1,1,0.9653516934842307
1,1,0.9938295199144983
1,1,0.9922473592729066
1,1,0.9831310554808068
1,1,0.9947410019412923
1,1,0.970996968558657
1,1,0.9641934456274036
1,1,0.9891249855795985
1,1,0.9747669816486492
1,1,0.9682818121327204
1,1,0.9574926636930909
1,1,0.9801731918120352
1,1,0.977331356842954
1,1,0.9036250426475064
1,1,0.9564545543486013
1,1,0.9899282231827646
1,1,0.7494169679509844
1,1,0.9830840879754985
1,1,0.9859358764151328
1,1,0.9833535640592116
1,1,0.9795742543604082
1,1,0.9402719551049166
1,1,0.9870983282896831
1,1,0.9334854792718172
1,1,0.9455343365133949
1,1,0.9614420638835627
1,1,0.9811251783956464
1,1,0.9908992940351816
1,1,0.9939697701705803
1,1,0.9588856463541415
1,1,0.9628983936556346
1,1,0.9729927937068434
1,1,0.9034664254962343
1,1,0.9800219598340965
1,1,0.965712693602467
1,1,0.9275993844044723
1,1,0.9782344835727751
1,1,0.932569001354605
1,1,0.9835107454820236
1,1,0.9814608215937175
1,1,0.9776547824251999
1,1,0.9854237780634286
1,1,0.9805826912885214
1,1,0.9890867202010685
1,1,0.9873451057593019
1,1,0.9656362677707905
1,1,0.9899041705849715
1,1,0.9908420106144995
1,1,0.979372916649279
1,1,0.9345028911957056
1,1,0.9972073630557253
1,1,0.9639876619427244
1,1,0.9745989071124227
1,1,0.9835956041678025
1,1,0.9844687761065047
1,1,0.9611972595144108
1,1,0.8575879203085854
1,1,0.9839096476413425
1,1,0.9609789058838746
1,1,0.9733590858359059
1,1,0.9853275541978668
1,1,0.9568468923518197
1,1,0.9913641676351811
1,1,0.992473950477532
1,1,0.9913641676351811
1,1,0.9883601061381991
1,1,0.9441224748169126
1,1,0.9716080780815222
1,1,0.9570631443881604
1,1,0.943724835887849
1,1,0.9831469403707707
1,1,0.990805062168283
1,1,0.967992069181204
1,1,0.9825421915938978
1,1,0.9379222343359808
1,1,0.9857939821583815
1,1,0.9919164570392452
1,1,0.9887496606343483
1,1,0.9929668702173294
1,1,0.9790090703230708
1,1,0.9758647025035084
1,1,0.97683003497045
1,1,0.9602692961160698
1,1,0.9888623216293095
1,1,0.9868803744851012
1,1,0.9837382798242468
1,1,0.9840901217504489
1,1,0.9810958406864462
1,1,0.9652799805634443
1,1,0.9807336208722873
1,1,0.912718820032058
1,1,0.9818148168833959
1,1,0.9818804383452704
1,1,0.9859337713979076
1,1,0.9318022820782811
1,1,0.9695663322711828
1,1,0.9916207779928804
1,1,0.9768364342146291
1,1,0.9827761549343785
1,1,0.96693273750309
1,1,0.9734012605636132
1,1,0.9849158193115717
1,1,0.55742594919431
1,1,0.9861303273920299
1,1,0.9698099279394019
1,1,0.9833932595293341
1,1,0.9839882367380882
1,1,0.967473401311951
1,1,0.9935182814288153
1,1,0.9478860546436547
1,1,0.9644341126541376
1,1,0.9807476720884991
1,1,0.9840609120458853
1,1,0.9841437753840377
1,1,0.9835808590962348
1,1,0.979771885501978
1,1,0.9820906702886131
1,1,0.9782581221224868
1,1,0.9680058719389992
1,1,0.9680058719389992
1,1,0.9959643734061443
1,1,0.971145494537025
1,1,0.9744932823371772
1,1,0.9918413968462122
1,1,0.9918413968462122
1,1,0.9914617385337627
1,1,0.9934738525988986
1,1,0.9838320281166638
1,1,0.9822804572396125
1,1,0.9764620321971793
1,1,0.9909991284810236
1,1,0.9886322028664842
1,1,0.9764460032442083
1,1,0.9927366715841532
1,1,0.9848444026782053
1,1,0.9631991980124794
1,1,0.9807400580627826
1,1,0.9932100650724115
1,1,0.9876663262737361
1,1,0.9911299761892295
1,1,0.95680566522731
1,1,0.9789252566520233
1,1,0.881153294653597
1,1,0.9967480248017166
1,1,0.9916716591720014
1,1,0.9724617982074729
1,1,0.9615154859486033
1,1,0.9915662468710612
1,1,0.980085470995922
1,1,0.992392516274311
1,1,0.9870127425264159
1,1,0.9834989792349792
1,1,0.9701301504753106
1,1,0.982360195571542
1,1,0.5614117939038609
1,1,0.9665910315806729
1,1,0.991315758462599
1,1,0.9811462781169239
1,1,0.9914272312971939
1,1,0.9792403525114465
1,1,0.9858058990533699
1,1,0.9901873616775501
1,1,0.9380393743908797
1,1,0.981413051473048
1,1,0.9610042247084202
1,1,0.9894100007602851
1,1,0.9715818588255
1,0,0.3804222519805701
1,1,0.8611098732001746
1,1,0.9874391425527196
1,1,0.9974258935938698
1,1,0.972067457614804
1,1,0.995450848102221
1,1,0.9465104031911672
1,1,0.980936259821938
1,1,0.9697904964545081
1,1,0.9689961728216887
1,1,0.9636416701762395
1,1,0.9822380410242962
1,1,0.9929715923700062
1,1,0.9680183559077888
1,1,0.9282335487235756
1,1,0.9774483615999952
1,1,0.9912971264186343
1,1,0.9925899069786494
1,1,0.9884329866558841
1,1,0.9658867701640215
1,1,0.9932004440188759
1,1,0.9724221631512747
1,1,0.976784886022558
1,1,0.8554014290420274
1,1,0.943850582968219
1,1,0.9840633621928533
1,1,0.9476388896530757
1,1,0.8761682554078136
1,1,0.9721485845669049
1,1,0.8680215609195958
1,1,0.9822340325332708
1,1,0.9643399929514505
1,1,0.9543822087448441
1,1,0.9473992215232393
1,1,0.9810725176007892
1,1,0.9808947769626651
1,1,0.9724354668280785
1,1,0.9820105710326867
1,1,0.6847325728621393
1,1,0.9655341145733398
1,1,0.9866463687636495
1,1,0.9867170512353268
1,1,0.9684880049678538
1,1,0.8261578503954893
1,1,0.9808738115536226
1,1,0.9751194880837084
1,1,0.9923281794801316
1,1,0.9760236891094132
1,1,0.9712573422891817
1,1,0.9726683529135968
1,1,0.9759543846518159
1,1,0.8791976272544828
1,1,0.9859314085928552
1,1,0.9894579225896329
1,1,0.9674483964242334
1,1,0.9805353557748083
1,1,0.9789792872824611
1,1,0.9507050143334029
1,1,0.9792761345978536
1,1,0.9854633886595902
1,1,0.9866728615864964
1,1,0.9652401719873063
1,1,0.9944209457702999
1,1,0.9784190123958221
1,1,0.98534143210088
1,1,0.9663413654351576
1,1,0.9762589438316454
1,1,0.9909170266672744
1,1,0.984011844347859
1,1,0.9900138562369478
1,1,0.9924906309916934
1,1,0.9727292046319368
1,1,0.9919336377015394
1,1,0.984362857891154
1,1,0.9887833424574868
1,1,0.8874464572273814
1,1,0.9827567750641675
1,1,0.902046942187032
1,1,0.9734867386417688
1,1,0.9940260717510577
1,1,0.9881715371427515
1,1,0.9258907028439407
1,1,0.9735320678400138
1,1,0.9841820983665897
1,1,0.9670617146958628
1,1,0.9908277045894914
1,1,0.983149888537546
1,1,0.8189375174716123
1,1,0.9927104551974948
1,1,0.9799855488558348
1,1,0.9892639162948719
1,1,0.993318894752403
1,1,0.9604638548574963
1,1,0.9702912527982286
1,1,0.9661998049194922
1,1,0.9894449721789557
1,1,0.9903925925516573
1,1,0.9919538124366124
1,1,0.9148260542616304
1,1,0.930902154444687
1,1,0.9262601077070215
1,1,0.9539293401834946
1,1,0.9872059085124846
1,1,0.9453009311725324
1,1,0.9625305792670137
1,1,0.9803728430622274
1,1,0.9807380929750094
1,1,0.9896817688699961
1,1,0.9803172426999193
1,1,0.9721871907744117
1,1,0.9913681109106817
1,1,0.9394519911834095
1,1,0.946690559456753
1,1,0.9776836746621822
1,1,0.9761687720013119
1,1,0.9649691394098867
1,1,0.9897214193741051
1,1,0.978176411619761
1,1,0.9716829670189097
1,1,0.9560155357342519
1,1,0.8621489733363304
1,1,0.9128999078451243
1,1,0.9874072236224232
1,1,0.9690273399899718
1,1,0.9535273335598847
1,1,0.9813514000348317
1,1,0.9462048855962967
1,1,0.9854729869629592
1,1,0.9870603849837307
1,1,0.987040586557651
1,1,0.9820669420912844
1,1,0.93738691982692
1,1,0.9723784851320455
1,1,0.955582348778021
1,1,0.9897863927749712
1,1,0.9808653120159099
1,1,0.9899994992978651
1,1,0.9761612944035588
1,1,0.8692091073030974
1,1,0.9034216601419169
1,1,0.9927689693644053
1,1,0.94442318914035
1,1,0.9942030281802978
1,1,0.9561394565369753
1,1,0.9716799491113507
1,1,0.9928661401342442
1,1,0.9893130648366386
1,1,0.9767152755253323
1,1,0.956074978736738
1,1,0.9867652285165764
1,1,0.8167253532450903
1,1,0.9525328174454084
1,1,0.9757966394530858
1,1,0.9695465238193841
1,1,0.9733666218499358
1,1,0.9806442333618091
1,1,0.9680864004325807
1,1,0.9781957639070823
1,1,0.9860123849300668
1,1,0.9924750639767198
1,1,0.9754023678977848
1,1,0.9625744105529935
1,1,0.9973785213110434
1,1,0.9684820886661132
1,1,0.9759569490608343
1,1,0.9740399556457133
1,1,0.9777099961120634
1,1,0.9706308321343807
1,1,0.9701926236030138
1,1,0.9731499039496634
1,1,0.9869181001452703
1,1,0.9793883898061044
1,1,0.9793883898061044
1,1,0.988009353978502
1,1,0.9781054314886791
1,1,0.6741143719052831
1,1,0.8770451835132745
1,1,0.98864089379424
1,1,0.9617333043862492
1,1,0.9398668123939958
1,1,0.9757672178950092
1,1,0.9786860189827562
1,1,0.9920021140224554
1,1,0.9833334844608548
1,1,0.9515532473395328
1,1,0.9632345297610417
1,1,0.9713593274621216
1,1,0.9733926934929475
1,1,0.6456729126586481
1,1,0.9941065918896983
1,1,0.9870807575074598
1,1,0.9600263687738532
1,1,0.9854819061329749
1,1,0.957380289423321
1,1,0.9764352686564125
1,1,0.9782490864608212
1,1,0.9778747173975643
1,1,0.930710530245012
1,1,0.9795541338491741
1,1,0.9872728458125785
1,1,0.9433339970218244
1,1,0.9815737118832886
1,1,0.9805878856476841
1,1,0.9415544139671518
1,1,0.9252518994911348
1,1,0.9635073679162961
1,1,0.9861402533610533
1,1,0.9433703778798839
1,1,0.9754789666502514
1,1,0.9455146682189126
1,1,0.9795226107690067
1,1,0.9958928509127568
1,1,0.9805538756694622
1,1,0.9750692939184833
1,1,0.986192045520834
1,1,0.8317141869053687
1,1,0.9687340003399865
1,1,0.9481365843507943
1,1,0.9781598732301016
1,1,0.8904371225929721
1,1,0.9303379466052292
1,1,0.955022833928116
1,1,0.9940584534736511
1,1,0.9825158254799021
1,1,0.9527238920877871
1,1,0.9439473672214566
1,1,0.9247372666645765
1,1,0.9825019185901114
1,1,0.9252670723322404
1,1,0.9450863269783438
1,1,0.9629027041149549
1,1,0.9746619062438009
1,1,0.8778178059160949
1,1,0.9834106670255457
1,1,0.9757238899629443
1,1,0.947439137973419
1,1,0.9797915018304227
1,1,0.9827298738155047
1,1,0.9505479431302504
1,1,0.9545509258267391
1,1,0.9857268849411246
1,1,0.9760999568999015
1,1,0.9843682337053709
1,1,0.9408726525262471
1,1,0.9885630029090006
1,1,0.9905256310639516
1,1,0.9759302828047628
1,1,0.9741819291082264
1,1,0.9722961148727718
1,1,0.9943007366669843
1,1,0.9488736110741121
1,1,0.9913035581416487
1,1,0.9063021768035792
1,1,0.9584493449806554
1,1,0.9187673544534887
1,1,0.9680429482006098
1,1,0.8569607082145686
1,1,0.9200301572904636
1,1,0.9001984582404602
1,1,0.9888855208065549
1,1,0.9457202228378772
1,1,0.9175693375735998
1,1,0.990798383231593
1,1,0.8263489367916401
1,1,0.9691642986003891
1,1,0.9744490024084601
1,1,0.940372835368827
1,1,0.9754195807686943
1,1,0.9775652353519828
1,1,0.9761787336102294
1,1,0.9297346579218924
1,1,0.9812517899945308
1,1,0.9846288540362373
1,1,0.9750969486861855
1,1,0.9756706761382398
1,1,0.9080938973010303
1,1,0.964428968407871
1,1,0.9750552067034745
1,1,0.9823591370670122
1,1,0.9700593587918899
1,1,0.9601290713912612
1,1,0.9828144234922658
1,1,0.9453042689634437
1,1,0.9875951842454705
1,1,0.9874560610520163
1,1,0.8258318418855524
1,1,0.9788870235109378
1,1,0.981274915608704
1,1,0.9642253270344977
1,1,0.9651029300774351
1,1,0.9847996658329227
1,1,0.9795965620636307
1,1,0.9807045968937061
1,1,0.98391479711308
1,1,0.9649272009455605
1,1,0.9761951413605967
1,1,0.9764760398057862
1,1,0.9686171378171693
1,1,0.9669649416406286
1,1,0.987516830554651
1,1,0.9969709118142591
1,1,0.9150683532197614
1,1,0.9698344589937591
1,1,0.9755936159565867
1,1,0.9778492242866487
1,1,0.9779150728757249
1,1,0.9886679182254796
1,1,0.9662616411380189
1,1,0.8474939707937327
1,1,0.9179405744442969
1,1,0.9932232644937465
1,1,0.9893848490927625
1,1,0.9699273049951163
1,1,0.9728325448706251
1,1,0.9689989377082497
1,1,0.9382778227248015
1,1,0.9595169884530909
1,1,0.9868957379058202
1,1,0.9714758424826309
1,1,0.961862160608365
1,1,0.9792356083593844
1,1,0.9740386909956873
1,1,0.9350735265987115
1,1,0.9590197662746446
1,1,0.8680162250935446
1,1,0.9238813586431961
1,1,0.9820337991430762
1,1,0.7751988925702856
1,1,0.9306452389585167
1,1,0.9692659112663454
1,1,0.9752947232110939
1,1,0.9645354158507007
1,1,0.9827410385098516
1,1,0.9695957851724376
1,1,0.8966573843480443
1,1,0.9668879143058096
1,1,0.8716464147868804
1,1,0.9436135293573352
1,1,0.9664134388116199
1,1,0.9919943485545242
1,1,0.9875145669431932
1,1,0.9758487187939971
1,1,0.9628709477701203
1,1,0.9798166321762769
1,1,0.9753567517422486
1,1,0.7543567919746187
1,1,0.9357117356330529
1,1,0.9860302532662286
1,1,0.9705389207793883
1,1,0.9541534558748694
1,1,0.8834288003320422
1,1,0.9273466778058995
1,1,0.9709713675980189
1,1,0.9619581170425897
1,1,0.9838820228291071
1,1,0.9577711262275463
1,1,0.9510310792999666
1,1,0.8814982574641413
1,1,0.9610420056524343
1,1,0.9911628764149752
1,1,0.9657207708953344
1,1,0.8782165005407537
1,1,0.9761039049926741
1,1,0.9700650979434747
1,1,0.863298518175482
1,1,0.9903305361953172
1,1,0.9591099330841537
1,1,0.981757665874529
1,1,0.9942321366459871
1,1,0.9658162671572901
1,1,0.9674716001716831
1,1,0.98496041944105
1,0,0.04591137767257404
1,1,0.9838715907102334
1,1,0.7755401625177728
1,1,0.9085227790634314
1,1,0.9601625049296681
1,1,0.9614248512930889
1,1,0.9561881769248866
1,1,0.955523690652828
1,1,0.9783915758121009
1,1,0.9858952113898921
1,1,0.9862920885510286
1,1,0.7990403488232178
1,1,0.9725815427930513
1,1,0.8877312188750329
1,1,0.8013263246471042
1,1,0.9839407489548606
1,1,0.6524454594959678
1,1,0.9870178101944354
1,1,0.9737453246708808
1,1,0.9324408028225148
1,1,0.9737266033383981
1,1,0.9721414586788593
1,1,0.9755476132461658
1,1,0.9877459534698011
1,1,0.9713969809453405
1,1,0.9524402715713168
1,1,0.953765562702665
1,1,0.833724038137808
1,1,0.885166787288812
1,1,0.9452324854923891
1,1,0.9706803383211741
1,1,0.9271868649214535
1,1,0.9634467188682748
1,1,0.9742220976092193
1,1,0.971905089460546
1,1,0.971905089460546
1,1,0.9780943066762013
1,1,0.7630568737843347
1,1,0.8581420754011619
1,1,0.9450042787177287
1,1,0.9707205198279096
1,1,0.8987536519503077
1,1,0.9619830129347577
1,1,0.9280657416900914
1,1,0.9560337839576936
1,1,0.9651257474389886
1,1,0.9865768189563406
1,1,0.9866908096195416
1,1,0.9785898270944139
1,1,0.7413544003508922
1,1,0.966317191917867
1,1,0.9181725955399763
1,1,0.8801241855622858
1,1,0.8527875008715595
1,1,0.9734417539423311
1,1,0.989526706566387
1,1,0.9596395598912725
1,1,0.873821433594537
1,1,0.9220962566226637
1,1,0.9777118855664568
1,1,0.9913059934085072
1,1,0.8643493255390258
1,1,0.9815675803087651
1,1,0.9176801820083207
1,1,0.9974334983093434
1,1,0.9505342352880803
1,1,0.9858552195172261
1,1,0.9642079366101921
1,1,0.8508275086296277
1,1,0.9839674265585905
1,1,0.9697366724911384
1,1,0.9176968027570174
1,1,0.9744959978447347
1,1,0.9908413119173368
1,1,0.9466910226934198
1,1,0.891906955981323
1,1,0.9890163140691395
1,1,0.9923729759357158
1,1,0.893100701780569
1,1,0.9528648790962551
1,1,0.9304792291056777
1,1,0.9813190050368216
1,1,0.6749914296228788
1,1,0.975830269162147
1,1,0.9712930171919368
1,1,0.9717071423659926
1,1,0.9877799661728848
1,1,0.9407292719150913
1,1,0.8905382709002432
1,1,0.9879282130154551
1,1,0.9664589182839595
1,1,0.8644558250454537
1,1,0.9197606105471511
1,1,0.9576901032538458
1,1,0.801510908859919
1,1,0.9714694994664131
1,1,0.9900416779161807
1,1,0.918500631732958
1,1,0.9771982743076333
1,1,0.9589459697092334
1,1,0.9805908250321004
1,1,0.9754033119773543
1,1,0.9745180795806478
1,1,0.9864573132503033
1,1,0.9489166100513092
1,1,0.9812031768218467
1,1,0.9386132919276229
1,1,0.9882989745595169
1,1,0.9349870120667448
1,1,0.9391101668337309
1,1,0.9610451363809168
1,1,0.9866488506361357
1,1,0.9950118565269711
1,1,0.9354698743566879
1,1,0.7357854226739982
1,1,0.928159969479485
1,1,0.933566826720472
1,1,0.9057181990872035
1,1,0.9835559666595836
1,1,0.9891345966037587
1,1,0.9065485135816369
1,1,0.8410815867524856
1,1,0.9533130426878388
1,1,0.7922103508577218
1,0,0.42629061916167654
1,1,0.8814663461480754
1,1,0.9702251058198357
1,1,0.7887230762885316
1,1,0.724223399966505
1,1,0.8516237068628072
1,1,0.8741353497945583
1,1,0.8267299798446537
1,0,0.3517286478427174
1,0,0.36508962404711615
1,1,0.6841004323499874
1,1,0.6721710469645665
1,1,0.7870395380738108
1,1,0.9550841903885143
1,1,0.8676069913415306
1,1,0.8728466565796204
1,1,0.7253345114525976
1,1,0.8369105547485525
1,1,0.9393731676726764
1,1,0.9481201032694242
1,1,0.945764408209583
1,1,0.7390944593483162
1,1,0.985615471536365
1,1,0.929332264371264
1,1,0.8110078845378402
1,1,0.8404799806819704
1,1,0.897419312248853
1,1,0.6993034101458885
1,1,0.8902877774344529
1,1,0.8265867202185677
1,1,0.8051621133724218
1,1,0.9685958327689835
1,1,0.6636354714296766
1,1,0.7172586704585635
1,1,0.9449693727301317
1,1,0.5059504232344469
1,1,0.9466867142830712
1,1,0.8350659186436014
1,1,0.8489568666267533
1,1,0.7736384858704359
1,1,0.9764364946745915
1,1,0.9115789271065753
1,1,0.6661740785023093
1,1,0.8983506919791884
1,1,0.9147643548083356
1,1,0.8583264839205439
1,1,0.9563304877842989
1,1,0.9432671396400907
1,1,0.9114009288278493
1,1,0.9595602198912918
1,1,0.7322388755188534
1,1,0.8313582594416978
1,1,0.9755983791806798
1,1,0.81477092337605
1,1,0.9423923370975056
1,1,0.8264571737821966
1,1,0.968021818725766
1,1,0.9866707011887684
1,1,0.9052934519993039
1,1,0.9866989388177739
1,1,0.7821778355850777
1,1,0.8768077061680221
1,1,0.5519250996549626
1,1,0.9439264656923673
1,1,0.9169163095727124
1,1,0.8686179121805999
1,1,0.6014441683503156
1,1,0.8921623506428821
1,1,0.7708971498168246
1,1,0.7662635457807181
1,1,0.5555648869944363
1,1,0.9073363383141579
1,1,0.9576611917319277
1,1,0.9192001377939962
1,1,0.5869037542206688
1,1,0.9098500121197732
1,1,0.9681835552253607
1,1,0.5998860302989152
1,1,0.7510503709844119
1,1,0.8905632373699449
1,1,0.9516392307857365
1,1,0.8951763680054654
1,1,0.8522206139389059
1,1,0.9253837158565664
1,1,0.9165397840256839
1,1,0.9048523783443732
1,1,0.91879295103739
1,0,0.47634017269210144
1,1,0.966208405535191
1,1,0.8412508007639886
1,1,0.9408054125239438
1,1,0.6392766993914206
1,1,0.9510214052701834
1,1,0.5914174306670829
1,1,0.7712225412757698
1,1,0.633107311300827
1,1,0.9735168337063681
1,1,0.6305216689251942
1,1,0.929038931575913
1,1,0.9661612666239112
1,1,0.7601134029355833
1,1,0.9227718164995553
1,0,0.4565566589767757
1,1,0.8223690305946397
1,1,0.8370070496660756
1,1,0.9139481001979827
1,1,0.7951241610409477
1,1,0.912024685431208
1,1,0.8923961884696481
1,0,0.4020087750921939
1,1,0.9381864201463525
1,1,0.8365860315547874
1,1,0.9115172740620906
1,1,0.886598299220638
1,1,0.7514820661337632
1,1,0.8977976136329369
1,1,0.7450990812236317
1,1,0.9532294542574304
1,1,0.9726244962795718
1,1,0.9788464374917134
1,1,0.6390150453730599
1,1,0.9609405877120867
1,1,0.9762377630743103
1,0,0.254557547918864
1,1,0.9543629586057591
1,1,0.5117854762757219
1,1,0.9579840041433954
1,1,0.9223262781120313
1,1,0.7595435806305456
1,1,0.8407793836795885
1,1,0.5964156995834564
1,1,0.8864100659336128
1,1,0.8345638187394521
1,1,0.5770955055010215
1,1,0.6785230820990631
1,1,0.9604909078340551
1,1,0.8883865684310674
1,1,0.7649220259385356
1,1,0.9594839987174709
1,1,0.9928856634600112
1,1,0.7191998237612218
1,1,0.6676358536984364
1,1,0.7200441457129678
1,1,0.5306738996625474
1,0,0.4960135724841851
1,1,0.9682232933071766
1,1,0.865453675728029
1,1,0.9101124148078237
1,1,0.9098775300980714
1,1,0.658842623266079
1,1,0.9654419434288549
1,1,0.7189381609912322
1,1,0.9585006615189203
1,1,0.654913002859953
1,1,0.8238075172964612
1,1,0.5639766303041852
1,1,0.6920699196039932
1,1,0.932069488716456
1,1,0.7602865507160096
1,1,0.8033520581204833
1,1,0.8125724994137018
1,0,0.3836399040011676
1,1,0.9460203986104129
1,1,0.8580746132873485
1,1,0.7293773528330738
1,1,0.8197020591710948
1,1,0.9408884729152192
1,1,0.966430346456177
1,1,0.9556901614105041
1,1,0.9612515120146129
1,1,0.7660387132617451
1,1,0.9402593359887406
1,1,0.8869961564203147
1,1,0.7721380870100312
1,1,0.8223821351580106
1,1,0.9750833801318712
1,0,0.282382149044137
1,1,0.9838136438508118
1,1,0.7794445226376466
1,1,0.9782764545026877
1,1,0.723652673607642
1,1,0.9403180206549967
1,0,0.46107554542662366
1,1,0.937898671955846
1,1,0.8950171512055916
1,1,0.9571391804786414
1,1,0.8028199264362678
1,1,0.9449555550711102
1,1,0.742475500746675
1,1,0.9048671714471932
1,1,0.909099274314921
1,1,0.8932534168727667
1,1,0.9826711256994917
1,1,0.9304374800916911
1,1,0.7261817281592648
1,1,0.9566796114682955
1,1,0.9593236839891597
1,1,0.9222635990584037
1,1,0.9182150535003992
1,1,0.7141380875052966
1,1,0.9921355628916929
1,1,0.8388899818664884
1,1,0.8506376069722692
1,1,0.921055571471908
1,0,0.4396812594516343
1,1,0.7331447955697339
1,1,0.7320115724447751
1,1,0.887966223822197
1,1,0.9203691261443689
1,1,0.9090357093742878
1,1,0.8956419043882774
1,1,0.8564791777915023
1,1,0.8201530533519351
1,0,0.4091729045327332
1,1,0.9693660086422826
1,1,0.8681219950966627
1,1,0.799520883655169
1,1,0.724642482937465
1,1,0.9798406516689452
1,1,0.9692539931621512
1,1,0.8876114230954696
1,1,0.9725533593486027
1,1,0.8934202483753877
1,1,0.8560579383298873
1,1,0.6644237193474589
1,1,0.9530769445628157
1,1,0.6395948217630695
1,1,0.9013286592466772
1,1,0.929652423667835
1,1,0.9472064375013878
1,1,0.8471697536143593
1,1,0.9454001721839692
1,1,0.9695746093824549
1,1,0.5024735335505323
1,1,0.7400414784082496
1,1,0.9358747108240869
1,1,0.8873425402054045
1,1,0.7631060153777011
1,1,0.802638077170675
1,1,0.7132600328889819
1,1,0.8251469645991629
1,1,0.8241998119977277
1,1,0.7976400646256601
1,1,0.8083515510138256
1,1,0.9668306396333195
1,1,0.6948099492678801
1,1,0.9519660340308912
1,1,0.9656082084518898
1,1,0.9156483389956888
1,1,0.8291256082967313
1,1,0.9613452759763965
1,1,0.9035467027798325
1,1,0.903066506628733
1,1,0.907405826003662
1,1,0.8158146160821148
1,1,0.97708430444953
1,1,0.5614661375337725
1,1,0.579464796572441
1,1,0.5583887565325836
1,1,0.5085042178316316
1,1,0.5221045802972086
1,1,0.9683598339404721
1,1,0.8536370528999133
1,1,0.9652805602386855
1,1,0.8772837667039414
1,1,0.8468764049653766
1,1,0.8824404748641583
1,1,0.9448251754928314
1,1,0.8540937218316982
1,1,0.7596353879120066
1,1,0.6484361776062648
1,1,0.9213215287734431
1,1,0.8875064724370086
1,1,0.8875064724370086
1,1,0.9030075243744871
1,1,0.9463575641188517
1,1,0.8267456964701455
1,1,0.9050055883471745
1,0,0.41462714004434187
1,1,0.8047083479448103
1,1,0.9385678856890494
1,1,0.8677818799408289
1,1,0.8911595584323582
1,1,0.9145709300381827
1,1,0.9138635279458764
1,1,0.9604719322226843
1,1,0.7460835424552812
1,1,0.9572132245947464
1,1,0.7184562394520405
1,1,0.7947600035533428
1,1,0.8032978920627126
1,1,0.9115274285444922
1,1,0.8021619512465807
1,1,0.7464390273053361
1,1,0.8496779211606892
1,1,0.7687609855953705
1,1,0.9677638495343424
1,1,0.6102616761430466
1,1,0.853438082226444
1,1,0.8824003095581289
1,1,0.9751491227191752
1,1,0.9219027216201866
1,1,0.501602658899214
