label,bert_pred,bert_proba
0,0,0.00353143
0,0,0.010521712
0,0,0.0056548766
0,0,0.002409784
0,0,0.0054318947
0,0,0.002570115
0,0,0.0028515414
0,0,0.005109049
0,0,0.0021585105
0,0,0.0023724593
0,0,0.0029517876
0,0,0.004214339
0,0,0.0024241232
0,0,0.0024529696
0,0,0.0050099227
0,0,0.004032551
0,0,0.007871257
0,0,0.004624998
0,0,0.0049566096
0,0,0.007522042
0,0,0.0073453365
0,0,0.0030443699
0,0,0.0039780154
0,0,0.003494577
0,0,0.004046444
0,0,0.0040999814
0,0,0.0037154441
0,0,0.003986299
0,0,0.0028961406
0,0,0.0021292444
0,0,0.004048162
0,0,0.002719702
0,0,0.035910267
0,0,0.0043932605
0,0,0.0042822915
0,0,0.0049095615
0,0,0.005650832
0,0,0.0058722375
0,0,0.005155021
0,0,0.004883663
0,0,0.0049164654
0,0,0.0061064684
0,0,0.0035686723
0,0,0.017053628
0,0,0.004115755
0,0,0.0019911996
0,0,0.0063298633
0,0,0.0059420355
0,0,0.0025303385
0,0,0.007473524
0,0,0.0039043818
0,0,0.005150921
0,0,0.004105882
0,0,0.005061124
0,0,0.0029154492
0,0,0.0051085236
0,0,0.0037394383
0,0,0.0027972374
0,0,0.005439765
0,0,0.004457211
0,0,0.0022965316
0,0,0.005841918
0,0,0.0057788384
0,0,0.0043873326
0,0,0.0051161605
0,0,0.0054593193
0,0,0.0024005647
0,0,0.005873379
0,0,0.0051622083
0,0,0.0045462586
0,0,0.0055871746
0,0,0.0022003006
0,0,0.0057513667
0,0,0.006237782
0,0,0.005879438
0,0,0.00601109
0,0,0.016685877
0,0,0.004835679
0,0,0.0055795605
0,0,0.0049992143
0,0,0.005942596
0,0,0.004038216
0,0,0.007877437
0,0,0.005810383
0,0,0.003953661
0,0,0.0058384635
0,0,0.002425602
0,0,0.0023436986
0,0,0.0052847946
0,0,0.0026414155
0,0,0.0043217405
0,0,0.0053497525
0,0,0.0039251684
0,0,0.006079346
0,0,0.0054174415
0,0,0.005127024
0,0,0.0053024204
0,0,0.0032984347
0,0,0.00424284
0,0,0.005017752
0,0,0.0037168285
0,0,0.003731974
0,0,0.0051708645
0,0,0.005039163
0,0,0.0046762885
0,0,0.003930078
0,0,0.00425451
0,0,0.0036566693
0,0,0.004732021
0,0,0.003705756
0,0,0.0242188
0,0,0.0037776164
0,0,0.0024862566
0,0,0.004588257
0,0,0.016537985
0,0,0.003851679
0,0,0.002400109
0,0,0.0030994301
0,0,0.0069965995
0,0,0.0045141913
0,0,0.0026975598
0,0,0.0034602075
0,0,0.0025534178
0,0,0.02751576
0,0,0.15421243
0,0,0.002715095
0,0,0.04311898
0,0,0.033392556
0,0,0.0024860625
0,0,0.0024404156
0,0,0.011362524
0,0,0.0026595944
0,0,0.038724594
0,0,0.021215832
0,0,0.0029548276
0,0,0.020774111
0,0,0.037447844
0,0,0.0063690664
0,0,0.007522494
0,0,0.0029481733
0,0,0.007956882
0,0,0.006768725
0,0,0.0126358615
0,0,0.0026447678
0,0,0.0034488135
0,0,0.0021590055
0,0,0.0032556234
0,0,0.017276172
0,0,0.0026192002
0,0,0.009631405
0,0,0.01065608
0,0,0.03845288
0,0,0.015002384
0,0,0.0022001162
0,0,0.019072272
0,0,0.0029143333
0,0,0.0049274997
0,0,0.029739242
0,0,0.002737615
0,0,0.0027580287
0,0,0.008942962
0,0,0.019105095
0,0,0.0137902405
0,0,0.07612416
0,0,0.0027320422
0,0,0.015923599
0,0,0.00454146
0,0,0.0058681224
0,0,0.008410277
0,0,0.0035193895
0,0,0.02461128
0,0,0.28596902
0,0,0.008679431
0,0,0.009543764
0,0,0.005335881
0,0,0.002138251
0,0,0.0027910806
0,0,0.0020498587
0,0,0.0067385403
0,0,0.036731984
0,0,0.004767603
0,0,0.002019552
0,0,0.0025069593
0,0,0.0097069405
0,0,0.0036708324
0,0,0.015258794
0,0,0.036482282
0,0,0.0062025236
0,0,0.008691194
0,0,0.007402257
0,0,0.013499863
0,0,0.0034328615
0,0,0.0048184358
0,0,0.015120281
0,0,0.015672503
0,0,0.011181431
0,0,0.0055152127
0,0,0.008705062
0,0,0.039813574
0,0,0.0022638664
0,0,0.020788493
0,0,0.008700865
0,0,0.00500143
0,0,0.006696244
0,0,0.0027029277
0,0,0.005684373
0,0,0.0030016333
0,0,0.0031154186
0,0,0.011554832
0,0,0.00833715
0,1,0.6652821
0,0,0.0026870358
0,0,0.0037044925
0,0,0.0034146006
0,0,0.23925513
0,0,0.0054864227
0,0,0.004182482
0,0,0.008236039
0,0,0.0057589333
0,0,0.01077227
0,0,0.003880103
0,0,0.0030620382
0,0,0.0064914487
0,0,0.017125329
0,0,0.0022380892
0,0,0.0038082951
0,0,0.11656297
0,0,0.008210758
0,0,0.0024982272
0,0,0.06466748
0,0,0.14902504
0,0,0.003100824
0,0,0.009629622
0,1,0.8938131
0,0,0.009382804
0,0,0.01418583
0,0,0.060198426
0,0,0.0024214042
0,0,0.025705267
0,0,0.009109948
0,0,0.0030111137
0,0,0.033415847
0,0,0.0029612405
0,0,0.0025009413
0,0,0.005854927
0,0,0.007810522
0,0,0.0039918763
0,0,0.0027369526
0,0,0.058981434
0,0,0.032975562
0,0,0.0072680125
0,0,0.0057773017
0,0,0.0024146608
0,0,0.013077928
0,0,0.0033918205
0,0,0.005460619
0,0,0.07885974
0,0,0.008420014
0,0,0.004024324
0,0,0.02791342
0,0,0.0024377147
0,0,0.0022355246
0,0,0.0048768567
0,0,0.436473
0,0,0.012238094
0,0,0.002600938
0,0,0.0035003019
0,0,0.0066395435
0,0,0.013046001
0,0,0.010892764
0,0,0.013507689
0,0,0.018482802
0,0,0.002234052
0,0,0.021869758
0,0,0.00926003
0,0,0.010894077
0,0,0.0022619984
0,0,0.018161897
0,0,0.01533945
0,0,0.0062755914
0,0,0.008367739
0,0,0.013314707
0,0,0.005744285
0,0,0.017902657
0,0,0.009165643
0,0,0.017451983
0,0,0.008610393
0,0,0.008913911
0,0,0.020684442
0,0,0.013037757
0,0,0.0059557934
0,0,0.015374586
0,0,0.010886362
0,0,0.004667627
0,0,0.048752885
0,0,0.0032499942
0,0,0.0026010405
0,0,0.0051811626
0,0,0.007487052
0,0,0.1313222
0,0,0.1324537
0,0,0.01142165
0,0,0.047625143
0,1,0.75256133
0,0,0.0038081862
0,0,0.04767632
0,0,0.06526977
0,1,0.98987246
0,0,0.3336393
0,0,0.0149816815
0,0,0.15111665
0,1,0.8902739
0,0,0.27656
0,1,0.73803794
0,0,0.18223141
0,0,0.09448357
0,1,0.80017054
0,0,0.11417166
0,0,0.16444662
0,0,0.19993313
0,0,0.0036908165
0,0,0.123395614
0,0,0.21561456
0,0,0.022593506
0,0,0.15007268
0,0,0.017629724
0,1,0.7452682
0,1,0.9232133
0,1,0.9833678
0,0,0.005236531
0,0,0.02006697
0,0,0.003216009
0,0,0.0029865522
0,0,0.0027506258
0,0,0.09541519
0,1,0.77067655
0,0,0.04993307
0,0,0.15451023
0,0,0.051469263
0,0,0.0037648987
0,0,0.024270456
0,0,0.0149387615
0,1,0.7740381
0,1,0.61266947
0,0,0.13757657
0,0,0.09151817
0,0,0.045846056
0,0,0.030771036
0,0,0.46188095
0,0,0.36251417
0,1,0.7106399
0,0,0.378757
0,0,0.0025258437
0,0,0.0057804408
0,0,0.007714036
0,0,0.01559119
0,0,0.035663232
0,0,0.0228747
0,0,0.0024524236
0,0,0.0024331226
0,0,0.045191154
0,0,0.0038179674
0,0,0.037299197
0,0,0.05717471
0,0,0.0040992345
0,0,0.093484454
0,0,0.003338755
0,0,0.002629182
0,0,0.03471201
0,0,0.1619959
0,0,0.032148447
0,0,0.0039326176
0,0,0.012665571
0,0,0.0054274634
0,0,0.0033495112
0,1,0.80126745
0,0,0.007684156
0,0,0.043879036
0,0,0.006759982
0,0,0.0026557837
0,0,0.002724065
0,0,0.07880795
0,0,0.084816076
0,0,0.0031156584
0,0,0.0070548407
0,0,0.002016498
0,0,0.0039618337
0,0,0.0031252434
0,0,0.009375485
0,0,0.01630462
0,0,0.005519148
0,0,0.02318635
0,0,0.008935755
0,0,0.0036621739
0,0,0.0024145688
0,0,0.0026181217
0,0,0.0053100386
0,0,0.0029296372
0,0,0.004171375
0,0,0.122914545
0,0,0.0030578705
0,0,0.0028014092
0,0,0.014344188
0,0,0.04211544
0,0,0.0023430309
0,0,0.022379538
0,0,0.002876006
0,0,0.008134959
0,0,0.3221354
0,0,0.034899704
0,0,0.007661124
0,0,0.002494418
0,0,0.0024977967
0,0,0.02403839
0,0,0.0023569255
0,0,0.002593845
0,0,0.0044864253
0,0,0.0067704236
0,0,0.0022295604
0,0,0.014211085
0,0,0.019420872
0,0,0.021163229
0,0,0.09185092
0,0,0.007843152
0,0,0.014481268
0,0,0.004086579
0,0,0.0025855273
0,0,0.0028651524
0,0,0.011039606
0,0,0.0028693352
0,0,0.008535376
0,0,0.0059309932
0,0,0.0028068868
0,0,0.13741699
0,0,0.0023982762
0,0,0.0022917367
0,0,0.00219931
0,0,0.0071984758
0,0,0.0025396273
0,0,0.003580789
0,0,0.00313054
0,0,0.0031191262
0,0,0.0055391113
0,0,0.0023936785
0,0,0.0610076
0,0,0.0022699959
0,0,0.028497996
0,0,0.0022598796
0,0,0.0023859832
0,0,0.038146164
0,0,0.03764946
0,0,0.005033161
0,0,0.012017277
0,0,0.00238205
0,0,0.0022334529
0,0,0.018970635
0,0,0.006507518
0,0,0.0019616801
0,0,0.01853753
0,0,0.018220898
0,0,0.0023220247
0,0,0.0072672283
0,0,0.03527576
0,0,0.0021848506
0,0,0.004438025
0,0,0.007835434
0,0,0.039617788
0,0,0.0022734974
0,0,0.004178572
0,0,0.17467289
0,0,0.19164109
0,0,0.015745925
0,0,0.008984155
0,0,0.0055797985
0,0,0.005037884
0,0,0.0021629855
0,0,0.0022931222
0,0,0.0028045732
0,0,0.007192753
0,0,0.0022899224
0,0,0.017284164
0,0,0.030791383
0,0,0.0034944753
0,0,0.008047073
0,0,0.002724797
0,0,0.013189005
0,0,0.0077775987
0,0,0.010171294
0,0,0.011661795
0,0,0.009737221
0,0,0.040693324
0,0,0.013816192
0,0,0.015027362
0,0,0.023060424
0,0,0.082303114
0,0,0.06451762
0,0,0.0021760468
0,0,0.13361274
0,0,0.0021802795
0,0,0.0020025556
0,0,0.0038293917
0,0,0.010876612
0,0,0.011322526
0,0,0.0025125998
0,0,0.01888353
0,0,0.008008951
0,0,0.011593548
0,0,0.0047989707
0,0,0.00433487
0,0,0.013292174
0,0,0.03858487
0,0,0.016241217
0,0,0.009201942
0,0,0.01509602
0,0,0.037167232
0,0,0.0025143211
0,0,0.0071990276
0,0,0.040167697
0,0,0.013874656
0,0,0.16195674
0,0,0.0113456305
0,0,0.0248384
0,0,0.0068542445
0,0,0.0025437279
0,0,0.0028946465
0,0,0.004636385
0,0,0.0040604095
0,0,0.03238159
0,0,0.01476219
0,0,0.0026982683
0,0,0.011193853
0,0,0.035045628
0,0,0.018607115
0,0,0.00798931
0,0,0.026770389
0,0,0.0052871113
0,0,0.0031552133
0,0,0.005544898
0,0,0.007860975
0,0,0.0027378558
0,0,0.0065867067
0,0,0.019386044
0,0,0.018240381
0,0,0.0032263573
0,0,0.005802614
0,0,0.008126161
0,0,0.0024689708
0,0,0.003258639
0,0,0.0029504434
0,0,0.008184801
0,0,0.0031048423
0,0,0.0024584015
0,0,0.0024992693
0,0,0.0022970375
0,0,0.0026111905
0,0,0.002801324
0,0,0.0035759367
0,0,0.0038692697
0,0,0.002579785
0,0,0.0029358421
0,0,0.0023160207
0,0,0.002469096
0,0,0.0024104547
0,0,0.0036070822
0,0,0.0022046461
0,0,0.0022264037
0,0,0.003351204
0,0,0.002501712
0,0,0.005219071
0,0,0.0024393476
0,0,0.0026863688
0,0,0.002147651
0,0,0.0024960986
0,0,0.0035944807
0,0,0.002576608
0,0,0.0025399618
0,0,0.0026738693
0,0,0.0025346568
0,0,0.0028285512
0,0,0.0036579915
0,0,0.02003307
0,0,0.018527348
0,0,0.008160986
0,0,0.016807081
0,0,0.009774678
0,0,0.015050078
0,0,0.0022397202
0,0,0.0020712952
0,0,0.0059117135
0,0,0.09013162
0,0,0.0027043277
0,0,0.046394005
0,0,0.0021643653
0,0,0.0020623521
0,0,0.012078767
0,0,0.0023412874
0,0,0.002086022
0,0,0.002311699
0,0,0.0043943366
0,0,0.0024193907
0,0,0.039176658
0,0,0.0023756002
0,0,0.0061330297
0,0,0.002285385
0,0,0.0023812698
0,0,0.0059740236
0,0,0.005026589
0,0,0.0023438816
0,0,0.014706674
0,0,0.013840043
0,0,0.006797367
0,0,0.028960716
0,0,0.0046663336
0,0,0.0022078604
0,0,0.047738656
0,0,0.0021195004
0,0,0.028914256
0,0,0.010403733
0,0,0.019709166
0,0,0.0031737753
0,0,0.0027008706
0,0,0.012120981
0,0,0.0044764625
0,0,0.0026705358
0,0,0.0024624076
0,0,0.0037103964
0,0,0.0050047915
0,0,0.011324544
0,0,0.0036036836
0,0,0.006684718
0,1,0.8197283
0,0,0.14217499
0,0,0.002249452
0,0,0.0027472274
0,0,0.018949986
0,0,0.0026211222
0,0,0.0058181006
0,0,0.0032519489
0,0,0.002842876
0,0,0.0026988084
0,0,0.002435049
0,0,0.0027026087
0,0,0.0029117933
0,0,0.0025256753
0,0,0.003139457
0,0,0.0028867286
0,0,0.002768671
0,0,0.0023713931
0,0,0.010364268
0,0,0.0030117333
0,0,0.0024787867
0,0,0.021850204
0,0,0.00257088
0,0,0.027745219
0,0,0.0029734347
0,0,0.0026613895
0,0,0.0033755295
0,0,0.0024015403
0,0,0.34096965
0,0,0.029995732
0,0,0.0069490946
0,0,0.005705334
1,1,0.9896861
1,1,0.9931352
1,1,0.9902604
1,1,0.9914119
1,0,0.45901382
1,1,0.9844344
1,1,0.98336905
1,1,0.98039895
1,1,0.96907747
1,1,0.99323153
1,1,0.9944455
1,1,0.99205387
1,1,0.9643903
1,1,0.9943802
1,1,0.9547528
1,1,0.94841164
1,1,0.98682296
1,1,0.99152786
1,1,0.7004599
1,1,0.9926144
1,1,0.9871618
1,1,0.9520669
1,1,0.94233495
1,1,0.9948769
1,1,0.9914199
1,1,0.98274267
1,1,0.992663
1,1,0.9911719
1,1,0.9929128
1,1,0.9693795
1,1,0.99188787
1,1,0.93286806
1,1,0.98772705
1,1,0.74086493
1,1,0.9885539
1,1,0.99548197
1,1,0.96244466
1,1,0.8262555
1,1,0.9113795
1,1,0.9883188
1,1,0.96372086
1,1,0.98949814
1,1,0.7830664
1,1,0.98061097
1,1,0.96330035
1,1,0.9915501
1,1,0.9878094
1,1,0.99325836
1,1,0.9932287
1,1,0.9839706
1,1,0.9874142
1,1,0.7437611
1,1,0.6138926
1,1,0.79654104
1,1,0.973751
1,1,0.985913
1,1,0.9922025
1,1,0.9415164
1,1,0.99540824
1,1,0.97053784
1,1,0.8577749
1,1,0.93057483
1,1,0.9721009
1,1,0.98494357
1,1,0.98814744
1,1,0.9828
1,1,0.9926945
1,1,0.9786669
1,1,0.9892188
1,1,0.9883959
1,1,0.9906831
1,1,0.9271112
1,1,0.9786945
1,1,0.98374844
1,1,0.9758518
1,1,0.9580249
1,1,0.93382627
1,1,0.9668637
1,1,0.9946911
1,1,0.8314473
1,1,0.5544247
1,1,0.9892063
1,1,0.9876709
1,1,0.9796031
1,1,0.8758474
1,1,0.9929583
1,1,0.9828476
1,1,0.9853088
1,1,0.9557282
1,1,0.97729295
1,1,0.9927497
1,1,0.98496664
1,1,0.9927487
1,1,0.93134284
1,1,0.99359494
1,1,0.99156207
1,1,0.9814586
1,1,0.9740288
1,1,0.99202466
1,1,0.98359376
1,1,0.9846373
1,1,0.9652374
1,0,0.20566808
1,0,0.21171255
1,1,0.989963
1,1,0.99210185
1,1,0.90326893
1,1,0.9880926
1,1,0.99258
1,1,0.94426864
1,1,0.6770504
1,1,0.98429245
1,1,0.92169684
1,1,0.9750897
1,1,0.99127555
1,1,0.9705657
1,1,0.9561487
1,1,0.99430335
1,1,0.9853615
1,1,0.75796175
1,1,0.99633527
1,1,0.9805203
1,1,0.9400232
1,1,0.94767493
1,1,0.98758453
1,1,0.9791245
1,0,0.12252496
1,1,0.99362564
1,1,0.95455843
1,1,0.9882681
1,1,0.9909711
1,1,0.9594561
1,1,0.9840516
1,1,0.99060047
1,0,0.26255932
1,1,0.9899642
1,0,0.31754193
1,1,0.9878669
1,1,0.6303309
1,1,0.991479
1,1,0.99432194
1,1,0.9894387
1,1,0.926005
1,1,0.98368615
1,1,0.9872357
1,1,0.9676425
1,1,0.9711614
1,1,0.92046934
1,1,0.9908077
1,1,0.9629611
1,1,0.9932783
1,1,0.97611463
1,1,0.95944643
1,1,0.99107474
1,1,0.9921416
1,1,0.9945417
1,1,0.99271506
1,1,0.9879732
1,1,0.99417156
1,1,0.99208635
1,1,0.9933207
1,1,0.8287813
1,1,0.9647692
1,1,0.99537957
1,1,0.97908795
1,0,0.07147063
1,1,0.8680903
1,0,0.033277705
1,1,0.9812785
1,1,0.75135666
1,1,0.97041154
1,1,0.98899966
1,1,0.9045106
1,1,0.9848705
1,1,0.9904908
1,1,0.9028508
1,1,0.9934222
1,1,0.99482083
1,1,0.8156086
1,1,0.9872745
1,1,0.96788377
1,1,0.9005343
1,1,0.80162686
1,1,0.9779204
1,1,0.8177395
1,1,0.98171496
1,1,0.97923696
1,1,0.98786956
1,1,0.98645276
1,1,0.99029326
1,1,0.90536356
1,1,0.99411255
1,1,0.9069877
1,1,0.9883922
1,1,0.9854637
1,1,0.9837887
1,1,0.9910569
1,1,0.99571806
1,1,0.9931732
1,1,0.9640652
1,1,0.9637188
1,0,0.2692882
1,1,0.9828157
1,1,0.6345595
1,1,0.99455124
1,1,0.9812661
1,1,0.962057
1,1,0.9829117
1,1,0.99190336
1,1,0.9870701
1,1,0.98236716
1,1,0.98880357
1,1,0.9868781
1,1,0.99296737
1,1,0.9913679
1,1,0.807595
1,1,0.97624993
1,1,0.99504256
1,1,0.98405635
1,1,0.98899615
1,1,0.78822434
1,1,0.99243087
1,1,0.96457404
1,1,0.9900596
1,1,0.995777
1,1,0.9918662
1,1,0.9528329
1,1,0.9347693
1,1,0.9290849
1,1,0.987151
1,1,0.9874047
1,1,0.9893532
1,1,0.9637348
1,1,0.98147285
1,1,0.8786839
1,1,0.9933257
1,1,0.9928752
1,1,0.98387724
1,1,0.9824745
1,1,0.99571997
1,1,0.9887959
1,0,0.342163
1,1,0.8797595
1,1,0.95693773
1,1,0.9797079
1,1,0.94082093
1,1,0.98779863
1,1,0.96962714
1,1,0.75971025
1,1,0.99407023
1,1,0.8842943
1,1,0.9844683
1,1,0.98763984
1,1,0.98735833
1,1,0.9932655
1,1,0.94818383
1,1,0.9874199
1,1,0.9874878
1,1,0.9868591
1,1,0.9918109
1,1,0.9900199
1,1,0.9905562
1,1,0.99074626
1,1,0.8913871
1,0,0.43535417
1,1,0.9837586
1,1,0.98215944
1,1,0.8761972
1,1,0.9186747
1,1,0.8625772
0,0,0.0020996633
0,0,0.0026758702
0,0,0.13606443
0,0,0.0022986773
0,0,0.0025301557
0,0,0.0061321985
0,0,0.0027886718
0,0,0.17704752
0,0,0.003460706
0,0,0.004059655
0,0,0.0022420178
0,0,0.008909102
0,0,0.0037019346
0,0,0.0027778402
0,0,0.002175674
0,0,0.0047921687
0,0,0.0021161444
0,0,0.020933365
0,0,0.0022941118
0,0,0.008066592
0,0,0.0025104436
0,0,0.002783789
0,0,0.1148705
0,0,0.0025102384
0,0,0.018494897
0,0,0.016985865
0,0,0.00249471
0,0,0.006607297
0,0,0.011665319
0,0,0.0022823862
0,0,0.0023014292
0,0,0.0026697412
0,0,0.003836815
0,0,0.28420836
0,0,0.38725486
0,0,0.0023646601
0,0,0.03509062
0,0,0.0024806417
0,0,0.0029353593
0,0,0.002523698
0,0,0.0067222244
0,0,0.0028191763
0,0,0.0073406724
0,0,0.003301344
0,0,0.0021626595
0,0,0.035857305
0,0,0.002300338
0,0,0.010882103
0,0,0.0024093485
0,0,0.0020834354
0,0,0.007864203
0,0,0.0030904266
0,0,0.0030455189
0,0,0.002182571
0,0,0.0024663508
0,0,0.0031441522
0,0,0.0019018505
0,0,0.0025894223
0,0,0.02292899
0,0,0.0022662468
0,0,0.0073729698
0,0,0.014308226
0,0,0.0025018253
0,0,0.002030872
0,0,0.008677146
0,0,0.0026457754
0,0,0.0023375368
0,0,0.0020147448
0,0,0.05263153
0,0,0.0029119677
0,0,0.0019732164
0,0,0.00814066
0,0,0.0024859586
0,0,0.0022158765
0,0,0.4215183
0,0,0.00326242
0,0,0.035687327
0,0,0.005024088
0,0,0.0049800104
0,0,0.004697545
0,0,0.0021312898
0,0,0.002323143
0,0,0.11818411
0,0,0.0021165835
0,0,0.0031376148
0,0,0.0044347374
0,0,0.0073133013
0,0,0.002062224
0,0,0.0029044002
0,0,0.0018302589
0,0,0.0026480327
0,0,0.0019872189
0,0,0.029720314
0,0,0.0030374255
0,0,0.0020058383
0,0,0.0027977056
0,0,0.0020551025
0,0,0.4284162
0,0,0.0022088576
0,0,0.18566638
0,0,0.002171684
0,0,0.012870156
0,0,0.04752486
0,0,0.0027442493
0,0,0.0021602302
0,0,0.007159158
0,0,0.003644754
0,0,0.002573011
0,0,0.002633552
0,0,0.0020701329
0,0,0.002377461
0,0,0.0021875738
0,0,0.0030272147
0,0,0.0023709475
0,0,0.0019881031
0,0,0.0024625733
0,0,0.00816752
0,0,0.0023479126
0,0,0.0023554126
0,0,0.0072326474
0,0,0.0036013967
0,0,0.007925848
0,0,0.0021234744
0,0,0.0023302333
0,0,0.04966738
0,0,0.0022163624
0,0,0.0026135389
0,0,0.006613469
0,0,0.0024109618
0,0,0.002574829
0,0,0.0025098575
0,0,0.0026472316
0,0,0.003510876
0,0,0.0022536584
0,0,0.0025215633
0,0,0.0023446465
0,0,0.0022486912
0,0,0.004007234
0,0,0.002600803
0,0,0.002706928
0,0,0.0021154599
0,0,0.0024613952
0,0,0.0037894426
0,0,0.0029277797
0,0,0.0024016888
0,0,0.0022563837
0,0,0.0025548344
0,0,0.02304046
0,0,0.0023012375
0,0,0.0020271442
0,0,0.0029129344
0,0,0.010259201
0,0,0.0040956386
0,0,0.0053057284
0,0,0.0022928405
0,0,0.0027547036
0,0,0.0021761216
0,0,0.0090740025
0,0,0.0023281977
0,0,0.008724966
0,0,0.0026044657
0,0,0.0026905148
0,0,0.0057562063
0,0,0.0024341622
0,0,0.01077818
0,0,0.0033902905
0,0,0.0026705435
0,0,0.002252279
0,0,0.0027355717
0,0,0.07493108
0,1,0.5613158
0,0,0.0041601
0,0,0.0024237172
0,0,0.003773095
0,1,0.55168545
0,0,0.05194487
0,0,0.0022471275
0,0,0.002382612
0,0,0.004578415
0,0,0.063361324
0,0,0.0023056671
0,0,0.0029175498
0,0,0.0029583895
0,0,0.0023905593
0,0,0.002134763
0,0,0.033779312
0,0,0.0037262305
0,0,0.0027726975
0,0,0.0024210808
0,0,0.0026502346
0,0,0.11675067
0,0,0.0032774874
0,0,0.46484765
0,0,0.0056422832
0,0,0.023809768
0,0,0.004689226
0,0,0.002690967
0,0,0.0026731917
0,0,0.0024009598
0,0,0.0021970964
0,0,0.04489765
0,0,0.004392989
0,0,0.0031003791
0,0,0.019834885
0,0,0.004269118
0,0,0.018881634
0,0,0.0051305736
0,0,0.019612035
0,0,0.0035866108
0,0,0.005228601
0,0,0.0021543456
0,0,0.002333093
0,0,0.004116215
0,0,0.0045995936
0,0,0.0034535662
0,0,0.0044104215
0,0,0.00210147
0,0,0.0030428332
0,0,0.0022385865
0,0,0.0035306162
0,0,0.0023434
0,0,0.05803447
0,0,0.017761663
0,0,0.0025697595
0,0,0.0026686012
0,0,0.0019249537
0,0,0.03810239
0,0,0.03760323
0,0,0.004481776
0,0,0.020071657
0,0,0.03992344
0,0,0.05257077
0,0,0.02841058
0,0,0.0052181794
0,0,0.025307078
0,0,0.007194575
0,0,0.002687754
0,0,0.0023455827
0,0,0.005334575
0,0,0.0021263245
0,0,0.0032164673
0,0,0.032913625
0,0,0.0023352848
0,0,0.0021135057
0,0,0.0019483392
0,0,0.025801368
0,0,0.0023189841
0,0,0.021596141
0,0,0.0112217665
0,0,0.09118674
0,0,0.0021372612
0,0,0.01084616
0,0,0.14832802
0,0,0.2640945
0,0,0.0046529723
0,0,0.0070524793
0,0,0.005994435
0,0,0.23471405
0,0,0.0040260293
0,0,0.43183947
0,0,0.06752955
0,0,0.083612755
0,0,0.00908721
0,0,0.0028938104
0,0,0.0023060038
0,0,0.11852052
0,0,0.41648093
0,0,0.4575429
0,0,0.0030263744
0,0,0.38186982
0,0,0.0061495057
0,0,0.015778992
0,0,0.010550404
0,0,0.30139035
0,0,0.0025526662
0,0,0.0024936716
0,0,0.111424774
0,0,0.0067581353
0,0,0.3295652
0,0,0.05678938
0,0,0.027476944
0,0,0.0019079734
0,0,0.0022361514
0,0,0.002620213
0,0,0.003882787
0,0,0.002302862
0,0,0.0021613468
0,0,0.0029360668
0,0,0.0023792326
0,0,0.0026243164
0,0,0.0026004654
0,0,0.004259452
0,0,0.0056510568
0,0,0.01852511
0,0,0.0024191213
0,0,0.0048974887
0,0,0.0038592904
0,0,0.00313083
0,0,0.0072618052
0,0,0.002277895
0,0,0.0024343494
0,0,0.004082866
0,0,0.0028136934
0,0,0.0027111073
0,0,0.021626217
0,0,0.0025935806
0,0,0.0026644315
0,0,0.01218066
0,0,0.026093297
0,0,0.018366156
0,0,0.010690782
0,0,0.0022406026
0,0,0.00254666
0,0,0.0022069225
0,0,0.0024284928
0,0,0.0024611356
0,0,0.002257829
0,0,0.008161419
0,0,0.0048776893
0,0,0.0027209076
0,0,0.0029169824
0,0,0.12571572
0,0,0.032835547
0,0,0.007256874
0,0,0.0029040729
0,0,0.0022017616
0,0,0.010816877
0,0,0.004022419
0,0,0.0022126334
0,0,0.0023633016
0,0,0.0021808033
0,0,0.0023007996
0,0,0.0031262569
0,0,0.0021629457
0,0,0.01654387
0,0,0.03231205
0,0,0.0028838725
0,0,0.0023372232
0,0,0.020929316
0,1,0.7604032
0,0,0.0022737852
0,0,0.0022237042
0,0,0.0024029275
0,0,0.0021881796
0,0,0.0027185045
0,0,0.0022706913
0,0,0.005024019
0,0,0.008937009
0,0,0.0031999622
0,0,0.0030092318
0,1,0.5509795
0,0,0.0023455347
0,0,0.0025828308
0,0,0.0024994928
0,0,0.0061035934
0,0,0.009613192
0,0,0.002388693
0,0,0.008816271
0,0,0.0022826467
0,0,0.019843068
0,0,0.004087812
0,0,0.008069698
0,0,0.0023187755
0,0,0.0025902104
0,0,0.0030291537
0,0,0.0068912823
0,0,0.0032410491
0,0,0.0024765108
0,0,0.024254376
0,0,0.0020376202
0,0,0.0042143473
0,0,0.0045070103
0,0,0.04063356
0,0,0.34388998
0,0,0.09836814
0,0,0.0021297634
0,0,0.0022035984
0,0,0.0049113235
0,0,0.0061666565
0,0,0.010420953
0,0,0.0028063222
0,0,0.0028949054
0,0,0.0023387803
0,0,0.002730407
0,0,0.002298942
0,0,0.0033372778
0,0,0.011922536
0,0,0.026318647
0,0,0.0025161132
0,0,0.002209402
0,0,0.0021523456
0,0,0.00245815
0,0,0.0021428843
0,0,0.009530053
0,0,0.00496697
0,0,0.0021153048
0,0,0.003753632
0,0,0.0024893875
0,0,0.0018673214
0,0,0.0025190867
0,0,0.13253991
0,0,0.0043553608
0,0,0.0055853254
0,0,0.11583228
0,0,0.044533197
0,0,0.0021700377
0,0,0.007060803
0,0,0.0022316014
0,0,0.0024960604
0,0,0.0033770907
0,0,0.0027223597
0,0,0.002094867
0,0,0.0052496595
0,0,0.0026346168
0,0,0.0065666847
0,0,0.0042854683
0,0,0.0020043422
0,0,0.005981025
0,1,0.7401275
0,1,0.9595699
0,0,0.0042718025
0,0,0.003395021
0,0,0.002460101
0,0,0.0023912657
0,0,0.051211808
0,0,0.023516307
0,0,0.005960204
0,0,0.0030887728
0,0,0.008212924
0,0,0.0109247435
0,0,0.003308159
0,0,0.08331333
0,0,0.018029552
0,0,0.002403307
0,0,0.0034487678
0,0,0.004399077
0,0,0.0077607045
0,1,0.56991535
0,0,0.012446442
0,0,0.012963588
0,0,0.23148337
0,0,0.0020618113
0,0,0.007763816
0,0,0.002252441
0,0,0.0034428434
0,0,0.0023992462
0,0,0.0049744747
0,0,0.019104127
0,0,0.0062326235
0,0,0.012703837
0,0,0.025971709
0,0,0.007117259
0,0,0.0074073393
0,0,0.005254979
0,0,0.11460699
0,0,0.007947086
0,0,0.046399195
0,0,0.0025000526
0,0,0.0027681931
0,0,0.028884826
0,0,0.0051347665
0,0,0.025806228
0,0,0.0024568574
0,0,0.0069574276
0,0,0.004770113
0,0,0.0022555368
0,0,0.002505224
0,0,0.0062254355
0,0,0.042390168
0,0,0.0029022882
0,0,0.002363325
0,0,0.0025828274
0,0,0.006423262
0,0,0.0025535452
0,0,0.0026074813
0,0,0.0023925356
0,0,0.033385184
0,0,0.0019406658
0,0,0.0027034306
0,0,0.0021362647
0,0,0.0028666446
0,0,0.002079095
0,0,0.14144826
0,0,0.0050072945
0,0,0.005642489
0,0,0.0043807346
0,0,0.011029449
0,0,0.002079276
0,0,0.0020350795
0,0,0.0030396206
0,0,0.0069875745
0,0,0.0049265693
0,0,0.021100573
0,0,0.002457549
0,0,0.002935044
0,0,0.026385399
0,0,0.003397736
0,0,0.003997435
0,0,0.0023509078
0,0,0.0024302886
0,0,0.0024754382
0,0,0.0023360224
0,0,0.0024083036
0,0,0.0022410695
0,0,0.004908493
0,0,0.0022610885
0,0,0.077328116
0,0,0.0020889381
0,0,0.0024801039
0,0,0.0022988433
0,0,0.003636745
0,0,0.004623868
0,0,0.0025685912
0,0,0.0024683925
0,0,0.0027759178
0,0,0.008907882
0,0,0.0036191777
0,0,0.20839407
0,0,0.0029718066
0,0,0.0076265633
0,0,0.0040429095
0,0,0.002261751
0,0,0.0023881295
0,0,0.0025622621
0,0,0.0023590277
0,0,0.002684009
0,0,0.002154078
0,0,0.0027343456
0,0,0.0027748288
0,0,0.014801594
0,0,0.005159275
0,0,0.0024831388
0,0,0.0022559124
0,0,0.0029546109
0,0,0.0055745887
0,0,0.0022008712
0,0,0.0044816546
0,0,0.002911885
0,0,0.092293546
0,0,0.004166434
0,0,0.09917508
0,0,0.0028377008
0,0,0.0027728954
0,0,0.0028896744
0,0,0.0029835592
0,0,0.0047062035
0,0,0.0041379924
0,0,0.004544412
0,0,0.0054650507
0,0,0.08856535
0,0,0.050867997
0,0,0.0024254494
0,0,0.14144407
0,0,0.0024413015
0,0,0.011214901
0,0,0.0026172253
0,0,0.00669927
0,0,0.004868004
0,1,0.53873277
0,0,0.0023416393
0,0,0.006210117
0,0,0.0033502928
0,0,0.0033954924
0,0,0.002830505
0,0,0.007763849
0,0,0.0025034512
0,0,0.0028951094
0,0,0.00233171
0,0,0.007213127
0,0,0.0039820867
0,0,0.0025764129
0,0,0.0021043539
0,0,0.012834873
0,0,0.0026288491
0,0,0.0020059664
0,0,0.0042733303
0,0,0.0025733537
0,0,0.002424695
0,0,0.0032540578
0,0,0.27600318
0,0,0.009845909
0,0,0.0023094842
0,0,0.002821923
0,0,0.0037390527
0,0,0.0033962976
0,0,0.0026204325
0,0,0.0023818484
0,0,0.07733468
0,0,0.0020866236
0,0,0.002391989
0,0,0.004939138
0,0,0.0023729233
0,0,0.0027124123
0,0,0.0024367336
0,0,0.010891705
0,0,0.002666399
0,0,0.056635022
0,0,0.002380641
0,0,0.0023723375
0,0,0.0054829866
0,0,0.40845954
0,0,0.0042063696
0,0,0.006291178
0,0,0.002916615
0,0,0.0022989288
0,0,0.0610341
0,0,0.0023900454
0,0,0.0024674605
0,0,0.0024143264
0,0,0.021051513
0,0,0.0022544092
0,0,0.0029902076
0,0,0.0028254113
0,0,0.0027980409
0,0,0.04754121
0,0,0.003085569
0,0,0.0025450725
0,0,0.013800179
0,0,0.005941728
0,0,0.0024827642
0,0,0.0021039895
0,0,0.026905967
0,0,0.0026014503
0,0,0.0021635282
0,0,0.0023763243
0,0,0.002038497
0,0,0.022997813
0,0,0.004549015
0,0,0.0035704733
0,0,0.0032668298
0,0,0.002366761
0,0,0.0064048376
0,0,0.0053753
0,0,0.0065711313
0,0,0.014223289
0,0,0.003528262
0,0,0.016170455
0,0,0.043410853
0,0,0.0022537026
0,1,0.8368355
0,0,0.0021229873
0,0,0.036761917
0,0,0.0031901214
0,0,0.004459789
0,0,0.002152231
0,0,0.0071559697
0,1,0.7356855
0,0,0.0030648296
0,0,0.0032948283
0,0,0.0023232466
0,0,0.050288085
0,0,0.0023686884
0,0,0.006750483
0,0,0.011799474
0,0,0.008370126
0,0,0.38623938
0,0,0.0034821236
0,0,0.004667495
0,0,0.36047068
0,0,0.0022035858
0,0,0.03065264
0,0,0.0029656023
0,0,0.0034776127
0,0,0.13469139
0,0,0.048800196
0,0,0.0028433816
0,0,0.0019558466
0,1,0.5203795
0,0,0.019395709
0,0,0.008338624
0,0,0.0144418515
0,0,0.0037705794
0,0,0.1849515
0,0,0.20292166
0,0,0.004061391
0,0,0.0023061999
0,0,0.008787246
0,0,0.0020151734
0,0,0.0029542737
0,0,0.0029143114
0,0,0.0100600775
0,0,0.0024080079
0,0,0.0023371133
0,0,0.0073862732
0,0,0.0025070999
0,0,0.00860207
0,0,0.0021585443
0,0,0.0036030638
0,0,0.013593699
0,0,0.006753211
0,0,0.0050051427
0,0,0.005711412
0,0,0.0028734596
0,0,0.20635079
0,0,0.022708358
0,0,0.024883341
0,0,0.0022642186
0,0,0.35768542
0,0,0.0023361605
0,0,0.0032728377
0,0,0.0032617566
0,0,0.003549376
0,0,0.0021035492
0,0,0.0026566237
0,0,0.0033307092
0,0,0.0034995766
0,0,0.003972821
0,0,0.0022372599
0,0,0.0087779965
0,0,0.002407843
0,0,0.025828345
0,0,0.0036868898
0,0,0.0022240218
0,0,0.0021682233
0,0,0.0177117
0,0,0.02885509
0,0,0.0024861488
0,0,0.0024935047
0,0,0.004878965
0,0,0.003541714
0,0,0.041358575
0,0,0.0026036024
0,0,0.10786108
0,0,0.037384186
0,0,0.010594253
0,0,0.0069292346
0,0,0.0048858877
0,0,0.0035090293
0,0,0.008056659
0,0,0.0023926676
0,0,0.002775831
0,0,0.004328601
0,0,0.0027581574
0,0,0.002604046
0,0,0.005168726
0,0,0.002364841
0,0,0.0024196163
0,0,0.0026791398
0,0,0.008409144
0,0,0.003091173
0,0,0.0023004583
0,0,0.0023036397
0,0,0.002411433
0,0,0.0020476505
0,0,0.0025605394
0,0,0.0023588089
0,0,0.0031454517
0,0,0.0022195124
0,0,0.0020723646
0,0,0.002210994
0,0,0.04267211
0,0,0.003218345
0,0,0.0021335525
0,0,0.002910354
0,0,0.005284529
0,0,0.0022141638
0,0,0.007250432
0,0,0.070536055
0,0,0.0021786357
0,0,0.0023625866
0,0,0.002612758
0,0,0.0024932532
0,0,0.0023661072
0,0,0.037566494
0,0,0.0020339575
0,0,0.0033098701
0,0,0.0055080513
0,0,0.0023551222
0,0,0.003952701
0,0,0.0061435658
0,0,0.002576266
0,0,0.0035844282
0,0,0.006632348
0,0,0.0037698701
0,0,0.038616978
0,0,0.0033649397
0,0,0.0021377413
0,0,0.0022096985
0,0,0.003798997
0,0,0.00212812
0,0,0.013911828
0,0,0.007680554
0,0,0.0039620274
0,0,0.038596597
0,0,0.036240283
0,0,0.003471926
0,0,0.0027841616
0,0,0.0027189327
0,0,0.029155744
0,0,0.0024568278
0,0,0.0021622025
0,0,0.0042110267
0,0,0.0024680113
0,0,0.26635084
0,0,0.0022302691
0,0,0.018537536
0,0,0.0024309198
0,0,0.008959625
0,0,0.0021947443
0,0,0.007988908
0,0,0.00426245
0,0,0.0025817342
0,0,0.002636725
0,0,0.0046215025
0,0,0.0023574089
0,0,0.003925955
0,0,0.010525441
0,0,0.0024434135
0,0,0.002450136
0,0,0.002922598
0,0,0.014342611
0,0,0.0047282255
0,0,0.0028956446
0,0,0.004613633
0,0,0.02865369
0,0,0.003063462
0,0,0.0023010995
0,0,0.009874427
0,0,0.020708028
0,0,0.0022269122
0,0,0.027008027
0,0,0.028758999
1,1,0.9932088
1,1,0.98327255
1,1,0.97264826
1,1,0.9730986
1,1,0.9690967
1,1,0.9930188
1,1,0.99150765
1,1,0.9952246
1,1,0.97277844
1,1,0.99567467
1,1,0.98823816
1,1,0.9968076
1,1,0.9839421
1,1,0.99283737
1,1,0.9871423
1,1,0.97159857
1,1,0.9507772
1,1,0.98203343
1,1,0.99554634
1,1,0.9834937
1,1,0.7620501
1,1,0.99608
1,1,0.86413217
1,1,0.9955883
1,1,0.98147464
1,1,0.861145
1,1,0.9911657
1,1,0.92984235
1,1,0.99374455
1,1,0.99236465
1,1,0.9949885
1,1,0.9127324
1,1,0.9607271
1,1,0.9793661
1,1,0.9953903
1,0,0.20796852
1,0,0.39153048
1,1,0.7454833
1,1,0.9772256
1,1,0.97774976
1,1,0.99344134
1,1,0.9924776
1,1,0.98118055
1,1,0.96390057
1,1,0.95641994
1,1,0.9953916
1,1,0.7180445
1,0,0.32068497
1,1,0.9939434
1,1,0.99283254
1,1,0.9930178
1,1,0.9961584
1,1,0.9955114
1,1,0.9912213
1,1,0.99551445
1,1,0.9649478
1,1,0.9943439
1,1,0.9735092
1,1,0.9766831
1,1,0.9932555
1,1,0.9789949
1,1,0.99179596
1,1,0.99356383
1,1,0.99179596
1,1,0.9775024
1,1,0.9874291
1,1,0.9912883
1,1,0.9957741
1,1,0.99305046
1,1,0.9791656
1,1,0.99596196
1,1,0.981671
1,1,0.99553704
1,1,0.9909213
1,1,0.99416417
1,1,0.9936841
1,1,0.9900939
1,1,0.9911293
1,1,0.9836691
1,1,0.98442024
1,1,0.9935182
1,1,0.98856294
1,1,0.98986596
1,1,0.98730034
1,1,0.94579846
1,1,0.9098116
1,1,0.85304904
1,1,0.9835992
1,1,0.9743978
1,1,0.9623071
1,1,0.9738453
1,1,0.829012
1,1,0.993753
1,1,0.8492619
1,1,0.9814711
1,1,0.9921291
1,1,0.9875563
1,1,0.9931692
1,1,0.97273165
1,1,0.9923481
1,1,0.9924039
1,1,0.98492223
1,1,0.9951923
1,1,0.98663074
1,1,0.95657825
1,1,0.6271493
1,1,0.98717284
1,1,0.81859994
1,1,0.8947701
1,1,0.91071296
1,1,0.99246216
1,1,0.9125642
1,1,0.96026486
1,1,0.52197737
1,1,0.7415981
1,1,0.98284054
1,1,0.9836165
1,1,0.98490095
1,1,0.9447736
1,1,0.9665346
1,1,0.97559845
1,0,0.47061518
1,1,0.98510104
1,1,0.9925132
1,1,0.9762186
1,1,0.99128854
1,1,0.9893923
1,1,0.965719
1,1,0.97746974
1,1,0.9451159
1,1,0.97611123
1,1,0.9868802
1,1,0.97439134
1,1,0.9873504
1,1,0.9822568
1,1,0.92740715
1,1,0.98632205
1,1,0.9870979
1,1,0.97333527
1,1,0.98703766
1,1,0.99268734
1,1,0.9887251
1,1,0.97449285
1,1,0.93874735
1,1,0.9736912
1,1,0.86485076
1,1,0.9763579
1,1,0.99483925
1,1,0.93130535
1,1,0.7911506
1,1,0.9920195
1,1,0.97151875
1,1,0.95096976
1,1,0.7334251
1,1,0.87643754
1,1,0.9676274
1,1,0.9822124
1,1,0.9921158
1,1,0.74021137
1,1,0.5875979
1,1,0.9480294
1,1,0.9819434
1,1,0.65979266
1,1,0.8600842
1,1,0.9880299
1,1,0.81698346
1,1,0.843596
1,1,0.9791895
1,1,0.8756042
1,1,0.9311384
1,1,0.97490984
1,0,0.29919046
1,1,0.85699123
1,1,0.98398626
1,1,0.9949326
1,1,0.9061258
1,1,0.770681
1,1,0.98292476
1,1,0.751736
1,1,0.852445
1,1,0.9612566
1,1,0.9170558
1,1,0.5744589
1,1,0.9845979
1,1,0.97899055
1,1,0.99505854
1,1,0.96324325
1,1,0.57035804
1,1,0.9902209
1,1,0.9927966
1,1,0.97770476
1,1,0.98691756
1,1,0.99083346
1,1,0.9962351
1,1,0.9686665
1,1,0.98565614
1,1,0.94331086
1,1,0.9677768
1,1,0.97308785
1,1,0.99272364
1,1,0.94903463
1,1,0.9878803
1,1,0.98380786
1,1,0.99170095
1,1,0.9840042
1,1,0.97361565
1,1,0.98596513
1,1,0.9874659
1,1,0.9667341
1,1,0.9865594
1,1,0.9863371
1,1,0.95191467
1,1,0.9931873
1,1,0.9890832
1,1,0.95875263
1,1,0.99378914
1,1,0.98321414
1,1,0.99592847
1,1,0.91166747
1,1,0.9831434
1,1,0.97354084
1,1,0.99390066
1,1,0.8141423
1,1,0.99551183
1,1,0.993436
1,1,0.99404967
1,1,0.99151695
1,1,0.991662
1,1,0.9946339
1,1,0.9936795
1,1,0.99289316
1,1,0.9869648
1,1,0.9509071
1,1,0.73715085
1,1,0.9862698
1,1,0.97952867
1,1,0.9948526
1,1,0.99022
1,1,0.98866445
1,1,0.97317535
1,1,0.9882874
1,1,0.9950395
1,1,0.98884416
1,1,0.9954797
1,1,0.9936207
1,1,0.5313283
1,1,0.9932007
1,1,0.98340905
1,1,0.98524517
1,1,0.9795522
1,1,0.9949162
1,1,0.9959557
1,1,0.99343187
1,1,0.98199445
1,1,0.9947577
1,1,0.99292165
1,1,0.98562396
1,1,0.9956831
1,1,0.9891761
1,1,0.98835224
1,1,0.9810167
1,1,0.9932973
1,1,0.9093709
1,1,0.99228305
1,1,0.99333525
1,1,0.9905386
1,1,0.9924414
1,1,0.9850536
1,1,0.9953296
1,1,0.99535877
1,1,0.99228066
1,1,0.993393
1,1,0.99237895
1,1,0.9829774
1,1,0.99135536
1,1,0.9920827
1,1,0.9847919
1,1,0.9959778
1,1,0.9855671
1,1,0.9931011
1,1,0.9940714
1,1,0.9923293
1,1,0.9644381
1,1,0.6828673
1,1,0.981232
1,1,0.9925861
1,1,0.91144854
1,1,0.99410266
1,1,0.9918961
1,1,0.99035877
1,1,0.991459
0,0,0.0047134366
0,0,0.0046019233
0,0,0.005375201
0,0,0.0031706293
0,0,0.015595282
0,0,0.003858837
0,0,0.0030263616
0,0,0.002842241
0,0,0.0032490722
0,0,0.016871009
0,0,0.0023704048
0,0,0.008737572
0,0,0.018428717
0,0,0.07926423
0,0,0.032122582
0,0,0.3213002
0,0,0.00231182
0,0,0.011005824
0,0,0.0044386974
0,0,0.06388198
0,0,0.15959664
0,0,0.10942604
0,0,0.0034103193
0,0,0.0035901894
0,0,0.0033801282
0,0,0.002199052
0,0,0.1867948
0,0,0.01744608
0,0,0.18149385
0,0,0.005699999
0,0,0.008725388
0,0,0.0022916978
0,0,0.009121955
0,0,0.0022168695
0,0,0.012972854
0,0,0.0069993394
0,0,0.0026108327
0,0,0.35612693
0,0,0.33324373
0,0,0.073684126
0,0,0.012437957
0,0,0.0032858306
0,0,0.019708263
0,0,0.0021541938
0,0,0.013470492
0,0,0.0022013874
0,0,0.004546263
0,0,0.0054491917
0,0,0.0029963236
0,0,0.00379414
0,0,0.041252077
0,0,0.04971847
0,0,0.008681319
0,0,0.006785213
0,0,0.0024996581
0,0,0.08400909
0,0,0.0032435362
0,0,0.019525213
0,0,0.0042638024
0,0,0.0050624544
0,0,0.07306222
0,1,0.881774
0,0,0.013160254
0,0,0.003132366
0,0,0.0038592848
0,0,0.0028824331
0,0,0.0023285977
0,0,0.0085200155
0,0,0.0369934
0,0,0.046949744
0,0,0.064458825
0,0,0.008243537
0,0,0.0027541248
0,0,0.024989944
0,0,0.024932057
0,0,0.02285097
0,0,0.0024986903
0,0,0.0060885674
0,0,0.0038136786
0,0,0.025160754
0,0,0.0020679475
0,0,0.009749298
0,0,0.008442074
0,0,0.014719295
0,0,0.008579311
0,0,0.0076955594
0,0,0.006198745
0,0,0.0028052265
0,0,0.005976816
0,0,0.0045368033
0,0,0.0032498986
0,0,0.0027748249
0,0,0.014618967
0,0,0.0023118586
0,0,0.0063528847
0,0,0.007034428
0,0,0.0082460195
0,0,0.002636325
0,0,0.0024149502
0,0,0.048478186
0,0,0.0022154734
0,0,0.0044740513
0,0,0.0033377986
0,0,0.009562875
0,0,0.004498623
0,0,0.0037444085
0,0,0.008639446
0,0,0.0313663
0,0,0.0054582986
0,0,0.0033153174
0,0,0.014104958
0,0,0.0041756276
0,0,0.0044639194
0,0,0.017254483
0,0,0.011880243
0,0,0.010124877
0,0,0.005137529
0,0,0.0023926378
0,0,0.040727686
0,0,0.0025470292
0,0,0.0027012753
0,0,0.002478987
0,0,0.024986127
0,0,0.0024688577
0,0,0.0031696514
0,0,0.0020523719
0,0,0.0026208952
0,0,0.0024515232
0,0,0.011128519
0,0,0.06812238
0,0,0.030061243
0,0,0.0023839728
0,0,0.0024690856
0,0,0.0025310535
0,0,0.0031809153
0,0,0.0028897952
0,0,0.004486361
0,0,0.0029971004
0,0,0.0037837317
0,0,0.004337981
0,0,0.0030715696
0,0,0.002476823
0,0,0.0031695506
0,0,0.0024490103
0,0,0.016713409
0,0,0.003151643
0,0,0.030502798
0,0,0.04229621
0,0,0.0024468948
0,0,0.00388235
0,0,0.009891622
0,0,0.0028294849
0,0,0.0036487456
0,0,0.01908576
0,0,0.012026639
0,0,0.0023482789
0,0,0.004041182
0,0,0.0054051927
0,0,0.0032837882
0,0,0.003925179
0,0,0.008621561
0,0,0.023561075
0,0,0.006523201
0,0,0.23513365
0,0,0.0030566626
0,0,0.004445331
0,0,0.042133182
0,0,0.0021899003
0,0,0.002640702
0,0,0.010099216
0,0,0.03994225
0,0,0.028143529
0,0,0.011461323
0,0,0.008913368
0,0,0.0029026289
0,0,0.003688065
0,0,0.0048872465
0,0,0.004718853
0,0,0.0025721998
0,0,0.004671834
0,0,0.0026171657
0,0,0.0074247066
0,0,0.008267973
0,0,0.030077327
0,0,0.017986968
0,0,0.015712313
0,0,0.06604269
0,0,0.009214175
0,0,0.39043078
0,0,0.0034379389
0,0,0.0053931554
0,1,0.84440583
0,0,0.0032530988
0,0,0.0021612553
0,0,0.0034030345
0,0,0.0024378386
0,0,0.0024507607
0,0,0.0029625779
0,0,0.015689623
0,0,0.004464101
0,0,0.0080104815
0,0,0.0029359034
0,0,0.0051296996
0,0,0.07080869
0,0,0.0034187802
0,0,0.49471962
0,0,0.008738739
0,0,0.021391556
0,0,0.0020034362
0,0,0.0022271476
0,0,0.0027876047
0,0,0.005913653
0,0,0.008024165
0,0,0.0033713325
0,0,0.012632197
0,0,0.005983086
0,0,0.037725616
0,0,0.0020133716
0,0,0.0032264753
0,0,0.044770673
0,0,0.00950462
0,0,0.0055657136
0,0,0.0031790258
0,0,0.0034858864
0,0,0.002400704
0,0,0.002638825
0,0,0.0027809236
0,0,0.00218467
0,0,0.0038873595
0,0,0.01341644
0,0,0.0037968392
0,0,0.017676312
0,0,0.005463058
0,0,0.04692341
0,0,0.028534075
0,0,0.009411033
0,0,0.0024329098
0,0,0.004144724
0,0,0.0028105206
0,0,0.101162374
0,0,0.017712755
0,0,0.0031067468
0,0,0.003625769
0,0,0.0023685033
0,0,0.0027544796
0,0,0.031810906
0,0,0.3410399
0,0,0.0024319144
0,0,0.1946357
0,0,0.042100858
0,0,0.0028847035
0,0,0.002707609
0,0,0.0031539344
0,0,0.0035047357
0,0,0.026344594
0,0,0.0028330076
0,0,0.002065065
0,0,0.0022615509
0,0,0.0030558084
0,0,0.015208719
0,0,0.0047473484
0,0,0.01006069
0,0,0.0035934045
0,0,0.002610556
0,0,0.002372062
0,0,0.010176351
0,0,0.004848924
0,0,0.07806487
0,0,0.019746758
0,0,0.01878443
0,0,0.030801874
0,0,0.011524114
0,0,0.002789848
0,0,0.010662336
0,0,0.00466425
0,0,0.0028085194
0,0,0.0031867386
0,0,0.066810444
0,0,0.0024265645
0,0,0.3495794
0,0,0.13933913
0,0,0.0033152495
0,0,0.0027358606
0,0,0.02249621
0,0,0.007156776
0,0,0.005163022
0,0,0.0023989128
0,0,0.009235849
0,0,0.0034394814
0,0,0.012925728
0,1,0.8589144
0,0,0.0685962
0,0,0.05802311
0,0,0.0023864212
0,0,0.0025029965
0,0,0.0042927223
0,0,0.0045048906
0,0,0.005370224
0,0,0.0019676427
0,0,0.003838616
0,0,0.016634757
0,0,0.0042269225
0,1,0.56264544
0,0,0.0020513858
0,0,0.055651158
0,0,0.0026023088
0,0,0.003229108
0,0,0.0023043796
0,0,0.060165808
0,0,0.0033899026
0,0,0.0080474
0,0,0.0030755976
0,0,0.0026495366
0,1,0.73617303
0,0,0.004780432
0,0,0.003179821
0,0,0.036011335
0,0,0.003527162
0,0,0.0027881465
0,0,0.0026231548
0,0,0.0500959
0,0,0.03877029
0,0,0.010417227
0,0,0.035023987
0,0,0.05009572
0,0,0.0021675
0,0,0.00772975
0,0,0.0021670093
0,0,0.002559731
0,0,0.0039571873
0,1,0.5772744
0,0,0.0034242333
0,0,0.002966589
0,0,0.029606933
0,0,0.08111859
0,0,0.0032061492
0,0,0.049294017
0,0,0.0032809302
0,0,0.36304608
0,1,0.71704954
0,0,0.0028748491
0,0,0.0030155804
0,0,0.17431165
0,0,0.35751417
0,0,0.0029575033
0,0,0.14467448
0,0,0.0037880696
0,0,0.002790596
0,0,0.020110635
0,0,0.008678661
0,0,0.0032864688
0,0,0.0048937793
0,0,0.0027179695
0,0,0.0023903935
0,0,0.009851796
0,0,0.0063936836
0,0,0.019846072
0,0,0.0036347138
0,0,0.004100854
0,0,0.0027844405
0,0,0.0024932865
0,0,0.0032944807
0,0,0.017994445
0,0,0.010209402
0,0,0.34836254
0,0,0.002226945
0,0,0.002216163
0,0,0.0019905127
0,0,0.18756399
0,0,0.009796329
0,0,0.011286935
0,0,0.004306146
0,0,0.0021880546
0,0,0.004380417
0,0,0.0040718154
0,0,0.15303999
0,0,0.0023453818
0,0,0.006161329
0,0,0.0060545146
0,0,0.03461439
0,0,0.015482884
0,0,0.005302086
0,0,0.0038413247
0,0,0.013165351
0,0,0.21150033
0,0,0.06429551
0,0,0.017746987
0,0,0.0051471116
0,0,0.0073044794
0,0,0.009526732
0,0,0.0027265497
0,0,0.0030517017
0,0,0.007481328
0,0,0.0070626047
0,0,0.44199854
0,0,0.009445449
0,0,0.018859219
0,0,0.0028680023
0,0,0.0021448978
0,0,0.0044783307
0,0,0.0034675105
0,0,0.028709114
0,0,0.0054416386
0,0,0.09211063
0,0,0.07885412
0,0,0.098797224
0,0,0.007512487
0,0,0.004502253
0,0,0.002508924
0,0,0.02034096
0,0,0.002280542
0,0,0.0029825764
0,0,0.015428722
0,0,0.0028588998
0,0,0.1720669
0,0,0.0032976982
0,0,0.0076049664
0,0,0.002565585
0,0,0.09373279
0,0,0.03518542
0,0,0.002829778
0,0,0.004186337
0,0,0.016068816
0,0,0.0046558
0,0,0.0031951442
0,0,0.002376693
0,0,0.01613627
0,0,0.00221486
0,0,0.13874994
0,0,0.013558781
0,0,0.0055709104
0,0,0.0034017055
0,0,0.0040259203
0,0,0.023767566
0,0,0.004059031
0,0,0.022717409
0,0,0.49986652
0,0,0.0021534162
0,0,0.005934112
0,1,0.86462677
0,0,0.002796627
0,0,0.1652169
0,0,0.0039080535
0,0,0.0025093812
0,0,0.011572726
0,0,0.012275217
0,0,0.002434125
0,0,0.07087932
0,0,0.018460192
0,0,0.0019974187
0,0,0.0056127775
0,0,0.0053394786
0,0,0.004075263
0,0,0.003792879
0,0,0.04371862
0,0,0.0028191067
0,0,0.029461624
0,0,0.0023285865
0,0,0.0043405746
0,0,0.009113266
0,0,0.0033958086
0,0,0.0019600715
0,0,0.0022083847
0,0,0.011806821
0,0,0.0372098
0,0,0.0029482727
0,0,0.0023722122
0,0,0.0030169066
0,0,0.0026393572
0,0,0.0023217197
0,0,0.005785151
0,0,0.0054929275
0,0,0.0086873
0,0,0.002304042
0,0,0.45010674
0,0,0.060193185
0,0,0.03935697
0,0,0.004770466
0,0,0.0030249043
0,0,0.10771136
0,0,0.25359532
0,0,0.0029636528
0,0,0.004437589
0,0,0.0025272018
0,0,0.002932911
0,0,0.27546832
0,0,0.0027943684
0,0,0.0054585496
0,0,0.01965616
0,0,0.0022749482
0,0,0.0044932556
0,0,0.0066922735
0,0,0.009210266
0,0,0.0034222892
0,0,0.042466026
0,0,0.010242954
0,0,0.0038208666
0,0,0.17798865
0,0,0.012865733
0,0,0.016845357
0,0,0.0048353076
0,0,0.33166224
0,0,0.014108865
0,0,0.0046097077
0,0,0.011730342
0,0,0.0039117346
0,0,0.13686629
0,0,0.43185344
0,0,0.003782138
0,0,0.005619408
0,0,0.0041758697
0,0,0.001970431
0,0,0.00288434
0,0,0.0019892144
0,0,0.017803881
0,0,0.002042373
0,0,0.0241402
0,0,0.048455097
0,0,0.0033154797
0,0,0.0026838712
0,0,0.07685376
0,0,0.00789842
0,0,0.002148162
0,0,0.0026098548
0,0,0.007515224
0,0,0.009429238
0,0,0.0025662698
0,0,0.022628905
0,0,0.006770113
0,0,0.0032509689
0,0,0.0033951532
0,0,0.0030858668
0,0,0.004713734
0,0,0.008717654
0,0,0.005512169
0,0,0.0046002697
0,0,0.005266925
0,0,0.00217166
0,0,0.008976822
0,0,0.0032583661
0,0,0.0027542098
0,0,0.005220324
0,0,0.008614383
0,0,0.003851977
0,0,0.050541442
0,0,0.0210117
0,0,0.025573287
0,0,0.004185578
0,0,0.022854969
0,0,0.0034403738
0,1,0.92325926
0,0,0.0027193332
0,0,0.004138151
0,0,0.0025381686
0,0,0.0067728716
0,0,0.034850016
0,0,0.0021333892
0,0,0.0037663602
0,0,0.0036352891
0,0,0.018020717
0,0,0.008433344
0,0,0.005333497
0,0,0.005672073
0,0,0.004511996
0,0,0.011689363
0,0,0.01640447
0,0,0.0036942654
0,0,0.13169022
0,0,0.048760492
0,0,0.002348003
0,0,0.002123524
0,0,0.045179922
0,0,0.0036400778
0,0,0.010673593
0,0,0.002185142
0,0,0.0028875044
0,0,0.0061719744
0,0,0.0034566198
0,0,0.007092851
0,0,0.0065531977
0,0,0.007965401
0,0,0.0025935732
0,0,0.0049166465
0,0,0.007870986
0,0,0.010453059
0,0,0.0033224248
0,0,0.010164342
0,0,0.029402643
0,0,0.009995874
0,0,0.0032072314
0,0,0.0030956164
0,0,0.0024234382
0,1,0.73168516
0,0,0.003702529
0,0,0.0025930502
0,0,0.0034345665
0,0,0.006413705
0,0,0.010989876
0,0,0.020169599
0,0,0.0048365127
0,0,0.004949221
0,0,0.005701342
0,0,0.0097458195
0,0,0.01657774
0,0,0.008357731
0,0,0.0031515188
0,0,0.01281874
0,0,0.03137005
0,0,0.00410166
0,0,0.007627997
0,0,0.005366912
0,0,0.0026571127
0,0,0.0022605504
0,0,0.31734878
0,0,0.018327793
0,0,0.012738597
0,0,0.028784333
0,0,0.010840561
0,0,0.00453084
0,0,0.03299258
0,0,0.0063012075
0,0,0.014236477
0,0,0.0071245856
0,0,0.003025832
0,0,0.002556537
0,0,0.0034021481
0,0,0.20025063
0,0,0.009215219
0,0,0.012803935
0,0,0.0029080012
0,0,0.0028990512
0,0,0.02748045
0,0,0.004460009
0,0,0.051036734
0,0,0.0028945599
0,0,0.01008472
0,0,0.0031482622
0,0,0.002482676
0,0,0.0024508447
0,0,0.0022383267
0,1,0.82086843
0,0,0.0038673186
0,0,0.0027462319
0,0,0.003325897
0,0,0.003864237
0,0,0.0022754062
0,0,0.0043394426
0,0,0.0029926952
0,0,0.010983954
0,0,0.0034506952
0,0,0.002326611
0,0,0.0039465805
0,0,0.0033500176
0,0,0.0049986825
0,0,0.124637954
0,0,0.09389176
0,0,0.022085462
0,0,0.0021001047
0,0,0.003456017
0,0,0.0038966364
0,0,0.012326785
0,0,0.06400457
0,0,0.0027873868
0,0,0.00235958
0,0,0.06209993
0,0,0.0036535785
0,0,0.0041308478
0,0,0.009841223
0,0,0.048329316
0,0,0.014521712
0,0,0.007974464
0,0,0.09158716
0,0,0.002370826
0,0,0.004054658
0,0,0.002556102
0,0,0.011096716
0,0,0.003538148
0,0,0.0039113145
0,0,0.005120291
0,0,0.0027079424
0,0,0.0027354406
0,0,0.008401653
0,0,0.0044952803
0,0,0.0080883615
0,0,0.002606534
0,0,0.0026617963
0,0,0.005106645
0,0,0.01922602
0,0,0.005130004
0,0,0.0032069467
0,0,0.0023944948
0,0,0.009427037
0,0,0.0031878927
0,0,0.013271239
0,0,0.0023627563
0,0,0.0020201444
0,0,0.0028398714
0,0,0.007836898
0,0,0.0086943945
0,0,0.010612964
0,0,0.04814529
0,0,0.022459272
0,0,0.0026915274
0,0,0.003042139
0,0,0.0026205375
0,0,0.004311448
0,0,0.0024383408
0,0,0.0024240399
0,0,0.011538196
0,0,0.005736259
0,1,0.5798921
0,0,0.013274961
0,0,0.0070835277
0,0,0.0050653736
0,0,0.008917817
0,0,0.08918405
0,0,0.0036456997
0,0,0.014825651
0,0,0.0036739032
0,0,0.0023288268
0,0,0.0027349035
0,0,0.004595957
0,0,0.005060553
0,0,0.010742442
0,0,0.015816938
0,0,0.12236232
0,0,0.0028320153
0,0,0.0025127477
0,0,0.008852739
0,0,0.015077059
1,1,0.97280204
1,1,0.97697246
1,1,0.98090357
1,1,0.9920473
1,1,0.9942675
1,1,0.9279149
1,1,0.9750666
1,1,0.9921835
1,1,0.9792285
1,1,0.9934162
1,1,0.99511635
1,1,0.9878137
1,1,0.98816895
1,1,0.9842382
1,1,0.9618547
1,1,0.99261755
1,1,0.9873111
1,1,0.9713887
1,1,0.9947255
1,1,0.7638483
1,1,0.98577756
1,1,0.98390096
1,1,0.92510396
1,1,0.9934981
1,1,0.995122
1,1,0.99414515
1,1,0.99350995
1,1,0.98819846
1,1,0.96859545
1,1,0.99318075
1,1,0.97625107
1,1,0.9869298
1,1,0.9822463
1,1,0.9407548
1,1,0.96217
1,1,0.99282515
1,1,0.9901029
1,1,0.98174345
1,1,0.9931706
1,1,0.9865479
1,1,0.9798814
1,1,0.9932052
1,1,0.98836654
1,1,0.9883278
1,1,0.95555747
1,1,0.98002416
1,1,0.9927953
1,1,0.98964906
1,1,0.9752006
1,1,0.9919958
1,1,0.9617224
1,1,0.99321836
1,1,0.995729
1,1,0.99133366
1,1,0.992417
1,1,0.98244125
1,1,0.9861979
1,1,0.99566525
1,1,0.9464025
1,1,0.99182254
1,1,0.9913641
1,1,0.9745067
1,1,0.99371994
1,1,0.99159205
1,1,0.97371805
1,1,0.9854643
1,1,0.98695976
1,1,0.99482346
1,1,0.73204136
1,1,0.96485585
1,1,0.99360657
1,1,0.9849435
1,1,0.99509025
1,1,0.96722066
1,1,0.9887072
1,1,0.9938257
1,1,0.9933263
1,1,0.97276276
1,1,0.9584447
1,1,0.9815369
1,1,0.9913539
1,1,0.96778727
1,1,0.9870977
1,1,0.5930686
1,1,0.99514043
1,1,0.97522676
1,1,0.9297375
1,1,0.9876574
1,1,0.9651581
1,1,0.9862368
1,1,0.959813
1,1,0.9946195
1,1,0.9922774
1,1,0.9798274
1,1,0.99396837
1,1,0.9804715
1,1,0.9052202
1,0,0.21415125
1,1,0.9879894
1,1,0.9887621
1,1,0.9846079
1,1,0.9741028
1,1,0.9839677
1,1,0.9867401
1,1,0.98404306
1,1,0.95817596
1,1,0.99262637
1,1,0.8141775
1,1,0.9875167
1,1,0.99478996
1,1,0.98459345
1,1,0.9851541
1,1,0.97094786
1,1,0.9945175
1,1,0.9860064
1,1,0.9942094
1,0,0.0707083
1,1,0.9947541
1,1,0.9795689
1,1,0.9946555
1,1,0.56595296
1,1,0.97603774
1,1,0.99152607
1,1,0.79397315
1,1,0.9619682
1,1,0.9935881
1,1,0.9187759
1,1,0.97987765
1,1,0.99432063
1,1,0.9950807
1,1,0.728892
1,1,0.91099846
1,1,0.99073243
1,1,0.99553114
1,1,0.9944654
1,1,0.94088256
1,1,0.98777944
1,1,0.9830201
1,1,0.99598616
1,1,0.99570256
1,1,0.9882505
1,1,0.9957474
1,1,0.98598295
1,1,0.9952194
1,1,0.9655885
1,1,0.9912874
1,1,0.9624804
1,1,0.9948998
1,1,0.9943222
1,1,0.99403197
1,1,0.99223024
1,1,0.92730975
1,1,0.8731863
1,1,0.9609874
1,1,0.98995835
1,1,0.8609961
1,1,0.9733536
1,1,0.9128423
1,1,0.9700504
1,0,0.4699433
1,0,0.2716182
1,1,0.989305
1,1,0.96811557
1,0,0.47073045
1,1,0.9306919
1,1,0.9750563
1,1,0.9867857
1,1,0.9855811
1,1,0.91367614
1,1,0.99491817
1,0,0.3323476
1,1,0.9910815
1,1,0.8676325
1,1,0.95130324
1,1,0.9777269
1,1,0.98141426
1,1,0.9748888
1,1,0.9930078
1,1,0.9529064
1,1,0.98853403
1,0,0.110103436
1,1,0.90955454
1,1,0.9845775
1,1,0.9916785
1,1,0.9946741
1,1,0.9942682
1,1,0.9853865
1,1,0.95226943
1,1,0.97486037
1,1,0.9952058
1,0,0.28188208
1,1,0.8971764
1,1,0.951696
1,1,0.6712433
1,1,0.95978355
1,1,0.99350476
1,1,0.9907575
1,1,0.9931323
1,1,0.99169815
1,1,0.9780115
1,1,0.98571104
1,1,0.9934783
1,1,0.99545234
1,1,0.992407
1,1,0.9722902
1,0,0.09745874
1,1,0.96750957
1,1,0.8517303
1,1,0.9908958
1,1,0.99235743
1,1,0.9882649
1,1,0.9960873
1,1,0.98920804
1,1,0.8432702
1,1,0.9895286
1,1,0.53069884
1,1,0.94561505
1,1,0.988311
1,1,0.99531025
1,1,0.64673924
1,1,0.993294
1,1,0.9785178
1,1,0.9767418
1,1,0.9892173
1,1,0.99546486
1,1,0.965416
1,1,0.989721
1,1,0.9896408
1,1,0.9929675
1,1,0.9909678
1,1,0.9902975
1,1,0.98598087
1,1,0.9931265
1,1,0.9759411
1,1,0.9892369
1,1,0.9874916
1,0,0.30861527
1,0,0.2384566
1,1,0.8632092
1,1,0.9886798
1,1,0.99269027
1,1,0.96864355
1,1,0.9899899
1,1,0.8568853
1,1,0.99026805
1,1,0.97448593
1,1,0.92846286
1,1,0.9915065
1,1,0.9464629
1,1,0.93755275
1,1,0.9913902
1,1,0.94781816
1,1,0.9384992
1,1,0.97736824
1,1,0.98631984
1,1,0.9841993
1,1,0.69173235
1,1,0.98543197
1,1,0.9961344
1,1,0.9770949
1,1,0.99387014
1,1,0.98670584
1,0,0.2743718
1,1,0.98556906
1,1,0.99035925
1,1,0.99413294
1,1,0.9872038
1,1,0.9885988
1,1,0.9939626
1,1,0.9863956
1,1,0.9324321
1,1,0.98752266
1,1,0.9940714
1,1,0.99121326
1,1,0.9007247
1,1,0.9751405
1,1,0.9910529
1,1,0.9891804
1,1,0.9606519
1,1,0.9922637
1,1,0.9528899
1,1,0.98348904
1,1,0.98310107
1,1,0.8120916
1,1,0.9870989
1,1,0.9817685
1,1,0.96167594
1,1,0.99081904
1,1,0.59917825
1,1,0.9697785
1,1,0.792641
1,1,0.94467926
1,1,0.99177015
1,1,0.98865265
1,1,0.99298465
1,1,0.98998266
1,1,0.9874079
1,1,0.99299085
1,1,0.9513711
1,1,0.97492856
1,1,0.9633005
1,1,0.9899165
1,1,0.9948696
1,1,0.9869097
1,1,0.99306536
1,1,0.9849572
1,1,0.74942267
1,1,0.9925095
1,1,0.98833126
1,1,0.97455126
0,0,0.002524148
0,0,0.002514314
0,0,0.0027176153
0,0,0.0026691037
0,0,0.003122173
0,0,0.0030792756
0,0,0.0029981034
0,0,0.003115756
0,0,0.0031207043
0,0,0.015932359
0,0,0.016712975
0,0,0.0032055918
0,0,0.0030398795
0,0,0.003176887
0,0,0.0031457103
0,0,0.017109863
0,0,0.0030368057
0,0,0.0030904426
0,0,0.0030479883
0,0,0.0030343062
0,0,0.003074557
0,0,0.01565411
0,0,0.0026830493
0,0,0.015637966
0,0,0.0026874612
0,0,0.0032161127
0,0,0.0030886242
0,0,0.0030901914
0,0,0.003165317
0,0,0.0029874651
0,0,0.0030607937
0,0,0.003060289
0,0,0.0030398201
0,0,0.0030611488
0,0,0.0031537048
0,0,0.003002544
0,0,0.003078528
0,0,0.0030596824
0,0,0.016064141
0,0,0.017096974
0,0,0.0030741275
0,0,0.0030069377
0,0,0.017907714
0,0,0.003364222
0,0,0.0032083231
0,0,0.003124244
0,0,0.01591951
0,0,0.0031309417
0,0,0.015698925
0,0,0.016679268
0,0,0.0030875336
0,0,0.0030829257
0,0,0.017640647
0,0,0.0026848135
0,0,0.0031151876
0,0,0.0031278073
0,0,0.018117875
0,0,0.0030910834
0,0,0.017612416
0,0,0.0031012844
0,0,0.0030491957
0,0,0.0031318557
0,0,0.0030673745
0,0,0.0056464984
0,0,0.004113231
0,0,0.005004378
0,0,0.010678393
0,0,0.0050205016
0,0,0.0037585513
0,0,0.013515558
0,0,0.005684306
0,0,0.0039118608
0,0,0.033467244
0,0,0.0023134968
0,0,0.010865198
0,0,0.0035530122
0,0,0.012154731
0,0,0.0046258415
0,0,0.009903743
0,0,0.00813229
0,0,0.013518546
0,0,0.014060149
0,0,0.05333459
0,0,0.020790635
0,0,0.0045198374
0,0,0.0042364122
0,0,0.016454093
0,0,0.02092231
0,0,0.0056706746
0,0,0.0057552187
0,0,0.061892625
0,0,0.0040760315
0,0,0.023804802
0,0,0.004751077
0,0,0.0026699493
0,0,0.0038076837
0,0,0.0026619292
0,0,0.039026756
0,0,0.0036879089
0,0,0.022846548
0,0,0.004937217
0,0,0.018994607
0,0,0.0054458794
0,0,0.010060325
0,0,0.008573022
0,0,0.0050848955
0,0,0.009372297
0,0,0.11022095
0,0,0.006609335
0,0,0.0070678266
0,0,0.0034737412
0,0,0.020300189
0,0,0.0028461302
0,0,0.0026510037
0,0,0.002561972
0,0,0.0028645233
0,0,0.0041313423
0,0,0.020232731
0,0,0.008145712
0,0,0.007872848
0,0,0.0055490145
0,0,0.0074416175
0,0,0.009045168
0,0,0.023719335
0,0,0.021492591
0,0,0.005686827
0,0,0.008639602
0,0,0.006305876
0,0,0.013360402
0,0,0.009330384
0,0,0.0147222625
0,0,0.0032428687
0,0,0.0870044
0,0,0.008626189
0,0,0.002364508
0,0,0.0044621015
0,0,0.02840346
0,0,0.009848154
0,0,0.009205624
0,0,0.0032045727
0,0,0.016099889
0,0,0.0030309055
0,0,0.41200337
0,0,0.021920241
0,0,0.0052572023
0,0,0.0050856383
0,0,0.09802325
0,0,0.009439226
0,0,0.003087249
0,0,0.0040161144
0,1,0.71026
0,0,0.02974948
0,0,0.03150696
0,0,0.006162429
0,0,0.0023544873
0,0,0.007520732
0,0,0.015602817
0,0,0.016455028
0,0,0.011015893
0,0,0.0036654829
0,0,0.0023783818
0,0,0.0031749383
0,0,0.013312879
0,0,0.00328901
0,0,0.044895124
0,0,0.010430507
0,0,0.005852629
0,0,0.0031062446
0,0,0.028081205
0,0,0.040035233
0,0,0.0789514
0,0,0.0043088044
0,0,0.011904337
0,0,0.19509302
0,0,0.0024848862
0,0,0.0067325425
0,0,0.15553856
0,0,0.0022894596
0,0,0.004037491
0,0,0.028701799
0,0,0.019256525
0,0,0.00439543
0,0,0.014454765
0,0,0.050121453
0,0,0.0075685754
0,0,0.025844384
0,0,0.008866823
0,0,0.007800768
0,0,0.0030251932
0,0,0.029622538
0,0,0.054596093
0,0,0.0071905265
0,0,0.02234286
0,0,0.008711553
0,0,0.0060048536
0,0,0.053970598
0,0,0.006557505
0,0,0.02656763
0,0,0.002428756
0,0,0.005965399
0,0,0.030504037
0,1,0.91548157
0,0,0.0038039447
0,0,0.006047009
0,0,0.007482957
0,0,0.0041871457
0,0,0.0041795773
0,0,0.055903208
0,0,0.006173674
0,0,0.023908975
0,0,0.0030846775
0,0,0.0029179635
0,0,0.0029802674
0,0,0.002926445
0,0,0.0030970091
0,0,0.018917844
0,0,0.0030599586
0,0,0.0030350292
0,0,0.002550245
0,0,0.0025064456
0,0,0.0030475568
0,0,0.002810105
0,0,0.0029798523
0,0,0.0029747272
0,0,0.0024773085
0,0,0.0030057905
0,0,0.0029534313
0,0,0.0030634082
0,0,0.003003132
0,0,0.0029669886
0,0,0.003008325
0,0,0.0029968969
0,0,0.002932936
0,0,0.003110518
0,0,0.0032307995
0,0,0.0026267674
0,0,0.0030605814
0,0,0.0029907748
0,0,0.0029276418
0,0,0.019532846
0,0,0.0031312632
0,0,0.0029631022
0,0,0.0029359972
0,0,0.0029068277
0,0,0.0029646885
0,0,0.0030686462
0,0,0.0030506023
0,0,0.0027523467
0,0,0.0035567584
0,0,0.0029779898
0,0,0.0028777292
0,0,0.0029098168
0,0,0.003079406
0,0,0.0029070238
0,0,0.0031285107
0,0,0.0029041627
0,0,0.0029701653
0,0,0.003040638
0,0,0.0030404779
0,0,0.0028963399
0,0,0.0029322042
0,0,0.0029232204
0,0,0.0029139759
0,0,0.0028604742
0,0,0.0028984586
0,0,0.017981881
0,0,0.0028701578
0,0,0.0029434466
0,0,0.0026431433
0,0,0.003082149
0,0,0.0030841273
0,0,0.0028909415
0,0,0.0029368764
0,0,0.0026217487
0,0,0.0026099489
0,0,0.0029500914
0,0,0.0026178476
0,0,0.003009704
0,0,0.002588255
0,0,0.0030949544
0,0,0.0026247695
0,0,0.0029756918
0,0,0.002997143
0,0,0.0025334395
0,0,0.018403672
0,0,0.0033528826
0,0,0.0026050454
0,0,0.0025900898
0,0,0.0025540458
0,0,0.0030023528
0,0,0.0025650302
0,0,0.0029244898
0,0,0.002595839
0,0,0.0030350059
0,0,0.0026035518
0,0,0.01909265
0,0,0.0030357419
1,1,0.90191233
1,1,0.95498484
1,1,0.83854675
1,1,0.9934542
1,1,0.9903866
1,1,0.96962756
1,1,0.91883206
1,1,0.9902498
1,1,0.9137568
1,1,0.987955
1,1,0.87096846
1,1,0.991689
1,1,0.991228
1,1,0.9198909
1,1,0.98187894
1,1,0.9941397
1,1,0.9948762
1,1,0.9921327
1,1,0.99307126
1,1,0.92955536
1,1,0.9907646
1,1,0.99495643
1,1,0.89263797
1,1,0.9917794
1,1,0.9847046
1,1,0.99278307
1,1,0.99400973
1,1,0.7934694
1,1,0.97984356
1,1,0.99401397
1,1,0.9902146
1,0,0.038823627
1,1,0.9908379
1,0,0.065545216
1,1,0.98929477
1,1,0.9756276
1,1,0.9821477
1,1,0.8770649
1,1,0.97937006
1,1,0.9947254
1,1,0.98974437
1,1,0.99291396
1,1,0.93538326
1,1,0.9895594
1,1,0.8930293
1,1,0.9959656
1,1,0.9472042
1,1,0.9925035
1,1,0.99393576
1,1,0.96096736
1,1,0.99300814
1,1,0.9805994
1,1,0.9748659
1,1,0.9884744
1,1,0.9903522
1,1,0.98762995
1,1,0.9900619
1,1,0.993133
1,1,0.96279395
1,1,0.9898107
1,1,0.98377913
1,1,0.9634261
1,1,0.9927044
1,1,0.83946884
1,1,0.98400253
1,1,0.95545995
1,1,0.92433804
1,1,0.8847684
1,1,0.9324412
1,1,0.9594206
1,1,0.9908716
1,1,0.87876695
1,1,0.99369013
1,1,0.9766272
1,1,0.8094577
1,1,0.97747886
1,1,0.991872
1,1,0.952134
1,1,0.9945738
1,1,0.96981007
1,1,0.99311864
1,1,0.9909763
1,1,0.9878086
1,0,0.16599682
1,1,0.8973302
1,1,0.96130633
1,1,0.99300015
1,1,0.96346694
1,1,0.78689104
1,1,0.99469334
1,1,0.98971975
1,1,0.9880695
1,1,0.96296734
1,1,0.9909141
1,1,0.98697263
1,1,0.8633904
1,1,0.9740426
1,1,0.99354607
1,1,0.985789
1,1,0.9820873
1,1,0.75054365
1,1,0.9944219
1,1,0.9809641
1,1,0.9915251
1,1,0.9916027
1,1,0.97229314
1,1,0.9671728
1,1,0.9403052
1,1,0.96761024
1,1,0.99339676
1,1,0.98473215
1,1,0.9906686
1,1,0.9925055
1,1,0.9956709
1,1,0.9906709
1,1,0.9754682
1,1,0.990427
1,1,0.9842775
1,1,0.9891717
1,1,0.99251163
1,1,0.94900894
1,1,0.9751915
1,1,0.78352535
1,1,0.84948945
1,1,0.98290515
1,1,0.9806959
1,1,0.9904793
1,1,0.9848691
1,1,0.9625664
1,1,0.9877715
1,1,0.9925654
1,1,0.9647396
1,0,0.17616981
1,1,0.50677544
1,1,0.99391234
1,1,0.9904963
1,1,0.9757829
1,1,0.9832591
1,1,0.9935155
1,1,0.98691803
1,1,0.9900793
1,1,0.8806264
1,1,0.734084
1,1,0.99481875
1,1,0.7308431
1,1,0.9491997
1,1,0.99512583
1,1,0.9829298
1,1,0.9901073
1,1,0.9928336
1,1,0.995449
1,1,0.9909519
1,1,0.9856989
1,1,0.98906416
1,1,0.92786825
1,1,0.9863516
1,1,0.9447599
1,1,0.98997563
1,1,0.9869912
1,1,0.9918173
1,1,0.8904019
1,1,0.9697843
1,1,0.99491996
1,1,0.98027533
1,1,0.9227781
1,1,0.8519628
1,1,0.9495006
1,1,0.9921503
1,1,0.99606603
1,1,0.9872089
1,1,0.9912117
1,1,0.9811974
1,1,0.9810403
1,1,0.9879992
1,1,0.99079645
1,1,0.99262506
1,1,0.96723145
1,1,0.99487585
1,1,0.9926351
1,1,0.99275017
1,1,0.99458647
1,1,0.9944682
1,0,0.48387998
1,1,0.99272037
1,1,0.83329993
1,1,0.99494475
1,1,0.9317543
1,1,0.9566004
1,1,0.98684466
1,1,0.97634083
1,1,0.990419
1,1,0.98142654
1,1,0.9933711
1,1,0.9826606
1,0,0.29818684
1,1,0.9637544
1,1,0.965415
1,1,0.98930967
1,1,0.99077237
1,1,0.9928947
1,1,0.987694
1,1,0.9890919
1,1,0.9901923
1,1,0.97753763
1,1,0.9710154
1,1,0.9724988
1,1,0.9341608
1,1,0.8576147
1,1,0.891371
1,1,0.9642281
1,1,0.94296867
1,1,0.9841914
1,1,0.9507517
1,1,0.99426985
1,1,0.5300005
1,1,0.98771995
1,1,0.98334354
1,1,0.98453856
1,1,0.9809584
1,1,0.9810565
1,1,0.9659561
1,1,0.9759011
1,1,0.8132329
1,0,0.49075013
1,1,0.93700534
1,1,0.9936878
1,1,0.99390465
1,1,0.7713657
1,1,0.9861683
1,1,0.99501365
1,1,0.96049875
1,1,0.98986346
1,1,0.99011934
1,1,0.9837076
1,1,0.99556005
1,1,0.9178935
1,1,0.98478705
1,1,0.98534364
1,1,0.9555706
1,1,0.9501061
1,1,0.88045186
1,1,0.5480991
1,0,0.45799196
1,1,0.99164784
1,1,0.92420954
1,1,0.6134008
1,1,0.9932428
1,1,0.54461247
1,1,0.95117235
1,1,0.9114524
1,1,0.9515676
1,0,0.34604594
1,1,0.9934463
1,1,0.9483232
1,1,0.9919636
1,1,0.98589003
1,1,0.97308177
1,1,0.9893924
1,1,0.9887628
1,1,0.98680645
1,1,0.96950847
1,1,0.9433671
1,1,0.9953874
1,1,0.99411595
1,1,0.9950761
1,1,0.99131995
1,1,0.89886606
1,1,0.99134094
1,1,0.9954367
1,1,0.99161315
1,0,0.40344965
1,1,0.9580538
1,1,0.99330395
1,1,0.83800375
1,1,0.9864856
1,1,0.98672485
1,1,0.99178934
1,1,0.99492633
1,1,0.9908626
1,1,0.9933816
1,1,0.95947576
1,1,0.9864587
1,1,0.97982395
1,1,0.9799367
1,1,0.9729978
1,1,0.99291867
1,1,0.9800322
1,0,0.06523679
1,1,0.9846333
1,1,0.96869266
1,1,0.7422326
1,1,0.9417911
1,1,0.98711616
1,1,0.74237514
1,1,0.9892315
1,0,0.013347573
1,1,0.9835495
1,1,0.98206276
1,1,0.99165267
1,1,0.92476195
1,1,0.9908529
1,1,0.99416614
1,1,0.9726731
1,1,0.9645616
1,1,0.99363846
1,1,0.5131066
1,1,0.9352092
1,1,0.6882073
1,1,0.9430992
1,0,0.4897369
1,1,0.9948544
1,1,0.73835474
1,1,0.9795466
1,1,0.99090004
1,1,0.9906785
1,1,0.9927086
1,1,0.9178935
1,1,0.83499646
1,1,0.99094677
1,1,0.99338865
1,1,0.8567324
1,1,0.98271734
1,1,0.644677
1,1,0.95233506
1,1,0.99482167
1,1,0.9660139
1,1,0.99541277
1,1,0.79322106
1,1,0.9534709
1,1,0.66773957
1,1,0.9794337
1,1,0.92093366
1,1,0.99022627
1,1,0.9905454
1,1,0.9954774
1,1,0.9748029
1,1,0.9962509
1,1,0.988374
1,1,0.9767403
1,1,0.9914272
1,1,0.99543554
1,0,0.39337456
1,1,0.98060924
1,1,0.9362806
1,1,0.5581926
1,1,0.992777
1,1,0.55303335
1,1,0.9051125
1,1,0.8959064
1,1,0.9672732
1,1,0.84928775
1,1,0.9801313
1,1,0.99072707
1,1,0.5040946
1,1,0.9962962
1,0,0.4367256
1,1,0.99515015
1,0,0.1706935
1,1,0.83873165
1,1,0.985427
1,1,0.9288647
1,1,0.9893194
1,1,0.98472875
1,1,0.9915063
1,1,0.9044275
1,1,0.9479764
1,1,0.9270726
1,1,0.9854571
1,1,0.9669163
1,1,0.99359375
1,1,0.93918353
1,1,0.8463517
1,1,0.90673566
1,1,0.9856236
1,1,0.9884658
1,1,0.97879386
1,1,0.99032533
1,1,0.99226874
1,1,0.843549
1,1,0.98937654
1,1,0.99022675
1,1,0.92626
1,1,0.9826415
1,1,0.9911929
1,1,0.9921387
1,1,0.9843252
1,1,0.98584974
1,1,0.98972636
1,0,0.19024713
1,1,0.80961007
1,1,0.9923194
1,0,0.4571924
1,1,0.99147826
1,1,0.9901462
1,1,0.9883278
1,1,0.99595046
1,1,0.9669222
1,1,0.99340147
1,1,0.7247524
1,1,0.76845455
1,1,0.9748906
1,1,0.7403429
1,1,0.94488245
1,1,0.8253709
1,1,0.9529177
1,1,0.55824673
1,1,0.9933154
1,1,0.9769564
1,1,0.9942983
1,1,0.9689738
1,0,0.19907588
1,1,0.99056786
1,1,0.8365673
1,1,0.98153657
1,1,0.9889186
1,1,0.9953832
1,1,0.99368745
1,1,0.99139833
1,1,0.9800657
1,1,0.98577684
1,1,0.9906384
1,0,0.11914077
1,1,0.9835333
1,1,0.9951649
1,1,0.9770418
1,1,0.99355173
1,1,0.9857336
1,1,0.98979414
1,1,0.9956371
1,1,0.9959437
1,1,0.9899338
1,1,0.9832154
1,1,0.9962592
1,1,0.99503195
1,1,0.97636193
1,1,0.9800362
1,1,0.993683
1,1,0.9856769
1,1,0.7738099
1,1,0.79016787
1,1,0.9731876
1,1,0.9886346
1,1,0.9703649
1,1,0.9770867
1,1,0.9865498
1,1,0.9473931
1,1,0.9418069
1,1,0.994875
1,1,0.9896427
1,1,0.99231285
1,1,0.9948408
1,1,0.9763555
1,0,0.27276376
1,1,0.9929535
1,0,0.12452112
1,1,0.95466447
1,1,0.9913611
1,1,0.99437463
1,1,0.9885328
1,0,0.13468073
1,1,0.9696453
1,1,0.99412376
1,1,0.99388427
1,1,0.90936404
1,1,0.7055641
1,1,0.9890354
1,1,0.99393624
1,1,0.99397695
1,0,0.15785348
1,1,0.9712559
1,0,0.42374
1,1,0.9853344
1,1,0.9540907
1,0,0.49360737
1,0,0.49203667
1,1,0.99364763
1,1,0.9938691
1,1,0.99271554
1,1,0.99625814
1,1,0.99314606
1,1,0.9906288
1,1,0.79621285
1,1,0.9687196
1,0,0.046271905
1,1,0.99355894
1,1,0.9932361
1,1,0.9863951
1,1,0.94666505
1,1,0.99236125
1,1,0.99248135
1,1,0.9191486
1,1,0.98740023
1,1,0.9902068
1,1,0.98899883
1,1,0.97742873
1,1,0.960623
1,1,0.9914374
1,1,0.92772394
1,1,0.9778371
1,1,0.98641276
1,1,0.9090483
1,1,0.80234563
1,1,0.99314135
1,1,0.92582554
1,1,0.8775367
1,1,0.99055415
1,1,0.9843784
1,1,0.9816135
1,1,0.98386997
1,1,0.9828183
1,1,0.8669437
1,1,0.9332485
1,1,0.9440183
1,1,0.9907685
1,0,0.11895877
1,1,0.9878208
1,1,0.69650644
1,1,0.9802099
1,1,0.9790846
1,1,0.96858495
1,1,0.5211636
1,1,0.9848898
1,1,0.9885268
1,1,0.989626
1,1,0.9335547
1,1,0.9738225
1,1,0.9886867
1,1,0.81048226
1,1,0.96352136
1,1,0.84237325
1,1,0.9948242
1,1,0.9768356
1,1,0.9954087
1,1,0.6320636
1,1,0.93652016
1,1,0.9924103
1,1,0.61482126
1,0,0.3068084
1,1,0.99166566
1,1,0.98271126
1,1,0.9896315
1,1,0.9642505
1,0,0.03350358
1,1,0.9933849
1,1,0.961647
1,1,0.96571165
1,1,0.9825017
1,1,0.92313284
1,1,0.7908031
1,1,0.9926075
1,1,0.9595122
1,1,0.97107905
1,1,0.98905504
1,1,0.99501896
1,1,0.96097255
1,1,0.97858024
1,1,0.98874474
1,1,0.50605124
1,1,0.9814632
1,1,0.99024194
1,1,0.98929954
1,1,0.9943077
1,1,0.98452824
1,0,0.43293816
1,1,0.9889031
1,1,0.97929686
1,1,0.9939826
1,1,0.88819647
1,1,0.8981033
1,1,0.98874146
1,1,0.7412043
1,1,0.99275726
1,1,0.97202116
1,1,0.98019123
1,1,0.9954181
1,1,0.9912246
1,1,0.99243224
1,1,0.9942187
1,1,0.99401927
1,1,0.9766154
1,1,0.9522013
1,1,0.7850832
1,1,0.9941282
1,1,0.84462786
1,1,0.99191976
1,1,0.98944086
1,1,0.9012618
1,1,0.99538016
1,1,0.9951402
1,1,0.89241624
1,1,0.55723685
1,1,0.9640089
1,1,0.938901
1,1,0.76079136
1,1,0.9941195
1,1,0.9609297
1,1,0.9036279
1,1,0.9728204
1,1,0.99295115
1,1,0.9637513
1,1,0.7534384
1,1,0.970517
1,0,0.24290371
1,1,0.98747826
1,1,0.95537925
1,1,0.9927931
1,1,0.9934847
1,1,0.99165195
1,1,0.9676609
1,1,0.9877152
1,1,0.9796101
1,1,0.96733963
1,1,0.99433494
1,1,0.9942082
1,1,0.9350788
1,1,0.9841134
1,1,0.9905592
1,1,0.99113363
1,0,0.48262843
1,1,0.7810587
1,1,0.52987605
1,1,0.99526936
1,1,0.9506697
1,1,0.9900917
1,1,0.9939925
1,1,0.993317
1,1,0.99332136
1,1,0.8693755
1,0,0.12244305
1,1,0.9926801
1,1,0.98491585
1,1,0.985224
1,1,0.9958009
1,1,0.9764797
1,1,0.9680305
1,1,0.99357116
1,1,0.9753686
1,1,0.9826026
1,1,0.6569612
1,1,0.9956328
1,0,0.49491036
1,1,0.99318707
1,0,0.31551823
1,1,0.94881743
1,0,0.44653684
1,1,0.9850321
1,1,0.9946188
1,1,0.9930715
1,1,0.935753
1,1,0.9907045
1,1,0.9653876
1,1,0.96839017
1,1,0.98955196
1,1,0.9459894
1,1,0.991784
1,1,0.9898818
1,1,0.98858416
1,1,0.98958886
1,1,0.9866763
1,1,0.99281824
1,1,0.98510724
1,1,0.9896492
1,1,0.984937
1,1,0.9829807
1,1,0.99237
1,0,0.014426975
1,1,0.9703592
1,1,0.9942159
1,1,0.9840357
1,0,0.19827223
1,1,0.987151
1,1,0.99133575
1,1,0.9902306
1,1,0.9762996
1,1,0.63316566
1,1,0.95836705
1,1,0.9892663
1,1,0.9708409
1,1,0.9880034
1,1,0.97357666
1,1,0.99318814
1,1,0.5536076
1,1,0.9951473
1,1,0.99637634
1,1,0.7709447
1,1,0.9576559
1,1,0.99211556
1,1,0.6914312
1,1,0.9473082
1,1,0.9928364
1,1,0.9922792
1,1,0.9803436
1,1,0.9926258
1,1,0.9082395
1,1,0.98478574
1,1,0.98458993
1,1,0.9818139
1,1,0.98406607
1,1,0.9253024
1,1,0.7340187
1,1,0.9901571
1,1,0.9684949
1,1,0.99030954
1,1,0.99566513
1,1,0.9836007
1,1,0.99346983
1,1,0.96113497
1,1,0.995458
1,1,0.9517724
1,1,0.9769628
1,1,0.98078877
1,1,0.9954287
1,0,0.14539094
1,1,0.99116534
1,1,0.97732544
1,0,0.19492757
1,1,0.9952644
1,1,0.98950887
1,1,0.9901995
1,1,0.9887178
1,1,0.94885296
1,1,0.99363446
1,1,0.9948802
1,1,0.98323315
1,1,0.99236214
1,1,0.9184718
1,1,0.99288213
1,1,0.9915393
1,1,0.9214973
1,1,0.96609247
1,1,0.9175513
1,1,0.9573864
1,1,0.63007927
1,1,0.7534384
1,1,0.99007493
1,1,0.9957896
1,1,0.990998
1,1,0.6675168
1,1,0.9816062
1,1,0.9797069
1,1,0.9939575
1,1,0.98812556
1,1,0.94670457
1,1,0.9653481
1,1,0.9915378
1,1,0.98209536
1,1,0.99298894
1,1,0.98903906
1,1,0.8521998
1,1,0.9933056
1,1,0.99480444
1,1,0.9945188
1,1,0.6364791
1,1,0.9900804
1,1,0.99213696
1,1,0.99388653
1,1,0.8293415
1,1,0.9749913
1,1,0.98229444
1,1,0.85663784
1,1,0.95913476
1,1,0.9842896
1,0,0.20210257
1,1,0.9849651
0,0,0.0020616287
0,0,0.08224167
0,0,0.002375643
0,0,0.0070408755
0,0,0.002096506
0,0,0.114283256
0,1,0.7215139
0,0,0.0028045413
0,0,0.021855861
0,0,0.004662615
0,0,0.033356976
0,0,0.043125354
0,0,0.002046304
0,0,0.16457826
0,0,0.0021805426
0,0,0.0026257269
0,0,0.0057211146
0,0,0.024486737
0,0,0.003204559
0,0,0.03930898
0,0,0.005432366
0,0,0.004391698
0,0,0.0043817298
0,0,0.0028193456
0,0,0.002082391
0,0,0.00224695
0,0,0.013436015
0,0,0.021777524
0,0,0.061808374
0,0,0.00209663
0,0,0.07523231
0,0,0.0047760294
0,0,0.13259298
0,0,0.0021268174
0,0,0.0019619258
0,0,0.008329278
0,0,0.0021517067
0,0,0.0021094077
0,0,0.0019363527
0,0,0.08198912
0,0,0.0025860856
0,0,0.0019620266
0,0,0.012065892
0,0,0.048471782
0,0,0.0026002713
0,0,0.019841185
0,0,0.0025648298
0,0,0.0024153567
0,0,0.0024152237
0,0,0.002479461
0,0,0.0030037805
0,0,0.030034825
0,0,0.0047391504
0,0,0.011836115
0,0,0.0073550427
0,0,0.20665143
0,0,0.27118978
0,0,0.003032828
0,0,0.0038691612
0,0,0.0023324902
0,0,0.1720973
0,0,0.0022496562
0,0,0.0050064116
0,0,0.032231983
0,0,0.017045006
0,0,0.013524468
0,0,0.009319328
0,0,0.005850255
0,0,0.0027229178
0,0,0.0021283906
0,0,0.0033195142
0,0,0.0026734294
0,0,0.015027023
0,0,0.0067074103
0,0,0.003959986
0,1,0.9694464
0,0,0.0027056271
0,0,0.006968829
0,0,0.0028333983
0,0,0.010982275
0,0,0.002549681
0,0,0.0024069427
0,0,0.015559569
0,0,0.02367217
0,0,0.0048972866
0,0,0.0053605395
0,0,0.0025944973
0,0,0.0043336535
0,0,0.0028947406
0,0,0.0020934308
0,0,0.016491616
0,0,0.042636726
0,0,0.0021039746
0,0,0.011045252
0,0,0.004262598
0,1,0.71121824
0,0,0.0020357303
0,0,0.0027553418
0,0,0.0038718581
0,0,0.0069214553
0,0,0.0024859868
0,0,0.013112538
0,0,0.10166699
0,0,0.002380299
0,0,0.0071550347
0,0,0.0020019934
0,0,0.0025989176
0,0,0.001989419
0,0,0.0022006154
0,0,0.010042494
0,0,0.003635004
0,0,0.0047543603
0,0,0.0033082596
0,0,0.002614323
0,0,0.043555025
0,0,0.0035300679
0,0,0.0637661
0,0,0.002437216
0,0,0.041799676
0,0,0.0025964528
0,0,0.005715405
0,0,0.0053380714
0,0,0.004691854
0,0,0.3445564
0,0,0.0023085526
0,0,0.028493945
0,0,0.0021373609
0,0,0.005097689
0,0,0.060659137
0,0,0.0035193127
0,0,0.002969029
0,0,0.013767277
0,0,0.0022803023
0,0,0.02341067
0,0,0.061587393
0,0,0.004185367
0,0,0.0038812584
0,0,0.006299023
0,0,0.002363495
0,0,0.050790444
0,0,0.007365372
0,0,0.006059747
0,0,0.062692665
0,0,0.04471875
0,0,0.0065004225
0,0,0.0060545714
0,0,0.050854567
0,0,0.0074847136
0,0,0.0042042756
0,0,0.0057922914
0,0,0.036725637
0,0,0.019070974
0,0,0.026219789
0,0,0.0020651822
0,0,0.0035720584
0,0,0.0115649225
0,0,0.005173868
0,0,0.002528824
0,0,0.004292486
0,0,0.0021686917
0,0,0.002675753
0,0,0.0019625197
0,0,0.028913017
0,0,0.0024700793
0,0,0.0030047656
0,0,0.0036423544
0,0,0.0028688314
0,0,0.0025007986
0,0,0.017773231
0,0,0.0031536482
0,1,0.8821603
0,0,0.0071978415
0,0,0.0126009695
0,0,0.014651706
0,0,0.039851874
0,0,0.0025818273
0,0,0.0088955
0,0,0.0040176897
0,0,0.0051254258
0,0,0.0032366833
0,0,0.08904333
0,0,0.0019674317
0,0,0.0077969786
0,0,0.0023412067
0,0,0.0029703605
0,0,0.0023906878
0,0,0.0022260011
0,0,0.009884017
0,0,0.002657055
0,0,0.0023729268
0,0,0.0023542473
0,0,0.011382323
0,0,0.034760658
0,0,0.002579034
0,0,0.002124935
0,0,0.042257775
0,0,0.050227467
0,0,0.0024689424
0,0,0.002673395
0,0,0.002347915
0,0,0.003923394
0,0,0.031867534
0,0,0.06593953
0,1,0.75205743
0,0,0.003837867
0,1,0.62914413
0,0,0.008119768
0,0,0.0023694106
0,0,0.003218021
0,0,0.2701048
0,0,0.0037465205
0,0,0.3294913
0,0,0.02059116
0,0,0.0034171396
0,0,0.0024319028
0,0,0.0024657885
0,0,0.0029134024
0,0,0.0051811626
0,0,0.015152443
0,0,0.0054938262
0,0,0.016951077
0,0,0.017633433
0,0,0.002016356
0,0,0.002389841
0,0,0.0021514336
0,0,0.024781732
0,0,0.023441028
0,1,0.5921693
0,0,0.032026447
0,0,0.011180671
0,0,0.040865354
0,0,0.05744281
0,0,0.005974111
0,0,0.0023978667
0,0,0.0030625479
0,0,0.02159201
0,0,0.2759899
0,0,0.017476177
0,0,0.0043546436
0,0,0.0031555528
0,0,0.0034905653
0,0,0.005208459
0,0,0.005468087
0,0,0.0034777531
0,0,0.0061500855
0,0,0.006142932
0,0,0.0028720815
0,0,0.0021346656
0,0,0.3284225
1,1,0.9891695
1,1,0.9875782
1,1,0.95728475
1,1,0.98752147
1,1,0.97393733
1,1,0.98680764
1,1,0.96210235
1,1,0.937073
1,1,0.9845451
1,1,0.9400151
1,1,0.98827565
1,1,0.9931716
1,1,0.8301254
1,1,0.9862557
1,1,0.99019545
1,1,0.89337575
1,1,0.9787689
1,1,0.9735119
1,1,0.9360631
1,1,0.65900815
1,1,0.9909305
1,1,0.9839782
1,1,0.9848838
1,1,0.981184
1,1,0.9908698
1,1,0.5273482
1,1,0.73766536
1,1,0.99103504
1,1,0.98504794
1,1,0.9914153
1,1,0.98759836
1,1,0.9027338
1,1,0.91808623
1,1,0.98380464
1,1,0.9851864
1,1,0.98589236
1,1,0.90010685
1,1,0.9395028
1,1,0.97724766
1,1,0.9923267
1,0,0.36171532
1,1,0.9899273
1,1,0.9862238
1,1,0.9830111
1,1,0.99018365
1,1,0.9877216
1,1,0.9478907
1,1,0.9943658
1,1,0.97633535
1,1,0.7873037
1,1,0.9879908
1,1,0.6810359
1,1,0.78315365
1,1,0.9610102
1,1,0.96099865
1,1,0.9819651
1,1,0.9750668
1,1,0.8028364
1,1,0.9857578
1,1,0.9295061
1,1,0.9809775
1,1,0.99444073
1,1,0.99210805
1,1,0.9861135
1,1,0.97088593
1,1,0.99328125
1,0,0.12965275
1,1,0.9129485
1,1,0.994021
1,1,0.98087996
1,1,0.89486694
1,1,0.9884636
1,1,0.9705935
1,1,0.9671948
1,1,0.97449714
1,1,0.9892981
1,0,0.41337708
1,1,0.98656034
1,1,0.9827408
1,1,0.9408908
1,1,0.9789869
1,1,0.9794095
1,1,0.98246795
1,1,0.97611123
1,1,0.9654129
1,1,0.9851598
1,1,0.9911396
1,1,0.97203237
1,1,0.9738371
1,0,0.091631755
1,1,0.991154
1,1,0.8965698
1,1,0.9794153
1,1,0.9640457
1,1,0.82554454
1,1,0.9940632
1,1,0.9852894
1,1,0.9885106
1,1,0.98544806
1,1,0.98821425
1,1,0.9576382
1,1,0.9853537
1,1,0.9736259
1,1,0.83294034
1,1,0.947939
1,1,0.9840636
1,1,0.9901833
1,1,0.76132905
1,1,0.9813153
1,1,0.9891679
1,1,0.98510426
1,1,0.9616352
1,1,0.97157246
1,1,0.9956326
1,1,0.89146554
1,1,0.9824776
1,1,0.9859481
1,1,0.94110256
1,1,0.962089
1,1,0.9684969
1,1,0.8663645
1,1,0.9960205
1,1,0.9773237
1,0,0.08497754
1,1,0.99245197
1,1,0.9897071
1,1,0.9863359
1,1,0.99458104
1,1,0.9376458
1,1,0.9783797
1,1,0.92378914
1,1,0.9929007
1,1,0.99246997
1,1,0.9599696
1,1,0.9665248
1,1,0.9951964
1,1,0.9929015
1,1,0.9959643
1,1,0.9960944
1,1,0.9885816
1,1,0.81152904
1,1,0.99038005
1,1,0.99535626
1,1,0.992136
1,1,0.9829206
1,1,0.53091395
1,1,0.9324329
1,1,0.9654944
1,1,0.99248964
1,1,0.99611807
1,1,0.9523288
1,1,0.9923133
1,1,0.9914852
1,1,0.993509
1,1,0.9951755
1,1,0.9740165
1,1,0.9958385
1,1,0.93261737
1,1,0.99428505
1,0,0.14603107
1,1,0.9959914
1,1,0.99555993
1,1,0.9954401
1,1,0.9736399
1,1,0.9709698
1,1,0.99603623
1,1,0.98867804
1,1,0.9961299
1,1,0.85889083
1,0,0.35701337
1,1,0.7479291
1,1,0.9157794
1,1,0.52216655
1,1,0.9574196
1,1,0.9132551
1,1,0.8733381
1,1,0.9735537
1,1,0.8026846
1,1,0.8148551
1,1,0.97653234
1,1,0.9862396
1,0,0.24019738
1,1,0.9482911
1,1,0.9964839
1,1,0.97367644
1,1,0.98031807
1,1,0.9810827
1,1,0.9706214
1,1,0.9802449
1,1,0.97595435
1,1,0.9696294
1,1,0.9789482
1,1,0.9920901
1,0,0.047416933
1,1,0.9964252
1,1,0.99134046
1,0,0.44304729
1,1,0.9859908
1,1,0.6331961
1,1,0.8860077
1,1,0.98806804
1,1,0.9804227
1,1,0.987409
1,1,0.95479876
1,1,0.9894336
1,1,0.9951119
1,1,0.97191703
1,1,0.98100466
1,1,0.99449855
1,1,0.97862
1,1,0.9901725
1,1,0.9936792
1,1,0.88613796
1,1,0.8196875
1,1,0.99055594
1,1,0.9644283
1,1,0.982935
1,1,0.95601684
1,1,0.88260293
1,1,0.9955616
1,1,0.9926098
1,1,0.9924252
1,1,0.9932521
1,1,0.9927671
1,1,0.99131936
1,1,0.9966534
1,1,0.99229866
1,1,0.9935673
1,1,0.91696566
1,1,0.92784256
1,1,0.9621081
1,1,0.8736031
1,1,0.98339164
1,1,0.992896
1,1,0.9927295
1,1,0.99322176
1,1,0.9829321
1,1,0.9775339
1,1,0.99637896
1,1,0.9930114
1,1,0.9959925
1,1,0.9946355
1,1,0.99040705
1,1,0.94110256
1,1,0.99056315
1,1,0.9933135
1,1,0.9869064
1,1,0.99371344
1,1,0.9850466
1,1,0.990248
1,1,0.99200916
1,1,0.9866981
1,1,0.99613875
1,1,0.99053323
1,1,0.99300003
1,1,0.9922616
1,1,0.9923826
1,1,0.9819073
1,1,0.99594706
1,1,0.9759921
1,1,0.97079676
1,1,0.9919993
1,1,0.9140548
1,1,0.992496
1,1,0.99252206
1,1,0.99178314
1,1,0.99275947
1,1,0.9962172
1,1,0.99199027
1,1,0.9891571
1,1,0.9924287
1,1,0.50131965
1,1,0.9927021
1,1,0.9877323
1,1,0.87476766
1,1,0.99334246
1,1,0.9963438
1,1,0.9835265
1,1,0.9934835
1,1,0.99296945
1,1,0.9907528
1,1,0.99314207
1,1,0.99296314
1,1,0.98585016
1,1,0.996014
1,1,0.920565
1,1,0.99502385
1,1,0.9892652
1,1,0.825524
1,1,0.9915058
1,1,0.99276686
1,0,0.28626338
1,1,0.9925447
1,1,0.9860153
1,1,0.9931536
1,1,0.98471534
1,1,0.9847535
1,1,0.99207544
1,1,0.9627057
1,0,0.44528818
1,1,0.99522865
1,1,0.99399287
1,1,0.99391055
1,1,0.98871267
1,1,0.9383445
1,1,0.9886635
1,1,0.98919386
1,1,0.99530965
1,1,0.96549356
1,1,0.99424946
1,1,0.9946285
1,1,0.9933334
1,1,0.9270431
1,1,0.9947806
1,1,0.9938356
1,1,0.98785686
1,1,0.96419597
1,1,0.992297
1,1,0.99499464
1,1,0.9794231
1,0,0.054526404
1,1,0.9931651
1,1,0.99300635
1,1,0.98227006
1,1,0.99133897
1,1,0.9855068
1,1,0.99628925
1,1,0.9945556
1,1,0.99603254
1,1,0.9903628
1,1,0.99527115
1,1,0.994262
1,1,0.9908178
1,1,0.96888876
1,1,0.9573254
1,0,0.21383992
1,1,0.9938765
1,0,0.38865557
1,1,0.98000056
1,1,0.9924452
1,1,0.9887532
1,1,0.93669933
1,1,0.992652
1,1,0.9926218
1,1,0.98757535
1,1,0.99544585
1,1,0.99535036
1,1,0.9864972
1,1,0.9870805
1,1,0.9806209
1,0,0.38097003
1,1,0.99264103
1,1,0.9765887
1,1,0.992063
1,1,0.76819015
1,0,0.3998221
1,1,0.91567343
1,1,0.9853733
1,1,0.99405164
1,1,0.99269474
1,1,0.99415755
1,1,0.98462045
1,1,0.971907
1,1,0.9930453
1,1,0.9962304
1,1,0.9592495
1,1,0.9823278
1,1,0.9920472
1,1,0.99286085
1,1,0.9837895
1,1,0.99180424
1,1,0.982668
1,1,0.9663567
1,1,0.99321413
1,1,0.9925795
1,1,0.96255255
1,1,0.99629337
1,1,0.99236745
1,1,0.9877935
1,1,0.99074054
1,1,0.9734257
1,1,0.99544674
1,1,0.99338925
1,1,0.8592082
1,1,0.97441745
1,0,0.3980529
1,1,0.99081296
1,1,0.9808951
1,1,0.99537766
1,1,0.99004465
1,1,0.9888292
1,1,0.9951997
1,1,0.99193245
1,1,0.98278147
1,1,0.995615
1,1,0.9918168
1,1,0.9925608
1,1,0.5473401
1,1,0.9919819
1,1,0.7717083
1,1,0.96872276
1,1,0.9922145
0,0,0.0076716957
0,0,0.004132127
0,0,0.00881095
0,0,0.004333816
0,0,0.09832447
0,0,0.0029533315
0,0,0.008848818
0,0,0.037774913
0,0,0.058203906
0,0,0.016015954
0,0,0.027566357
0,0,0.0020700013
0,0,0.022167953
0,0,0.0031004162
0,0,0.009168773
0,0,0.023978144
0,0,0.46996862
0,0,0.022154365
0,0,0.003761745
0,0,0.0071391175
0,0,0.015026769
0,0,0.14350669
0,0,0.009676392
0,0,0.0073659793
0,0,0.036557652
0,0,0.009969064
0,0,0.0027738195
0,0,0.0708875
0,0,0.0053758533
0,0,0.01927072
0,0,0.047223307
0,0,0.0037304175
0,0,0.009802094
0,0,0.0025279843
0,0,0.0062314626
0,0,0.023807785
0,0,0.0032456766
0,0,0.10029473
0,0,0.0066291913
0,0,0.00873383
0,0,0.0082052965
0,0,0.00898526
0,0,0.0029208034
0,0,0.0035066162
0,0,0.002479374
0,0,0.018004075
0,0,0.0674877
0,0,0.003863059
0,0,0.016344666
0,0,0.0041107317
0,0,0.07350156
0,0,0.0030044573
0,0,0.0021980572
0,0,0.008391667
0,0,0.004796931
0,0,0.0035130356
0,0,0.002741999
0,0,0.0024852823
0,0,0.009415311
0,0,0.0027117804
0,0,0.0028453209
0,0,0.0032056083
0,0,0.01971628
0,0,0.0022626466
0,0,0.050900053
0,0,0.002553033
0,0,0.0024763318
0,0,0.01392514
0,0,0.018780177
0,0,0.008946584
0,0,0.014616493
0,0,0.0026008566
0,0,0.004566281
0,0,0.045208935
0,0,0.016754787
0,0,0.0026713999
0,0,0.042357307
0,0,0.003317338
0,0,0.008097877
0,0,0.0077612638
0,0,0.0022841557
0,0,0.011551593
0,0,0.0062580267
0,0,0.023847725
0,0,0.0024246362
0,0,0.0027999496
0,0,0.01464984
0,0,0.1642716
0,0,0.0072695194
0,0,0.006615179
0,0,0.107077725
0,0,0.060819965
0,0,0.012193731
0,0,0.011328613
0,0,0.0027804596
0,0,0.0028361469
0,0,0.0027979985
0,0,0.012935234
0,0,0.0021524963
0,0,0.019735597
0,0,0.0029762776
0,0,0.0029129023
0,0,0.014700478
0,0,0.03148821
0,0,0.0029953383
0,0,0.06737771
0,0,0.07136758
0,0,0.0019294234
0,0,0.08638672
0,0,0.053047102
0,0,0.12083694
0,0,0.0023700013
0,0,0.008782417
0,0,0.112199515
0,0,0.06973235
0,0,0.0028198347
0,0,0.002787599
0,0,0.018583655
0,0,0.062286735
0,0,0.016221697
0,0,0.002634528
0,0,0.0040517016
0,0,0.0030104811
0,0,0.0023921179
0,0,0.005431372
0,0,0.06066765
0,0,0.005867007
0,0,0.2287527
0,0,0.0031576427
0,0,0.0032755563
0,0,0.009673926
0,0,0.0108029675
0,0,0.07913716
0,0,0.004275019
0,0,0.005735802
0,0,0.032288633
0,0,0.015407661
0,0,0.010886835
0,0,0.038014475
0,0,0.0067800893
0,0,0.0022977807
0,0,0.09074297
0,0,0.14498593
0,0,0.002961812
0,0,0.002016093
0,0,0.009406749
0,0,0.06995285
0,0,0.059978757
0,0,0.042933427
0,0,0.0032116584
0,0,0.0046665156
0,0,0.010128303
0,0,0.006741623
0,0,0.0082131345
0,0,0.0027133722
0,0,0.20640053
0,0,0.009766134
0,0,0.013000663
0,0,0.1799624
0,0,0.003995131
0,0,0.0024179893
0,0,0.15239033
0,0,0.025010789
0,0,0.20964617
0,0,0.002786641
0,0,0.008719945
0,0,0.047328096
0,0,0.108892865
0,0,0.0024808508
0,0,0.0071858065
0,0,0.005555399
0,0,0.0042388607
0,0,0.18413965
0,0,0.0068410626
0,0,0.004399925
0,0,0.0022491834
0,0,0.0031444393
0,0,0.0023277204
0,0,0.0067612054
0,0,0.0025267007
0,0,0.0055583185
0,0,0.007888457
0,0,0.01493526
0,0,0.012605039
0,0,0.0051129237
0,0,0.03501149
0,0,0.08855534
0,0,0.027681531
0,0,0.4273534
0,0,0.028640369
0,0,0.007821078
0,0,0.0030724914
0,0,0.028453842
0,0,0.015437795
0,0,0.014861548
0,0,0.0093940105
0,0,0.003874923
0,0,0.0033062382
0,0,0.08878306
0,0,0.0059295846
0,0,0.004536676
0,0,0.0064462484
0,0,0.0030456698
0,0,0.003696685
0,0,0.0152433105
0,0,0.014793106
0,0,0.004222499
0,0,0.012887482
0,0,0.01048074
0,0,0.014403135
0,0,0.009835766
0,0,0.012922292
0,0,0.012439604
0,0,0.007930218
0,0,0.013307273
0,0,0.0046213013
0,0,0.0037131293
0,0,0.0022918025
0,0,0.0037367565
0,0,0.09155756
0,0,0.024102148
0,0,0.014453509
0,0,0.007905413
0,0,0.0058759106
0,0,0.2729303
0,0,0.0034775794
0,0,0.0036624607
0,0,0.0070095644
0,0,0.0035521206
0,0,0.005443745
0,0,0.041291125
0,0,0.062187467
0,0,0.01934008
0,0,0.01495144
0,0,0.18540522
0,0,0.0042895884
0,0,0.003033797
0,0,0.15619817
0,0,0.014028753
0,0,0.01060478
0,0,0.005405274
0,0,0.0034801287
0,0,0.17372409
0,0,0.0025121397
0,0,0.01823371
0,0,0.030995026
0,0,0.013123247
0,0,0.0150384195
0,0,0.0033603464
0,0,0.059310418
0,0,0.012708395
0,0,0.006377866
0,0,0.002267307
0,0,0.00994944
0,0,0.00374475
0,0,0.0047600567
0,0,0.054314144
0,0,0.005841498
0,0,0.013707335
0,0,0.10011137
0,0,0.003167293
0,0,0.014072629
0,0,0.28634754
0,0,0.0057592504
0,0,0.01025861
0,0,0.3178247
0,0,0.09247637
0,0,0.009231979
0,0,0.0024433983
0,0,0.013969115
0,0,0.0046239314
0,0,0.025726652
0,0,0.0050942185
0,0,0.006913227
0,0,0.06412962
0,0,0.107746445
0,0,0.013440181
0,0,0.3133865
0,0,0.016181123
0,0,0.005565202
0,0,0.0040278938
0,0,0.005068828
0,0,0.009681649
0,0,0.008344936
0,0,0.008921446
0,1,0.7817299
1,1,0.9657155
1,1,0.9586941
1,1,0.9728267
1,1,0.99399924
1,1,0.99459875
1,1,0.9956403
1,1,0.911384
1,1,0.9710826
1,1,0.95995325
1,1,0.9733551
1,1,0.9939312
1,1,0.9448159
1,1,0.9951361
1,1,0.9732891
1,1,0.9909065
1,1,0.9915895
1,0,0.38479847
1,1,0.99196845
1,1,0.6850365
1,0,0.3708098
1,1,0.99248564
1,1,0.9765045
1,1,0.9795207
1,1,0.9798108
1,1,0.9894511
1,1,0.9933073
1,1,0.99383837
1,1,0.9275098
1,1,0.9558302
1,1,0.7873592
1,1,0.9836234
1,1,0.98066336
1,1,0.973082
1,1,0.97978026
1,1,0.99630284
1,1,0.9951981
1,1,0.9850986
1,1,0.99368745
1,1,0.9895969
1,0,0.26967832
1,1,0.982252
1,0,0.22382112
1,1,0.99313885
1,0,0.3858503
1,1,0.9919322
1,1,0.9789049
1,1,0.94519633
1,1,0.9910058
1,1,0.9363988
1,1,0.9699478
1,1,0.9942913
1,1,0.98767775
1,1,0.9329668
1,1,0.9630025
1,1,0.99185705
1,1,0.9863732
1,1,0.97526824
1,1,0.9649011
1,1,0.99489635
1,1,0.93901914
1,1,0.9148776
1,1,0.98918694
1,1,0.88670677
1,1,0.99188095
1,1,0.99479264
1,1,0.99552274
1,1,0.98982763
1,1,0.9956468
1,1,0.99299735
1,1,0.9731478
1,1,0.99292773
1,1,0.8446667
1,1,0.9545984
1,1,0.9951422
1,1,0.99520135
1,1,0.98604184
1,1,0.9941017
1,1,0.98651296
1,1,0.7981304
1,1,0.8999905
1,1,0.6911883
1,1,0.9808686
1,1,0.9843551
1,1,0.5152169
1,0,0.46894372
1,1,0.8655074
1,1,0.99495006
1,1,0.9872141
1,1,0.9797825
1,1,0.7692591
1,1,0.92345107
1,1,0.9888244
1,1,0.967218
1,1,0.9933648
1,1,0.9845956
1,1,0.98514867
1,1,0.99064773
1,1,0.97661364
1,1,0.9640706
1,1,0.9832077
1,1,0.99271977
1,1,0.6244167
1,1,0.99445915
1,1,0.9705824
1,1,0.9859942
1,1,0.9705917
1,0,0.2734275
1,1,0.9843576
1,0,0.3180925
1,1,0.9936806
1,1,0.9940935
1,1,0.993735
1,1,0.97982854
1,0,0.29303566
1,0,0.46624914
1,1,0.99268943
1,1,0.9849075
1,1,0.94915146
1,1,0.97487336
1,0,0.036508173
1,0,0.4097767
1,1,0.8919022
1,1,0.9691123
1,1,0.9823559
1,1,0.99475765
1,1,0.9925827
1,1,0.9812686
1,0,0.032403316
1,1,0.9844663
1,1,0.97562575
1,1,0.9932289
1,1,0.9928508
1,1,0.6910751
1,1,0.9164133
1,1,0.97662157
1,0,0.383976
1,1,0.96401244
1,1,0.98711663
1,1,0.9931552
1,1,0.98544544
1,1,0.99189353
1,1,0.99513656
1,1,0.9924298
1,1,0.9870602
1,1,0.9084603
1,1,0.991247
1,1,0.97034574
1,1,0.9925961
1,1,0.99015105
1,1,0.9852608
1,0,0.2243881
1,1,0.9145715
1,1,0.99417675
1,1,0.9929235
1,1,0.99345434
1,1,0.97775626
1,1,0.9840357
1,1,0.9924345
1,1,0.99358
1,1,0.9942074
1,1,0.9695123
1,1,0.99556375
1,1,0.986418
1,1,0.99073887
1,1,0.81430036
1,1,0.68650645
1,1,0.82555
1,1,0.98441917
1,1,0.80691785
1,1,0.97390276
1,1,0.9923298
1,0,0.29750314
1,1,0.80024153
1,1,0.9886404
1,1,0.99051195
1,1,0.9166261
1,1,0.9900489
1,1,0.95487344
1,1,0.9853447
1,1,0.98919266
1,1,0.98225325
1,1,0.9515898
1,1,0.99382657
1,1,0.9210875
1,1,0.98151314
1,1,0.98261225
1,1,0.9404282
1,0,0.054171093
1,1,0.9552863
1,1,0.99366355
1,1,0.97903067
1,1,0.9513351
1,0,0.41636795
1,1,0.9943785
1,1,0.987111
1,1,0.99407923
1,1,0.98944664
1,1,0.99318177
1,1,0.99189514
1,1,0.992063
1,1,0.50760114
1,1,0.9748096
1,1,0.9412267
1,1,0.9885101
1,1,0.98844576
1,1,0.9704269
1,1,0.9937769
1,1,0.9961522
1,1,0.98916084
1,1,0.9893617
1,1,0.96526694
1,1,0.99224675
1,1,0.87198997
1,1,0.9950105
1,1,0.8028028
1,1,0.98237395
1,1,0.9890683
1,1,0.992919
1,1,0.96893144
1,1,0.993619
1,1,0.93098325
1,1,0.9905014
1,1,0.98432827
1,1,0.98763335
1,1,0.62057775
1,1,0.9642425
1,1,0.82431006
1,1,0.9903803
1,1,0.9394889
1,1,0.9946221
1,1,0.992607
1,1,0.991248
1,1,0.99332124
1,1,0.9750422
1,1,0.9860167
1,1,0.9943243
1,1,0.9911012
1,1,0.82451725
1,1,0.9921747
1,1,0.9923422
1,1,0.9941513
1,1,0.979444
1,1,0.9826653
1,1,0.9861973
1,1,0.9748253
1,1,0.93121934
1,1,0.99240935
1,1,0.98614025
1,1,0.9942106
1,1,0.99067956
1,1,0.99394363
1,0,0.42114592
1,1,0.99419725
1,0,0.37923068
1,1,0.9873346
1,1,0.98947
1,1,0.9850057
1,1,0.983375
1,1,0.90322906
1,1,0.9757722
1,1,0.9892424
1,0,0.2777364
1,1,0.9938432
1,1,0.9960466
1,1,0.99313205
1,1,0.8221717
1,1,0.9480452
1,1,0.93887943
1,1,0.96724117
1,1,0.99385697
1,1,0.9842614
1,1,0.9944443
1,1,0.96730924
1,1,0.93630964
1,1,0.79144126
1,1,0.98895615
1,1,0.97869295
1,1,0.9537333
1,1,0.99558276
1,1,0.99616975
1,1,0.9850735
1,0,0.12609069
1,1,0.9863941
1,1,0.99017346
1,1,0.98924154
1,1,0.99356365
1,1,0.9943297
1,1,0.99325657
1,1,0.9874035
1,1,0.98946345
1,1,0.75760865
1,1,0.9838627
1,1,0.97568125
1,1,0.98500556
1,1,0.9916216
1,1,0.9951716
1,1,0.99501073
1,1,0.9589373
1,1,0.98916924
1,1,0.99179626
1,1,0.99046844
1,1,0.992644
1,1,0.9671962
1,1,0.7727167
1,1,0.9908675
1,1,0.9640012
1,1,0.9895592
1,1,0.9798093
1,1,0.9945537
1,1,0.9728689
1,1,0.95096385
1,1,0.98634535
1,1,0.99437994
1,1,0.97222364
1,1,0.990366
1,1,0.90214765
1,1,0.99463767
1,1,0.98957086
1,1,0.9940204
1,1,0.9946483
1,1,0.98778254
1,1,0.83630806
1,1,0.9408999
1,1,0.99386793
1,1,0.97396404
1,1,0.99422604
1,1,0.99571806
1,1,0.96160156
1,1,0.9916156
1,1,0.995106
1,1,0.9932801
1,1,0.9851055
1,1,0.9961718
1,1,0.9741321
1,1,0.98415816
1,1,0.9769851
1,1,0.9802776
1,1,0.89689034
1,1,0.9943855
1,1,0.5840418
1,1,0.75424886
1,1,0.9358732
1,1,0.942057
1,1,0.9908652
1,1,0.9949563
1,1,0.9849082
1,1,0.9431972
1,1,0.969842
1,1,0.9884166
1,1,0.98825794
1,1,0.9809325
1,1,0.9810348
1,1,0.9816206
1,1,0.9885483
1,0,0.4671794
1,1,0.9941816
1,1,0.98314005
1,1,0.94899577
1,1,0.98981386
1,1,0.9228156
1,1,0.9928127
1,1,0.95778835
1,1,0.992203
1,1,0.94834846
1,1,0.9950713
1,1,0.99497104
1,1,0.9789323
1,0,0.44585845
1,1,0.75707334
1,1,0.99322456
1,1,0.96790385
1,1,0.9898116
1,1,0.98063815
1,1,0.9811473
1,1,0.9574939
1,1,0.9804333
1,1,0.9777598
1,1,0.99150336
1,1,0.9519385
1,1,0.60614276
1,1,0.98388034
1,1,0.985252
1,1,0.68909603
1,1,0.9768882
1,1,0.9884272
1,1,0.96009827
1,1,0.983411
1,1,0.93825364
1,1,0.9620077
1,1,0.9911041
1,1,0.9876605
1,1,0.99333256
1,1,0.97270435
1,1,0.9863543
1,1,0.99197453
1,1,0.9847948
1,1,0.9916858
1,1,0.96881336
1,1,0.9578852
1,1,0.98983324
1,1,0.9804299
1,1,0.9909837
1,1,0.8619263
1,1,0.97957075
1,0,0.3305592
1,1,0.95614225
1,1,0.95740396
1,1,0.9956007
1,1,0.96434605
1,1,0.9877315
1,1,0.91425383
1,0,0.3495558
1,1,0.94196814
1,1,0.9707919
1,1,0.99548507
1,1,0.9955806
1,1,0.9414307
1,1,0.98671186
1,1,0.9940633
1,1,0.97665215
1,1,0.9948573
1,1,0.97249347
1,0,0.28395772
1,1,0.99355006
1,1,0.9018539
1,1,0.9919017
1,1,0.9914028
1,1,0.981246
1,1,0.7173538
1,1,0.9951572
1,1,0.8026381
1,1,0.99107414
1,1,0.99342597
1,1,0.9592025
1,1,0.9935028
1,1,0.9865595
1,1,0.9873756
1,1,0.9926691
1,1,0.9930112
1,1,0.99128187
1,1,0.99554586
1,1,0.98877466
1,1,0.95069325
1,1,0.5039372
1,1,0.97101194
1,1,0.8501429
1,1,0.9751958
1,1,0.994599
1,1,0.98214877
1,1,0.98726165
1,1,0.9374221
1,1,0.9836215
1,1,0.99324197
1,1,0.98942626
1,1,0.8611427
1,1,0.9869833
1,1,0.9916163
1,1,0.9655775
1,1,0.98203075
1,1,0.9825865
1,1,0.9834841
1,1,0.9464517
1,0,0.055166144
1,1,0.9901776
1,1,0.9953608
1,1,0.98428303
1,1,0.9855979
1,1,0.9857943
1,1,0.9913858
1,1,0.99277776
1,1,0.9887227
1,1,0.9455509
1,1,0.9839617
1,1,0.9904655
1,1,0.99533206
1,1,0.9839008
1,1,0.98428637
1,1,0.97803336
1,1,0.9945522
1,1,0.9140342
1,1,0.9890626
1,1,0.9814293
1,1,0.9926318
1,1,0.9834801
1,1,0.98370934
1,1,0.9788401
1,1,0.98742163
1,1,0.9948443
1,1,0.9804977
1,1,0.9812025
1,1,0.9850369
1,1,0.99100447
1,1,0.9383351
1,1,0.9953583
1,1,0.9946759
1,1,0.98790574
1,1,0.78854287
1,1,0.98662007
1,1,0.98787826
1,1,0.93666303
1,1,0.9264149
1,1,0.9873239
1,1,0.98139405
1,1,0.99468863
1,1,0.99252325
1,1,0.9104842
1,1,0.991552
1,1,0.9879282
1,1,0.9729392
1,1,0.9768728
1,1,0.90737075
1,1,0.9901357
1,1,0.9843853
1,1,0.98021644
1,1,0.9776888
1,1,0.9850522
1,1,0.9145715
1,1,0.9953774
1,1,0.9857568
1,1,0.9770298
1,1,0.99066484
1,1,0.9863789
1,1,0.9373453
1,1,0.99104005
1,1,0.9729695
1,1,0.9775824
1,1,0.99486595
1,1,0.9728272
1,1,0.8463599
1,1,0.993309
1,1,0.9925965
1,1,0.9936022
1,1,0.89373183
1,1,0.9918122
1,1,0.99453163
1,1,0.8358151
1,1,0.98546916
1,1,0.9889815
1,1,0.8822563
1,1,0.9784587
1,1,0.9894756
1,1,0.9938345
1,1,0.9914472
1,1,0.9951893
1,1,0.9891856
1,1,0.98804104
1,1,0.9842205
1,1,0.9913837
1,1,0.9899019
1,1,0.9932134
1,1,0.99167514
1,1,0.96741563
1,1,0.9852742
1,1,0.97577727
1,1,0.983482
1,1,0.8395579
1,1,0.99481815
1,1,0.98806816
1,1,0.99089724
1,1,0.9892161
1,1,0.94189215
1,0,0.473887
1,1,0.9925627
1,1,0.96593595
1,1,0.9859233
1,1,0.9858833
1,1,0.84987164
1,1,0.9886485
1,1,0.9722925
1,1,0.9773931
1,1,0.9923614
1,1,0.9889072
1,1,0.7908604
1,1,0.9881443
1,1,0.732915
1,1,0.99159896
1,1,0.82909817
1,1,0.99412495
1,1,0.9903364
1,1,0.9877742
1,1,0.9938351
1,1,0.9870884
1,1,0.98538417
1,1,0.98784745
1,1,0.9425597
1,1,0.98971117
1,1,0.97762465
1,1,0.91688216
1,1,0.9796411
1,1,0.97143555
1,1,0.95905274
1,1,0.9183159
1,1,0.9786309
1,1,0.9944184
1,1,0.9790645
1,1,0.99166065
1,1,0.6425765
1,1,0.954188
1,1,0.9760123
1,1,0.9673629
1,1,0.9779739
1,1,0.99052167
1,1,0.9933222
1,1,0.9906267
1,1,0.98822045
1,1,0.9054561
1,1,0.85031843
1,1,0.988848
1,1,0.99008584
1,1,0.9167995
1,1,0.9953976
1,1,0.9910507
1,1,0.9604994
1,1,0.987097
1,1,0.98486286
1,1,0.9365823
1,1,0.9919344
1,1,0.9423039
1,1,0.99285114
1,1,0.9888849
1,1,0.9908879
1,1,0.94428575
1,1,0.99477106
1,1,0.99271095
1,1,0.98577917
1,1,0.99297684
1,1,0.8721624
1,1,0.97569174
1,1,0.98195016
1,1,0.98758
1,1,0.99068856
1,1,0.9920353
1,1,0.7818749
1,1,0.9378845
1,1,0.97444326
1,1,0.9904721
1,1,0.97203845
1,1,0.994352
1,1,0.9839755
1,1,0.92204237
1,1,0.99600875
1,1,0.86658484
1,1,0.9938106
1,1,0.97367674
1,1,0.98580045
1,1,0.9013208
1,1,0.97012156
1,1,0.96608245
1,1,0.59566224
1,1,0.9219991
1,1,0.96792173
1,1,0.9905945
1,1,0.82989514
1,1,0.9923239
1,1,0.9643385
1,0,0.36891794
1,1,0.87898874
1,1,0.9853615
1,1,0.99084973
1,1,0.9925291
1,0,0.49285614
1,1,0.99241334
1,1,0.9919918
1,1,0.9874072
1,1,0.9781359
1,1,0.9368233
1,1,0.5414844
1,1,0.9926755
1,1,0.98466206
1,1,0.6020871
1,1,0.96050656
1,1,0.99289083
1,1,0.98778886
1,1,0.99354666
1,1,0.98290116
1,1,0.9679291
1,1,0.9900024
1,1,0.9914499
1,1,0.6841168
1,1,0.9881235
1,1,0.97890294
1,1,0.96860796
1,1,0.9646212
1,1,0.94788975
1,1,0.9792475
1,1,0.96048886
1,1,0.99242616
1,1,0.95986503
1,1,0.9767864
1,1,0.9915132
1,0,0.010376037
1,1,0.98556685
1,1,0.9679235
1,1,0.91043866
1,1,0.92906
1,1,0.9791291
1,1,0.98615557
1,1,0.7801302
1,1,0.89695704
1,1,0.9951835
1,1,0.98781407
1,1,0.93630546
1,1,0.974719
1,1,0.993178
1,1,0.992386
1,1,0.9837985
1,1,0.9923154
1,1,0.9900579
1,1,0.9676521
1,1,0.99232036
1,1,0.97860503
1,1,0.97410166
1,1,0.9898269
1,1,0.9885445
1,1,0.9853682
1,1,0.9902082
1,1,0.97733396
1,1,0.9829957
1,1,0.9759774
1,1,0.9849187
1,1,0.9411773
1,1,0.98625815
1,1,0.88050056
1,1,0.9271099
1,1,0.9948873
1,1,0.9884793
1,1,0.98459446
1,1,0.9885334
1,1,0.9829798
1,1,0.9856183
1,1,0.99430627
1,1,0.9922516
1,1,0.99253595
1,1,0.9490416
1,0,0.12554118
1,1,0.9675867
1,1,0.9714516
1,1,0.81793576
1,1,0.9607756
1,1,0.98772615
1,1,0.99645066
1,1,0.9952361
1,1,0.9948544
1,1,0.99370545
1,1,0.9681005
1,1,0.9858731
1,1,0.9914215
1,1,0.985458
1,1,0.986673
1,1,0.97880703
1,1,0.92495465
1,1,0.91785187
1,1,0.99115443
1,1,0.977298
1,1,0.983537
1,1,0.9961532
1,1,0.9841137
1,1,0.73607963
1,1,0.98978347
1,1,0.97763544
1,1,0.996445
1,1,0.99546283
1,1,0.95306474
1,1,0.9602129
1,1,0.99466044
1,1,0.9657596
1,1,0.99165815
1,0,0.4435604
1,1,0.9953406
1,1,0.8870241
1,1,0.99394095
1,1,0.9924292
1,1,0.78514415
1,1,0.9781885
1,1,0.9957539
1,1,0.9943212
1,1,0.94601625
1,1,0.96824
1,1,0.9713038
1,0,0.43108344
1,1,0.9892118
1,1,0.9825351
1,1,0.99486095
1,1,0.96585387
1,1,0.9654597
1,1,0.98596245
1,1,0.955048
1,1,0.99247825
1,1,0.99640685
1,1,0.9955016
1,1,0.996525
0,0,0.07108283
0,0,0.0063387416
0,0,0.14787523
0,0,0.0038326585
0,1,0.934343
0,0,0.0051394594
0,0,0.03956932
0,0,0.0046952716
0,0,0.051586483
0,0,0.16349588
0,0,0.021613173
0,0,0.009037328
0,0,0.007959178
1,1,0.97963196
0,0,0.02559965
0,0,0.033247232
0,0,0.005567271
0,0,0.12097068
0,0,0.01026725
0,0,0.19659746
1,1,0.9683841
0,0,0.0063830023
0,0,0.0072783893
1,1,0.98224545
0,0,0.0044349376
1,1,0.9806104
0,0,0.0071672634
1,1,0.71546143
0,0,0.13118394
1,1,0.98769414
0,0,0.0139551535
1,1,0.9793484
0,0,0.026533386
0,0,0.014860612
0,0,0.008295669
0,0,0.005392871
1,1,0.9925845
0,0,0.020145591
0,0,0.01922544
0,0,0.12188578
0,0,0.027647628
0,0,0.013598393
0,0,0.023104617
0,0,0.006403502
0,0,0.004625246
0,0,0.0044196225
0,0,0.024144761
0,0,0.040009324
0,0,0.011061702
0,0,0.0036689118
0,0,0.005130593
0,0,0.004288625
0,0,0.102291
0,0,0.068305366
0,0,0.0062046465
0,0,0.0034421692
0,0,0.0049166703
0,0,0.15387328
0,0,0.0037776039
0,0,0.007092942
0,0,0.15103604
0,0,0.035190053
0,0,0.008608663
0,0,0.0113196755
0,0,0.0033453798
0,0,0.0077526458
0,0,0.0033275099
0,0,0.022869075
0,0,0.0072555407
0,0,0.0076135397
0,0,0.30719686
0,0,0.004671635
0,0,0.040360138
0,0,0.0048177456
0,0,0.00706533
0,0,0.0047327946
1,1,0.9920867
0,0,0.073326595
0,0,0.012801934
0,0,0.006359306
0,0,0.007441221
0,0,0.008085454
1,1,0.878163
0,0,0.004963246
0,0,0.004493495
0,0,0.011770991
1,1,0.9778668
0,0,0.006445042
0,0,0.007911198
0,0,0.041672856
0,0,0.016891386
0,0,0.0039122677
0,0,0.025288116
1,1,0.9775662
0,0,0.020809444
1,1,0.932437
0,0,0.041515768
0,0,0.0056695878
0,0,0.0059751254
1,1,0.96417004
1,1,0.9766657
0,0,0.17310652
0,0,0.0040992107
1,1,0.97796065
1,1,0.7616756
0,0,0.0042988514
1,1,0.967388
0,0,0.004012042
0,0,0.021709811
0,0,0.0066172853
0,0,0.0059843394
0,0,0.005068405
0,0,0.0043551954
0,0,0.018174063
0,0,0.0042468607
0,0,0.005961165
0,0,0.022514205
0,0,0.00655082
0,0,0.008136307
0,1,0.61343217
0,0,0.0041243387
0,0,0.010718485
1,1,0.98785365
0,0,0.0067436416
0,0,0.004750824
0,0,0.005614776
0,0,0.0057043494
0,0,0.012135971
0,0,0.0034909567
0,0,0.004803733
1,1,0.96828574
0,0,0.008305356
0,0,0.010788918
0,0,0.006259626
0,0,0.08249731
1,1,0.7202365
0,0,0.02485743
0,0,0.010728976
0,0,0.0042652646
0,0,0.0036890828
0,0,0.02304685
0,0,0.0062096287
1,1,0.9712733
0,0,0.0038067142
1,1,0.9297904
0,1,0.6509524
1,1,0.9932641
0,0,0.006665176
1,1,0.99276954
1,1,0.98772126
0,0,0.0036616973
0,0,0.0068320194
1,1,0.9894337
0,0,0.0059030387
0,0,0.004572575
1,1,0.9618279
0,0,0.004038914
0,0,0.0087482985
0,0,0.0043504294
0,0,0.019523533
0,0,0.0052450327
0,0,0.0048589204
1,1,0.9845718
0,0,0.0044436036
0,0,0.0041205115
1,0,0.23965934
1,1,0.9838785
0,0,0.0053640585
0,0,0.007269926
0,0,0.006507635
0,0,0.0046264078
0,0,0.006357426
0,0,0.008893558
0,0,0.0060008476
0,0,0.0048034005
0,0,0.13304621
0,0,0.017536284
0,0,0.007931418
0,0,0.00473531
0,0,0.002481205
0,0,0.021517351
0,0,0.014843456
0,0,0.0065914136
0,0,0.0076850695
0,0,0.0053109485
0,0,0.0036250837
0,0,0.015968312
0,0,0.22365117
0,0,0.012335869
0,0,0.005635888
0,0,0.010628496
0,0,0.012358697
0,0,0.009283051
0,0,0.010837876
0,0,0.4083956
1,0,0.117781915
0,0,0.0071307537
0,1,0.62332606
0,0,0.025627783
1,0,0.052300774
0,0,0.020877656
0,0,0.0051297266
0,0,0.004243523
1,0,0.0565362
0,0,0.0039590495
0,0,0.0055302978
1,1,0.9890191
1,1,0.99001104
0,1,0.54484004
0,0,0.03023307
0,0,0.0034716388
0,0,0.0031927957
0,0,0.015439869
0,0,0.004194618
1,1,0.8601159
0,0,0.0041400623
0,0,0.005576127
1,1,0.96755487
0,0,0.10960729
0,0,0.0051811137
0,0,0.014150038
0,0,0.007397235
0,0,0.005216645
0,0,0.0038932983
0,0,0.0039192033
1,1,0.9888954
1,1,0.9856022
0,0,0.004799333
1,1,0.98683727
0,0,0.011360235
1,1,0.98235875
0,0,0.18087287
0,0,0.006874099
0,0,0.005393669
0,0,0.00934419
0,0,0.007065762
0,0,0.007967221
0,0,0.0045796363
0,0,0.004410103
0,0,0.08072648
0,0,0.0052686734
0,0,0.0042585507
0,0,0.005949439
0,0,0.0043095388
0,0,0.0060709757
0,0,0.004799235
0,0,0.004403325
0,0,0.0048645223
1,0,0.47017562
1,1,0.98082745
1,1,0.98951846
0,0,0.0063079954
0,0,0.0038836831
0,0,0.0061908243
0,0,0.004241277
1,1,0.98688185
0,0,0.0059705987
0,0,0.005630647
0,0,0.004709461
1,1,0.70362717
1,1,0.9840986
0,0,0.0043765646
0,0,0.0032309964
0,0,0.01010553
0,0,0.0046757604
0,0,0.0048926254
1,1,0.97778
0,0,0.009236127
1,1,0.9217396
0,0,0.009839226
0,0,0.0032932376
0,0,0.0042428626
0,0,0.008535917
1,1,0.92978454
0,0,0.008461943
0,0,0.007839264
0,0,0.002787599
1,0,0.27860537
1,1,0.9268606
0,0,0.0048674773
0,0,0.005243697
0,0,0.0041987672
0,0,0.0043765646
0,0,0.004782827
0,0,0.010924692
0,0,0.004525142
0,0,0.00702932
0,0,0.0064569307
0,0,0.0044560726
0,0,0.0048367213
0,0,0.005320153
0,0,0.0039346917
1,0,0.07642081
0,0,0.0053782533
0,0,0.006837179
0,0,0.0029427065
1,1,0.9707192
1,1,0.7555795
0,0,0.00531646
0,0,0.018220255
0,0,0.005344186
0,0,0.0082099885
0,0,0.0072849453
0,0,0.004476781
0,0,0.0029993323
0,0,0.00451961
1,1,0.9875316
0,0,0.010656292
0,0,0.004215103
0,0,0.0026913532
0,0,0.0036517633
0,0,0.0059142774
1,1,0.50724435
0,0,0.00360087
0,0,0.005539967
0,0,0.011636728
0,1,0.8253426
0,0,0.0075333277
0,0,0.0043121325
0,0,0.004271131
0,0,0.040766686
0,0,0.0051128585
0,0,0.005428807
0,0,0.0040796543
0,0,0.0048367213
0,0,0.09360203
0,0,0.009226092
1,1,0.8770104
1,1,0.92309254
0,0,0.003257292
0,0,0.010582216
1,1,0.987009
0,0,0.033017028
1,1,0.9811736
1,0,0.11680016
0,0,0.010582216
0,0,0.0075020483
0,0,0.003353501
0,0,0.016107975
1,1,0.98975956
0,0,0.010243921
1,1,0.98687613
0,0,0.0049738237
0,0,0.0056488495
0,0,0.006648286
0,0,0.007667094
0,0,0.0068581766
1,1,0.9804826
0,0,0.0068318704
1,1,0.9897676
0,0,0.0042164605
1,1,0.9925437
0,0,0.0059201005
0,0,0.023827745
0,0,0.062142145
0,0,0.0042541893
1,1,0.9716651
0,0,0.0045514754
0,0,0.014180935
0,0,0.006347484
0,0,0.004235696
0,1,0.62197125
0,0,0.0033767265
0,0,0.0068318704
0,0,0.0040574973
0,0,0.0059646387
0,0,0.060898155
0,0,0.00370201
0,0,0.003348631
0,0,0.006338411
0,0,0.0052210125
0,0,0.027190477
0,0,0.0053879167
0,0,0.003950297
0,0,0.0039060477
0,0,0.0050753728
0,0,0.014949683
0,0,0.055276755
0,0,0.060027782
0,0,0.01313757
0,0,0.009030421
0,0,0.008369326
0,0,0.007357944
0,0,0.0039986884
0,0,0.032081544
0,0,0.08373578
0,0,0.0035084777
0,0,0.030214714
0,0,0.020099241
0,0,0.027190741
1,1,0.98477423
1,0,0.42478958
0,0,0.004342485
0,0,0.004164488
1,1,0.94477636
0,0,0.010445313
0,0,0.00477612
1,1,0.84432375
0,0,0.009049378
0,0,0.00837684
0,0,0.004857473
0,0,0.003620989
0,0,0.0039620176
0,0,0.009482721
0,0,0.010088105
0,0,0.010504266
0,0,0.06930345
0,0,0.0058634733
1,1,0.9442435
0,0,0.008028257
1,1,0.99290246
0,0,0.24199152
0,0,0.0034287223
1,1,0.9773381
0,0,0.007187208
0,0,0.15700898
1,1,0.97829425
0,0,0.0071842587
1,1,0.9723799
0,0,0.0050921114
0,0,0.017743386
0,0,0.029215744
0,0,0.1742253
0,0,0.0045936503
0,0,0.0039422223
0,0,0.0036064428
0,0,0.0036609594
0,0,0.012188425
0,0,0.0071196626
0,0,0.031920776
0,0,0.0051952126
0,0,0.006751945
0,0,0.011791477
0,0,0.005199535
0,0,0.010904822
0,0,0.0038499031
0,0,0.002926666
0,1,0.79436845
0,0,0.013123155
0,0,0.008808798
0,0,0.004024611
0,0,0.0037334813
0,0,0.0032332852
0,0,0.011110413
0,0,0.0034807983
0,0,0.02386152
1,1,0.9908703
1,1,0.94898725
0,0,0.006140827
0,0,0.0073436354
0,0,0.0028661895
0,0,0.0057862205
1,1,0.9778668
0,0,0.016400646
0,0,0.005413232
0,0,0.012322577
0,0,0.0068588518
0,0,0.0077652265
1,1,0.6683812
1,1,0.9936698
1,1,0.9638286
0,0,0.003933275
0,0,0.005441236
0,0,0.0090096975
0,0,0.0027424297
0,0,0.003427328
0,0,0.005310135
0,0,0.0055418722
0,0,0.0050417027
0,0,0.004593262
0,0,0.0041513643
0,0,0.0050073927
0,0,0.006860811
0,0,0.0041208128
0,0,0.008211021
0,0,0.0052173063
0,0,0.0063413936
0,0,0.005796365
0,0,0.0057443427
0,0,0.0053002452
0,0,0.0044762315
0,0,0.0066894153
0,0,0.004089412
1,1,0.9883514
0,0,0.025166497
0,0,0.004433199
0,0,0.008085172
0,0,0.004828108
0,0,0.0051469775
1,1,0.97502124
1,1,0.99046236
0,0,0.0058327755
0,0,0.0050031813
1,1,0.9741527
0,0,0.0034756646
0,0,0.004291787
0,0,0.0050213523
1,1,0.99364424
1,1,0.99348104
0,0,0.004607321
1,0,0.47340274
0,0,0.004797766
0,0,0.0036068764
0,0,0.0039106016
0,0,0.003657997
0,0,0.0033475426
0,0,0.0046695797
0,0,0.0046248427
0,0,0.0042145033
0,0,0.007939634
0,0,0.085206605
0,0,0.0119156055
0,0,0.007040669
0,0,0.0033051493
1,1,0.9720785
0,0,0.26196906
0,0,0.0044064885
0,0,0.009741687
0,0,0.0032841177
0,0,0.0039854585
0,0,0.0299863
0,0,0.025002902
0,0,0.0052983197
0,0,0.010780365
0,0,0.0040253885
0,0,0.010994386
0,0,0.018316986
0,0,0.1317531
0,0,0.0041827825
0,0,0.01883136
1,1,0.98474693
1,1,0.9765787
0,0,0.05041142
0,0,0.058926538
0,0,0.00899293
1,1,0.9668159
0,0,0.027422525
0,0,0.024010697
0,0,0.012898197
0,1,0.8311401
1,1,0.9835081
0,0,0.0077022477
0,0,0.09786004
0,0,0.0057647275
1,1,0.98712325
0,0,0.07146625
0,0,0.008443007
0,0,0.0063461224
0,0,0.024855293
0,0,0.0085419845
0,0,0.0045505287
0,0,0.015209883
0,0,0.006455181
0,0,0.26174513
0,0,0.017560562
0,0,0.0041753226
0,0,0.014937317
0,0,0.06467209
0,0,0.0077390787
0,0,0.020009503
0,0,0.42030597
0,0,0.009093133
0,0,0.03330424
1,1,0.93063295
1,1,0.71977687
0,0,0.0033257296
0,0,0.005938552
1,1,0.9873532
0,0,0.0034563981
0,0,0.0037119796
0,0,0.03894054
1,1,0.9865921
0,0,0.07867059
0,0,0.003731488
0,0,0.0058270767
0,0,0.003362425
0,0,0.004064339
0,0,0.013625584
1,1,0.9529571
1,0,0.37424994
1,1,0.9915445
1,1,0.9927287
0,0,0.004546619
1,1,0.6624463
1,1,0.8756525
0,0,0.002734715
1,1,0.9861298
1,1,0.90648687
0,0,0.0042534964
0,0,0.004979876
0,0,0.003504802
0,0,0.0037557709
0,0,0.018443821
1,1,0.986754
1,1,0.9932948
1,1,0.9735112
0,0,0.0046333144
1,1,0.5830868
1,1,0.9815741
1,1,0.9901287
1,1,0.70918214
1,1,0.9947935
1,1,0.99370253
0,0,0.0024094197
1,1,0.9931799
1,1,0.9814435
0,0,0.008167215
0,0,0.005747022
0,0,0.0113465395
0,0,0.0045636636
0,0,0.002974986
0,0,0.0032639615
0,0,0.06167796
1,1,0.97522426
0,0,0.007359521
1,1,0.9870843
1,1,0.98062056
1,1,0.9963385
1,1,0.9390906
0,0,0.0057991245
0,0,0.037359063
0,0,0.026792224
0,0,0.0020999229
0,0,0.002912793
1,1,0.975346
0,0,0.012417726
1,1,0.98233944
1,1,0.9871094
1,1,0.99031657
1,1,0.9836173
1,1,0.97799224
1,1,0.96955633
1,1,0.97327435
1,1,0.91484976
0,0,0.021528035
0,0,0.1938662
1,1,0.9835947
0,0,0.017871873
1,1,0.8125214
0,0,0.036250815
1,1,0.9695802
0,0,0.012905814
1,1,0.9845005
1,1,0.6010995
1,1,0.97616154
1,1,0.9790567
1,1,0.9767056
0,0,0.0051166266
1,1,0.9750337
1,1,0.9161817
1,1,0.9669026
1,1,0.9906431
0,0,0.0051978235
0,0,0.0052821306
0,0,0.0027600506
1,1,0.9803006
1,1,0.9755005
1,1,0.973557
0,0,0.007486843
1,1,0.97936594
0,0,0.013013505
0,0,0.008334659
1,1,0.9785114
1,1,0.9935169
0,0,0.0044316733
1,1,0.98227745
0,0,0.0074253953
0,0,0.0058347387
0,0,0.0069391704
0,0,0.0036684182
1,1,0.98995715
0,0,0.006386472
1,1,0.9791357
1,1,0.81973916
1,1,0.9582672
1,1,0.98409176
1,1,0.9862531
1,1,0.97616655
1,1,0.97253585
1,1,0.9713757
0,0,0.0778877
0,0,0.0031212873
0,0,0.0039731357
0,0,0.005512399
1,1,0.992309
1,1,0.9630502
1,1,0.92462605
1,1,0.9902964
0,0,0.0041238805
1,1,0.81289893
0,0,0.006426662
1,1,0.977834
1,1,0.98244596
0,0,0.0036965532
1,1,0.9754512
0,0,0.0036395143
1,1,0.9797862
0,0,0.004046703
0,0,0.0039388877
1,1,0.98831755
0,0,0.03176325
1,1,0.97314286
1,1,0.9849845
0,0,0.002824761
1,1,0.9764806
0,0,0.003764657
0,0,0.00674134
0,0,0.0026784814
0,0,0.057776608
1,1,0.7043874
1,1,0.9804494
1,1,0.99483335
0,0,0.0046141404
1,1,0.97988075
1,1,0.9701793
0,0,0.0031528207
1,1,0.7949951
0,0,0.035508603
1,1,0.80136615
1,1,0.9814735
1,1,0.9770596
0,0,0.003063449
0,0,0.0026339528
1,1,0.9740691
1,1,0.97396314
1,1,0.9875586
0,0,0.0037848623
0,0,0.0062190113
1,1,0.98448783
1,1,0.9836256
0,0,0.0055081095
0,0,0.01101342
1,1,0.98722804
1,1,0.99026954
1,1,0.956456
1,1,0.9713182
0,0,0.0044006035
1,1,0.7435019
1,1,0.97989845
0,0,0.09288587
0,0,0.0070959986
0,0,0.017310776
0,0,0.017750984
1,1,0.9820144
1,1,0.98756194
1,1,0.9951284
1,1,0.9787771
1,1,0.80726403
1,1,0.9855563
1,1,0.95331526
1,1,0.97374856
1,1,0.9707353
0,0,0.0044606104
1,1,0.9850269
0,0,0.0036162247
1,1,0.9800054
1,1,0.9891465
1,1,0.9879324
0,0,0.0069202296
0,0,0.0027598487
1,1,0.96109223
1,1,0.979543
0,0,0.014557413
1,1,0.9496532
1,1,0.991184
0,0,0.026792224
1,1,0.97032845
0,0,0.0036395143
0,0,0.0047429665
0,0,0.01325605
0,0,0.004941918
1,1,0.922437
0,0,0.023031596
0,0,0.1739336
1,1,0.98803174
0,0,0.009576543
0,0,0.0021006824
0,0,0.004069384
1,1,0.97805035
1,1,0.9889459
0,0,0.013673996
0,0,0.0140633425
1,1,0.9898746
0,0,0.005891616
1,1,0.99477035
1,1,0.9651378
1,1,0.8720655
1,1,0.993164
1,1,0.98955905
1,1,0.9925085
0,0,0.30637267
1,1,0.9909155
1,1,0.9952566
1,1,0.9955243
1,1,0.98184735
1,1,0.97762114
0,0,0.0040031914
1,1,0.91538095
0,0,0.012137093
0,0,0.00340724
1,1,0.9847169
0,0,0.008231028
1,1,0.97104686
0,0,0.0049543385
1,1,0.93552077
0,0,0.0044101845
0,0,0.00551991
1,1,0.98024863
0,0,0.031417698
1,1,0.9931659
1,1,0.970086
1,1,0.975653
1,1,0.9810006
0,0,0.0037400813
1,1,0.9709145
1,1,0.99454474
0,0,0.0033739528
0,0,0.0029517075
0,0,0.006810947
1,1,0.99378467
1,1,0.9605535
0,0,0.0026194144
0,0,0.0026262552
1,1,0.9910096
1,1,0.93553936
0,0,0.002275887
1,1,0.9933095
1,1,0.9774445
1,1,0.95752746
0,0,0.0066149044
0,0,0.0044359593
1,1,0.707147
1,1,0.98178345
1,1,0.99089605
1,1,0.9917528
1,1,0.779523
1,1,0.992523
1,1,0.7165791
1,1,0.9849945
0,0,0.008345408
0,0,0.0028382756
0,0,0.0026196386
0,0,0.0066499645
1,1,0.9845005
1,1,0.99184
1,1,0.9934325
1,1,0.97989684
0,0,0.0038669088
1,1,0.99465996
0,0,0.009944584
1,1,0.9651886
0,0,0.0030933116
0,0,0.005153625
1,1,0.9925961
1,1,0.99533087
0,0,0.004377849
1,1,0.992188
1,1,0.97428256
1,1,0.67386764
0,0,0.0023541835
0,0,0.0019829518
1,1,0.97837824
0,0,0.0033990974
1,1,0.99385357
1,1,0.9929763
0,0,0.0025870872
0,0,0.0064837895
0,0,0.004489531
1,1,0.9945692
0,0,0.0026034168
1,1,0.8866903
1,1,0.9897267
1,1,0.65713334
0,0,0.0034245374
0,0,0.028762639
1,1,0.9910733
1,1,0.97798723
1,1,0.99217623
1,1,0.99329364
0,0,0.0031638157
1,1,0.9330847
1,1,0.9939679
1,1,0.9745566
1,1,0.98739725
1,1,0.9940952
0,0,0.0028354146
0,0,0.0022507163
0,0,0.008098801
0,0,0.013228945
1,1,0.98868996
0,0,0.0037478039
1,1,0.9922401
0,0,0.010196246
1,1,0.9893736
0,0,0.0036866039
1,1,0.5129669
1,1,0.9903398
1,1,0.9630286
0,0,0.02961107
0,0,0.0036158431
0,0,0.03170877
1,1,0.9568553
1,1,0.9847127
0,0,0.006220938
1,1,0.98918694
0,0,0.026088838
0,0,0.0776518
1,1,0.995884
1,1,0.9946585
0,0,0.026792224
1,1,0.9935708
1,1,0.9621784
1,1,0.98602223
0,0,0.025942339
0,0,0.0031403766
1,1,0.9877192
1,1,0.9370561
1,1,0.8692903
0,0,0.031188466
1,1,0.9950199
0,0,0.01742778
1,1,0.9789452
0,0,0.002341176
1,1,0.98908067
0,0,0.0021353075
0,0,0.002192321
1,1,0.6753244
1,1,0.99133474
1,1,0.9069388
0,0,0.009653531
1,1,0.80055946
0,0,0.017937671
1,1,0.983331
1,1,0.9944548
1,1,0.9874165
0,0,0.0065128626
1,1,0.6191551
1,1,0.99171716
1,1,0.949287
1,1,0.8063733
0,0,0.020912638
1,1,0.97097373
1,1,0.9920548
1,1,0.9794221
0,0,0.0023860242
1,1,0.97800833
1,1,0.9931177
1,1,0.9912334
1,1,0.9397457
1,1,0.9824901
0,0,0.012052246
1,1,0.9888781
0,0,0.0022930696
1,1,0.9507616
0,1,0.57216734
1,1,0.9955806
0,0,0.0053007333
0,0,0.0023581123
0,0,0.0031479776
1,1,0.97941315
1,1,0.9806152
0,0,0.0023144258
0,0,0.41774413
1,1,0.9945832
0,0,0.002361581
1,1,0.92106956
1,1,0.9905067
0,0,0.04218203
1,1,0.99268335
1,1,0.9800514
0,0,0.00490165
0,0,0.003161152
0,0,0.016011583
0,0,0.0023404632
1,1,0.9793432
1,1,0.9842263
1,1,0.98124266
1,1,0.9953845
1,1,0.9709811
1,1,0.9903188
1,1,0.9763607
0,0,0.09894475
1,1,0.9819447
1,1,0.9955711
1,1,0.9927961
0,0,0.42554086
1,1,0.9850835
1,1,0.99515617
0,0,0.0024527723
0,0,0.0031104318
1,1,0.99528825
0,0,0.0025387455
0,0,0.036161657
0,0,0.0037661474
0,0,0.004323473
1,1,0.979482
1,1,0.9864574
1,1,0.9837679
0,0,0.043925695
0,0,0.032709587
0,0,0.010321298
1,1,0.9793673
0,0,0.040305838
1,1,0.9919465
1,1,0.99004644
1,1,0.9698094
1,1,0.992543
1,1,0.9707636
0,0,0.003110339
1,1,0.99052167
0,0,0.0054202247
0,0,0.010849313
1,1,0.98668855
1,1,0.98203915
1,1,0.9711386
0,0,0.013467952
0,0,0.005379927
1,1,0.9859794
0,0,0.004506801
0,0,0.20172125
0,1,0.96778184
1,1,0.98293406
0,0,0.0031824035
1,1,0.92072475
1,1,0.99443287
0,0,0.002998521
0,0,0.010545682
0,0,0.003976632
1,1,0.9651981
0,0,0.01153333
0,0,0.19698478
0,0,0.004197711
1,1,0.9819323
0,0,0.0042254375
0,0,0.08483497
1,1,0.97958714
1,1,0.9852562
1,1,0.624907
1,1,0.9784647
1,1,0.98442197
1,1,0.9832435
1,1,0.98351294
1,1,0.9898192
1,1,0.9030377
0,0,0.0029732282
0,0,0.02550034
1,1,0.9855284
1,1,0.98544496
0,0,0.003895589
1,1,0.97788936
0,0,0.046723902
1,1,0.98084706
0,0,0.0032467335
0,0,0.071192354
0,0,0.046170477
1,1,0.9881689
1,1,0.985775
1,1,0.9779514
0,0,0.003477067
0,0,0.005371784
0,0,0.003895589
0,0,0.011477916
1,1,0.97754914
1,1,0.9942257
0,0,0.0023647828
1,1,0.9885338
1,1,0.965756
0,0,0.006220938
0,0,0.0026545108
0,0,0.0024926818
0,0,0.40313706
1,1,0.9761933
0,0,0.03325367
0,0,0.0026919933
1,1,0.96058077
1,1,0.98839134
0,0,0.0070492453
0,0,0.0034966397
0,0,0.0023321095
0,0,0.025339933
1,1,0.98210794
0,0,0.008048743
1,1,0.73685104
1,1,0.9778436
1,1,0.9836674
1,1,0.9683177
1,1,0.95975596
0,0,0.006441401
0,0,0.005125902
1,1,0.9604446
0,0,0.010937788
1,1,0.97995365
1,1,0.99480987
0,0,0.009501506
1,1,0.84504074
1,1,0.964468
1,1,0.98492026
0,0,0.0022284002
0,0,0.0028592409
0,0,0.005923439
1,1,0.9801169
1,1,0.9791364
0,0,0.0048443107
1,1,0.98076457
1,1,0.99250704
0,0,0.002864409
0,0,0.0022959076
0,0,0.01423429
1,1,0.9797601
0,0,0.0042056628
1,1,0.9849475
1,1,0.98508495
1,0,0.4982185
1,1,0.98904115
1,1,0.99259007
0,0,0.05669922
0,0,0.0055899564
0,0,0.020773282
1,1,0.98501265
1,1,0.98829323
1,1,0.9865601
0,0,0.0028405169
0,0,0.38820362
0,0,0.0047398205
1,1,0.98528486
0,0,0.0076450203
1,1,0.9898282
1,1,0.9798631
0,0,0.0075835832
1,1,0.94401723
0,0,0.0040340964
1,1,0.9839061
1,1,0.9886956
0,0,0.26341674
0,0,0.0021286074
0,0,0.004148109
1,1,0.9921355
1,1,0.9916808
0,0,0.0037076932
1,1,0.9232202
1,1,0.9545039
1,1,0.97724175
0,0,0.0026236048
0,0,0.0028309247
0,0,0.0039181425
0,0,0.003228563
1,1,0.9808261
0,0,0.0028643408
0,0,0.0035381028
0,0,0.00588776
1,1,0.9874373
0,0,0.003161023
0,0,0.0041030296
0,0,0.0024953317
1,1,0.9767065
1,1,0.9877446
0,0,0.0030502542
1,1,0.98645186
1,1,0.9800142
0,0,0.0023972737
1,1,0.91933054
0,0,0.002405329
1,1,0.92360795
0,0,0.044046592
0,0,0.01129426
0,0,0.0025496958
0,0,0.0034086572
0,0,0.4671943
0,0,0.47406605
0,0,0.0037937385
1,1,0.96432
1,1,0.9927591
0,0,0.03169719
1,1,0.9904294
1,1,0.9735382
0,0,0.006563988
0,0,0.0053390814
0,0,0.005118207
1,1,0.993152
0,0,0.0035177525
0,0,0.0039040444
1,1,0.98288846
0,0,0.037246175
0,0,0.002688283
0,0,0.008895807
0,0,0.0023137764
0,0,0.0031320103
0,0,0.006544486
1,1,0.7659482
1,1,0.9810286
0,0,0.0030261828
0,0,0.007424236
1,1,0.9857927
0,0,0.026792224
0,0,0.006006519
1,1,0.9705748
1,1,0.9777083
0,0,0.0033197699
1,1,0.97640216
0,0,0.0052558617
0,0,0.002537829
0,0,0.0022896468
1,1,0.98920304
0,0,0.012323604
0,0,0.003118566
0,0,0.23281986
1,1,0.9586424
0,0,0.15393598
0,0,0.044017497
1,0,0.47457486
1,1,0.9897692
0,0,0.009902443
0,0,0.41303414
1,1,0.98907757
0,0,0.0030620887
1,1,0.98097116
0,0,0.0026445768
0,0,0.0028333256
0,0,0.0063281273
1,1,0.9845232
1,1,0.9937874
1,1,0.9330646
0,0,0.008111024
0,0,0.0065496345
0,0,0.0032919687
0,0,0.013363615
0,0,0.16167457
1,1,0.9243826
0,0,0.32541904
0,0,0.0031434202
0,0,0.08660291
0,0,0.005461665
1,1,0.9951237
0,0,0.009340174
1,1,0.9891683
1,0,0.22452565
1,1,0.96933955
1,1,0.98203903
1,1,0.89352137
1,1,0.9740108
0,0,0.006558455
1,1,0.72132224
1,1,0.99431324
1,1,0.5083819
1,1,0.9862622
1,1,0.9688127
1,1,0.99509144
1,0,0.40652436
0,0,0.0028253426
1,1,0.8458175
1,1,0.9939626
0,0,0.00526632
0,0,0.09244084
1,1,0.994439
0,0,0.0025474485
1,1,0.9847077
0,0,0.0028425218
0,0,0.009203402
1,1,0.9587325
1,1,0.98713255
1,1,0.9945003
0,0,0.047476154
0,0,0.004118919
1,1,0.9823475
0,0,0.0049334276
1,1,0.9949681
1,1,0.9918441
1,1,0.98494625
0,0,0.33784404
0,0,0.002654574
1,1,0.98989445
1,1,0.99196225
1,1,0.9486668
0,0,0.0027177057
1,1,0.983845
1,1,0.98106015
0,0,0.002445026
1,1,0.9712408
0,0,0.0022675581
0,0,0.012494611
0,0,0.14267395
1,1,0.9677395
0,0,0.008043366
1,1,0.97521937
0,0,0.0028362938
0,0,0.0063050427
1,1,0.81833756
1,1,0.9941018
0,0,0.0065096486
1,1,0.85692555
0,0,0.0024940835
0,0,0.017031142
1,1,0.98897064
1,1,0.9931815
1,1,0.8960433
0,0,0.004065123
0,0,0.0025122066
0,0,0.0026522581
1,1,0.968871
0,0,0.00956715
0,0,0.002211819
0,0,0.0024875198
0,0,0.0023475997
1,1,0.9936534
1,1,0.9928699
1,1,0.9836363
0,1,0.8139216
1,1,0.77396834
1,1,0.9831685
1,1,0.9712044
1,1,0.92565984
1,1,0.9816498
1,1,0.9212899
0,0,0.0066984897
1,1,0.9945182
1,1,0.9859702
1,1,0.9843688
0,0,0.006716
0,0,0.002453825
0,0,0.0022121398
0,0,0.0033168588
1,1,0.9694798
0,0,0.0023049596
1,1,0.98252547
1,1,0.980071
0,0,0.004458548
0,0,0.006301679
0,0,0.006082167
0,0,0.003731701
1,1,0.98897576
0,0,0.0031434172
0,0,0.007867977
1,1,0.9963082
1,1,0.9935114
1,1,0.9899374
0,0,0.0021321124
1,1,0.9892575
1,1,0.9089595
1,1,0.9753534
0,0,0.020725315
1,1,0.98785585
1,1,0.98220384
1,1,0.9607006
1,1,0.9710949
1,1,0.98563415
1,1,0.8755034
1,1,0.6711403
1,1,0.97841597
1,1,0.98019034
0,0,0.09323938
1,1,0.99500304
0,0,0.0031366022
1,1,0.990026
1,1,0.988521
1,1,0.95677584
1,1,0.9850885
0,0,0.0051062964
1,1,0.9644313
1,1,0.99104124
1,1,0.9742536
0,0,0.0034421205
0,0,0.04891622
0,0,0.0066705896
1,1,0.98334783
1,1,0.9883686
1,1,0.9881093
1,1,0.88192207
0,0,0.004275311
1,1,0.97221464
1,1,0.8745226
1,1,0.9940923
1,1,0.8785385
0,0,0.0031154274
1,1,0.9675492
1,1,0.6039511
1,1,0.97247994
1,1,0.99160296
1,1,0.99279344
0,0,0.0031896753
1,1,0.98185766
1,1,0.9847274
0,0,0.0022213366
1,1,0.9233517
0,0,0.045152254
1,1,0.9888848
0,0,0.11804173
1,1,0.95477456
1,1,0.96892637
1,1,0.9936639
0,0,0.0026949134
1,1,0.99263304
1,1,0.9913073
1,1,0.9864552
0,0,0.0022529229
0,0,0.034625106
0,0,0.0025493235
1,1,0.9916739
1,1,0.96447146
1,1,0.90962636
1,1,0.99315923
1,1,0.97047645
0,0,0.002353505
0,0,0.09483628
1,1,0.9496576
1,1,0.9841632
0,0,0.002495467
1,1,0.9773462
0,0,0.0023674043
0,0,0.0033636424
0,0,0.0035353063
1,1,0.9843084
1,1,0.9949279
1,1,0.99009156
1,1,0.986896
1,1,0.9772512
0,0,0.0028931967
0,0,0.0068125823
1,1,0.9939539
1,1,0.939748
1,1,0.976267
1,1,0.9714964
0,0,0.0056858337
1,1,0.9688438
1,1,0.9819589
1,1,0.99314874
1,1,0.96081847
0,0,0.0035538683
0,0,0.014868195
0,0,0.0035065478
1,1,0.98159915
1,1,0.9816492
1,1,0.98588485
0,0,0.003285641
1,1,0.97010404
0,0,0.0033773442
1,1,0.97195303
1,1,0.9845762
0,0,0.026792224
1,1,0.98879737
0,0,0.0033583206
0,0,0.0032136757
0,0,0.0024505593
1,1,0.99451834
1,1,0.98560625
0,0,0.002916535
1,1,0.9842619
0,0,0.0044191144
1,1,0.97726893
1,1,0.9891474
1,1,0.98268765
0,0,0.0422285
1,1,0.9722935
0,0,0.0026984657
1,1,0.99128
1,1,0.9570224
1,1,0.98680335
1,1,0.97133225
0,0,0.011692359
1,1,0.99443215
1,1,0.9910642
1,1,0.9913094
1,1,0.9704633
1,1,0.98896104
1,1,0.99399734
1,1,0.9908958
1,1,0.7219284
0,0,0.004055361
1,1,0.990194
1,1,0.9754847
1,1,0.6347548
1,1,0.93536365
1,1,0.99529946
1,1,0.94183606
1,1,0.96995753
1,1,0.9903646
1,1,0.9442617
0,0,0.004555309
0,0,0.003863371
1,1,0.96654785
0,0,0.0075382567
0,0,0.029886374
0,0,0.0033940936
1,1,0.99563557
0,0,0.005220101
1,1,0.96973634
0,0,0.0025608807
1,1,0.82159096
1,1,0.9509013
1,1,0.76743907
1,1,0.95296955
0,0,0.0033372052
1,1,0.9942642
0,0,0.0042234357
0,0,0.0028854185
0,0,0.0033993267
1,1,0.9836685
0,0,0.0037994534
1,1,0.96652514
1,1,0.9932053
0,0,0.017070517
1,1,0.93886334
1,1,0.99321085
0,0,0.010592515
0,0,0.004204284
1,1,0.9737791
0,0,0.004204284
1,1,0.9603747
1,1,0.99441236
1,1,0.9891579
0,0,0.002834262
1,1,0.9723394
0,0,0.0022629187
0,0,0.0023206254
1,1,0.9941968
1,1,0.9916938
1,1,0.99203753
0,0,0.003786033
0,0,0.0043926807
1,1,0.96821654
1,1,0.9947844
1,1,0.97784185
0,0,0.0025385453
0,0,0.0019583642
1,1,0.99170494
1,1,0.9944371
1,1,0.72671634
1,1,0.9097917
1,0,0.3706635
1,1,0.9921256
0,0,0.017449081
1,1,0.99290824
0,0,0.0031287756
1,1,0.98249924
1,1,0.98881173
1,1,0.7579522
0,0,0.0024669513
0,0,0.0032350528
0,0,0.0058074333
0,0,0.0065524834
1,1,0.9592043
0,0,0.00214446
0,0,0.017275259
1,0,0.22406904
1,0,0.33702207
0,0,0.002231734
1,1,0.9667236
0,0,0.021006433
0,0,0.0023065293
1,1,0.93895596
0,0,0.0053014746
1,1,0.98630154
1,1,0.9937069
0,0,0.0037709165
0,0,0.031983577
0,0,0.0056648836
1,1,0.9777104
1,1,0.96746594
1,1,0.9832848
1,1,0.9885257
1,0,0.39122832
1,0,0.026244452
1,1,0.9898038
1,1,0.9822556
0,0,0.007935276
1,1,0.9905567
1,1,0.97029525
1,1,0.9963714
0,0,0.0058786827
0,0,0.002646138
1,1,0.9893454
1,1,0.9936879
1,1,0.99560803
1,1,0.99412185
1,1,0.7522314
1,1,0.9855414
0,0,0.002966613
0,0,0.0027874573
1,1,0.97222793
1,1,0.9798641
0,0,0.003556255
1,1,0.9768242
1,1,0.9937004
0,0,0.0034323314
0,0,0.0044424287
0,0,0.0043767253
1,1,0.70363146
1,1,0.9143835
1,1,0.6082278
0,0,0.006111327
1,1,0.9672755
0,0,0.0124500105
1,1,0.9919126
1,1,0.96271724
0,0,0.0023970618
0,0,0.0022809012
0,0,0.0033943611
0,0,0.0022600493
1,1,0.97739226
0,0,0.005469747
0,0,0.0026237608
0,0,0.009068816
1,1,0.9944924
0,0,0.17654626
1,1,0.98467064
0,0,0.0030156532
0,0,0.027564313
1,1,0.9934274
1,1,0.9676858
1,1,0.9937263
1,1,0.9827397
1,1,0.70754623
1,1,0.99035466
1,1,0.9945997
1,1,0.9722764
1,1,0.9926023
0,0,0.003481179
0,0,0.002136086
0,0,0.006277355
0,0,0.040950272
0,0,0.053978816
0,0,0.012147565
0,0,0.032527637
0,0,0.0046997443
0,0,0.0022092757
0,0,0.0031978774
0,0,0.0049699782
0,0,0.0025454222
0,0,0.0021115518
0,0,0.059704166
0,0,0.0031968548
0,0,0.0039619994
0,0,0.0026825517
0,0,0.026792224
0,0,0.039886337
1,1,0.99439985
1,1,0.98137164
1,1,0.97901785
0,0,0.0028509763
0,0,0.0033221564
0,0,0.0036763789
0,0,0.0024542813
0,0,0.016782947
1,1,0.98972815
1,1,0.99518955
0,0,0.0037064496
0,0,0.0028978551
1,1,0.9899984
1,1,0.9825248
1,1,0.9831125
1,1,0.98852843
0,0,0.0028617242
1,1,0.9683635
1,1,0.9919213
0,0,0.016755832
1,1,0.8113598
0,0,0.0028806864
0,0,0.0021955518
0,0,0.0025116042
1,1,0.9951315
1,1,0.9732891
1,1,0.99354136
1,1,0.99233127
1,1,0.94885534
1,1,0.9784828
1,1,0.84688497
1,1,0.8316501
0,0,0.069130234
1,1,0.9104218
1,1,0.99316955
1,1,0.9938139
1,1,0.9481222
1,1,0.9842924
1,1,0.990571
0,0,0.0030934308
1,1,0.99290586
1,1,0.9935522
1,1,0.97591996
1,1,0.9036092
1,1,0.9806388
0,0,0.0033164425
1,1,0.9923734
1,1,0.984774
1,1,0.98385286
1,1,0.96524763
0,0,0.01601784
1,1,0.9693021
0,0,0.0029369325
1,1,0.958747
1,1,0.99215275
0,0,0.059508555
1,1,0.75026655
1,1,0.99101853
0,0,0.0023178242
1,1,0.9811327
0,0,0.005815283
0,0,0.0045018233
1,1,0.99252933
0,0,0.005702351
0,0,0.0067895334
0,0,0.26080075
0,0,0.0024960795
0,0,0.0024960795
0,0,0.008970698
0,0,0.025289003
0,0,0.024607547
0,0,0.0027066101
1,1,0.9523573
0,0,0.0067490283
0,0,0.0022888693
0,0,0.03565538
0,0,0.00396218
0,0,0.026202474
1,1,0.9736354
1,1,0.96776295
1,1,0.99582577
0,0,0.002666216
1,1,0.9963335
1,1,0.994875
0,0,0.0026772043
0,0,0.00230214
0,0,0.038459305
1,1,0.990919
0,0,0.002553697
1,1,0.9945673
1,1,0.99250716
1,1,0.99465984
1,1,0.9942416
1,1,0.99424237
1,1,0.98080933
1,1,0.99141216
0,0,0.016376764
0,0,0.0024568955
1,1,0.9953491
0,0,0.008459478
1,1,0.9924575
1,1,0.9943403
1,1,0.9901901
1,1,0.9943327
1,1,0.7219869
1,1,0.99396884
1,1,0.9944772
1,1,0.9854894
1,1,0.97972465
1,1,0.98384815
0,0,0.043267947
0,0,0.002777197
0,0,0.003990375
1,1,0.9946207
1,1,0.96342635
1,1,0.9837982
1,1,0.99441373
1,1,0.99036354
0,0,0.0022468816
1,1,0.9905714
1,1,0.99239963
1,1,0.81762266
0,0,0.024122125
1,1,0.9947588
1,1,0.9944718
1,1,0.8854665
0,0,0.007298676
1,1,0.99335575
1,1,0.95508486
1,1,0.98365444
0,0,0.0028648118
0,0,0.06748789
1,1,0.9518812
0,0,0.0025180087
1,1,0.99505913
0,0,0.0026113396
0,0,0.0027250666
0,0,0.002560358
1,1,0.99155575
0,0,0.0022609343
0,0,0.002387968
1,1,0.996427
1,1,0.9947125
1,1,0.9930935
1,1,0.848207
0,0,0.0059413505
0,0,0.007866249
1,1,0.981874
1,1,0.98320204
0,0,0.007789424
1,1,0.99293053
0,0,0.009285382
0,0,0.0049014064
1,1,0.9888841
0,0,0.015916143
0,0,0.011553519
0,0,0.0026082736
0,0,0.009670399
0,0,0.0034128192
0,0,0.0022302566
0,0,0.004561649
0,0,0.0052802567
0,0,0.0028638097
0,0,0.0030613644
0,0,0.00412872
1,1,0.97075754
1,1,0.9870825
0,0,0.0025539973
1,1,0.96858424
0,0,0.0026394073
0,0,0.011466142
1,1,0.9810042
1,1,0.88540167
0,0,0.003099625
1,1,0.97000104
1,1,0.94464326
0,0,0.00222121
1,1,0.98625714
0,0,0.002546529
0,0,0.0037004822
0,0,0.0031164258
0,0,0.0031164258
1,1,0.97152597
0,0,0.00878889
1,1,0.9665817
1,1,0.9915803
1,1,0.982261
1,1,0.9706938
1,1,0.9240724
0,0,0.0039976514
0,0,0.00401321
0,0,0.0034317428
0,0,0.021920359
0,0,0.007056865
0,0,0.0035980511
1,1,0.9800234
1,1,0.903068
0,0,0.0025330936
0,0,0.002324351
1,1,0.9953891
0,1,0.7233011
0,0,0.003682081
1,1,0.9828273
1,1,0.98547804
0,0,0.005666506
0,0,0.0528385
1,1,0.64711124
1,1,0.99121374
1,1,0.98580176
1,1,0.7161333
1,1,0.89606565
0,0,0.0057600937
1,1,0.97227377
1,1,0.98781955
0,0,0.1301827
1,1,0.98526657
1,1,0.975392
1,1,0.96484107
1,1,0.99040353
1,1,0.71411234
0,0,0.005467853
0,0,0.0027212054
1,1,0.9730482
0,0,0.0028912383
1,1,0.97148705
1,1,0.9868249
1,1,0.9861984
1,1,0.9475988
1,1,0.98644453
0,0,0.0041840714
0,0,0.0028912383
0,0,0.0027785033
1,1,0.9720042
1,1,0.984446
1,1,0.93080753
1,1,0.9674553
1,1,0.99119663
1,1,0.9717567
0,0,0.011489249
1,1,0.9904482
1,1,0.8451402
1,1,0.9930004
0,0,0.016500512
0,0,0.0029267527
1,1,0.9679824
1,1,0.9920014
0,0,0.0057714977
1,1,0.9539692
0,0,0.004305422
0,0,0.04481272
1,1,0.8576812
1,1,0.9741209
1,1,0.98952603
0,0,0.0029515687
0,0,0.002915377
1,1,0.97809255
1,1,0.9190556
1,1,0.97154456
0,0,0.003470666
0,0,0.0027169664
0,0,0.0026964531
0,0,0.0028633415
1,1,0.92547315
0,1,0.9702157
0,1,0.7110882
1,0,0.14814956
0,1,0.71108824
0,0,0.057855185
0,0,0.057855185
0,0,0.0024306802
0,0,0.010013693
0,0,0.0022354259
1,1,0.9944047
1,1,0.99215055
0,0,0.07847773
1,1,0.993814
0,0,0.004596223
0,0,0.0024397087
1,1,0.86661714
1,1,0.98686326
0,0,0.11291465
0,0,0.0021141968
0,0,0.0021248076
1,1,0.9840103
0,0,0.02134334
0,0,0.32295105
1,1,0.97893834
1,1,0.9822119
1,1,0.8698849
0,0,0.002537046
0,0,0.005639922
1,1,0.6607267
1,1,0.9926462
1,1,0.9960406
0,0,0.0064275884
0,0,0.0028827402
0,0,0.002916579
1,1,0.9874756
1,1,0.8431945
1,1,0.97557163
0,0,0.005604501
0,0,0.019162733
1,1,0.9934516
0,0,0.0037192025
0,0,0.0063517294
0,0,0.016065687
0,0,0.004280198
1,1,0.99409074
1,1,0.98571914
1,1,0.9796296
1,1,0.98514414
0,0,0.0036156648
1,1,0.98984563
0,0,0.0051309434
1,1,0.991916
1,1,0.973006
0,0,0.002510126
1,1,0.9913657
1,1,0.76624763
1,0,0.21265072
0,0,0.0025324624
1,1,0.5415338
1,1,0.9896282
0,0,0.0023262417
1,1,0.99080604
1,1,0.9932933
1,1,0.9957029
0,0,0.0023349985
0,0,0.009030395
0,0,0.0028101369
1,1,0.98908126
0,0,0.0027081657
1,1,0.98214483
0,0,0.0023408295
0,0,0.003267022
0,0,0.11012563
0,0,0.0041078865
0,0,0.003546606
0,0,0.0028489842
1,1,0.98299015
0,0,0.007765576
1,1,0.8778836
1,1,0.984204
0,0,0.00310411
1,1,0.76667917
0,0,0.05606319
0,0,0.0074051935
1,1,0.98621583
1,1,0.9886108
0,0,0.0028751118
1,1,0.97104275
0,0,0.022899766
1,1,0.67946565
1,1,0.9957443
0,0,0.0021603536
1,1,0.7819493
1,1,0.9815879
0,0,0.002236413
1,0,0.422485
1,1,0.98382276
1,1,0.9916958
0,0,0.0025016682
0,0,0.011611997
0,0,0.0025714308
1,1,0.9901686
1,1,0.9807959
0,0,0.0066199815
0,0,0.00216583
1,1,0.99186724
0,0,0.0062498474
1,1,0.99505097
1,1,0.993569
1,1,0.98099136
1,1,0.9867465
0,0,0.0031982758
1,1,0.98007137
1,1,0.86727464
0,0,0.0023695773
1,1,0.51757216
1,1,0.6632549
0,0,0.008153904
0,0,0.0024353852
0,0,0.011159653
0,0,0.002651353
0,0,0.0026058832
0,0,0.002297314
0,0,0.0028740484
1,1,0.9930341
0,0,0.002238465
0,0,0.005853228
1,1,0.9360119
0,0,0.0026690785
0,1,0.9661825
1,1,0.99079305
0,0,0.0026701856
1,1,0.9247195
0,0,0.0023442775
0,0,0.006346327
1,1,0.96717715
0,0,0.013476686
0,0,0.02008628
0,0,0.0022547299
1,1,0.9609403
0,0,0.0035006928
0,0,0.0022816935
0,0,0.003843566
1,1,0.9834125
1,1,0.99326855
0,0,0.00405198
0,0,0.0037640478
0,0,0.010635588
0,0,0.0027092255
1,1,0.98893577
0,1,0.9654633
1,1,0.95915514
0,0,0.0034839755
1,1,0.92351955
1,1,0.99044293
1,1,0.9962697
1,1,0.92571926
0,0,0.0031351473
1,1,0.68623084
1,1,0.9267589
0,0,0.0029633048
0,0,0.073850006
0,0,0.00713334
0,0,0.002428955
1,1,0.9795349
0,0,0.1376709
0,0,0.0034289684
0,0,0.00871716
0,0,0.002604457
0,0,0.0020739636
1,1,0.955764
0,0,0.0025221582
1,1,0.99426574
1,1,0.9932954
0,0,0.0038988225
0,0,0.0030609393
0,0,0.019891284
0,0,0.019179221
0,0,0.005320332
0,0,0.0031715669
0,0,0.0019995987
1,1,0.70781475
0,1,0.97744
1,1,0.98240936
1,1,0.9955381
0,0,0.23545934
0,0,0.0077886535
1,1,0.98573315
0,0,0.0021950335
0,0,0.0021950335
0,0,0.0023547579
0,0,0.012229956
0,0,0.0028443497
0,0,0.007821418
1,1,0.99266243
0,0,0.0028770056
1,1,0.98410946
0,0,0.0033619825
1,1,0.9841755
0,0,0.010738358
0,0,0.0048342594
1,1,0.98723954
1,1,0.9934803
0,0,0.062364683
1,1,0.96646905
0,0,0.0021121309
0,0,0.006798694
0,0,0.0030598715
0,0,0.0056731403
0,0,0.0029815927
1,1,0.94374824
1,1,0.9847099
1,1,0.9952088
1,1,0.9715306
1,1,0.97661006
1,1,0.9833243
1,1,0.9823041
1,1,0.99276876
1,1,0.99406105
0,0,0.01885365
1,1,0.99361056
1,1,0.9916706
1,1,0.98973256
1,1,0.9190942
1,1,0.9880233
1,1,0.9648493
1,1,0.9831966
1,1,0.9927529
1,1,0.9943104
1,1,0.9695175
1,1,0.9914699
0,0,0.0022548414
1,1,0.9470145
1,1,0.7700041
1,1,0.988521
1,1,0.9950755
0,0,0.0022548414
0,0,0.05817464
1,1,0.829407
1,1,0.98944956
0,0,0.009829726
1,1,0.98519474
1,1,0.9540923
1,1,0.81155
1,1,0.98331463
1,1,0.9710451
1,1,0.99283737
0,0,0.08933115
0,0,0.03344758
1,1,0.9913993
0,0,0.0044700135
1,1,0.9918046
1,1,0.95667785
1,1,0.990528
1,1,0.8529716
1,1,0.91246784
1,1,0.97196746
0,0,0.0039976514
1,1,0.9811897
1,1,0.96610004
0,0,0.0025932945
1,1,0.8917041
1,1,0.974069
1,1,0.9002936
0,0,0.0024009175
0,0,0.0031272736
0,0,0.0024009175
0,0,0.0023609968
1,1,0.98647726
1,1,0.9625096
1,1,0.76603043
0,0,0.0027784847
0,0,0.0044273315
0,0,0.0034693172
0,0,0.009158235
0,0,0.004067929
1,1,0.9643346
1,1,0.84947807
1,1,0.57386684
0,0,0.0026884612
0,0,0.0043969117
1,1,0.70188403
0,0,0.004887813
1,1,0.8743971
0,0,0.004233384
0,0,0.003005666
1,1,0.9863274
1,1,0.99378055
1,1,0.87226087
0,0,0.0025514485
1,1,0.9371224
0,0,0.004459209
1,1,0.9831207
0,0,0.004476431
1,1,0.9728079
0,0,0.005849542
1,1,0.99050117
0,0,0.0026626685
0,0,0.09058159
0,0,0.004661451
0,0,0.0032841207
1,1,0.7597113
0,0,0.0066299043
1,1,0.92719823
1,1,0.98834246
1,1,0.96864957
1,1,0.9617756
1,1,0.9814099
1,1,0.91777956
1,1,0.84314364
1,1,0.97652435
0,0,0.00279073
1,1,0.8301117
1,1,0.99360496
1,1,0.9881229
1,1,0.9899545
0,0,0.003500929
1,1,0.75943744
0,0,0.0043060887
0,0,0.0035769136
1,1,0.9591906
1,1,0.9782547
0,0,0.002090736
1,1,0.98517436
0,0,0.073545426
0,0,0.002635652
1,1,0.99287766
0,0,0.026792224
0,0,0.026792224
0,0,0.026792224
0,0,0.005624563
0,0,0.0028017447
0,0,0.002698434
1,1,0.99443996
1,1,0.9266305
1,1,0.9908183
1,1,0.9951866
0,0,0.0021071588
1,1,0.96441555
0,0,0.24570093
1,1,0.9949004
1,1,0.988931
0,0,0.0036811417
1,1,0.5599823
1,1,0.9870702
1,1,0.98883736
1,1,0.9734446
1,1,0.9553384
0,0,0.0024974477
0,0,0.003761318
0,0,0.0025798636
0,0,0.004974123
0,0,0.24179858
1,1,0.9407354
0,0,0.052607212
1,1,0.9679212
1,1,0.9012597
1,1,0.9313121
0,0,0.0035937254
1,1,0.99382716
1,1,0.99273515
1,1,0.8469905
0,0,0.026157223
0,0,0.002952338
1,1,0.9860934
1,1,0.9784289
0,0,0.0025925743
1,1,0.96719265
0,0,0.0024303151
1,1,0.90755117
0,0,0.0025753886
1,1,0.99132955
1,1,0.9863905
0,0,0.0042260136
1,1,0.9575759
0,0,0.004015634
0,0,0.006850613
0,0,0.0043679713
0,0,0.0032719763
1,1,0.9836579
1,1,0.96830887
0,0,0.0036976652
1,1,0.9939144
0,0,0.0027653778
0,0,0.0023057677
0,0,0.104399316
1,1,0.9830617
1,1,0.98775417
0,0,0.0074734646
0,0,0.0074734646
1,1,0.9916191
0,0,0.00921649
1,1,0.7760787
0,0,0.002678335
1,1,0.9942789
0,0,0.005524369
0,0,0.008176061
0,0,0.0027056641
1,1,0.90405655
0,0,0.002626841
0,0,0.0019781725
0,0,0.0053193304
1,1,0.9866273
0,0,0.1403895
0,0,0.0022218123
0,0,0.0028494569
0,0,0.0021103865
0,0,0.3588471
1,1,0.99588263
1,1,0.8759443
1,1,0.992597
1,1,0.9868439
1,1,0.97663796
1,1,0.6748687
0,0,0.00533536
1,1,0.99407697
1,0,0.40503797
0,0,0.0067750234
0,0,0.002416138
0,0,0.0036572064
0,0,0.0044782376
0,0,0.022766385
0,0,0.0047773216
0,0,0.0049521457
1,1,0.9872214
0,0,0.0025757148
1,1,0.7768868
0,0,0.0057159523
1,1,0.8282285
0,0,0.07061718
1,1,0.98716486
1,1,0.97482556
0,0,0.009147489
0,0,0.010272942
0,0,0.0031820466
1,1,0.9493759
1,1,0.9889892
1,1,0.9498622
0,0,0.003626579
0,0,0.028653035
1,1,0.99101263
1,1,0.9354879
1,1,0.95906854
0,0,0.006559754
0,0,0.0020830857
0,0,0.0020830857
0,0,0.0024075725
0,0,0.0037618235
0,0,0.0027408544
0,0,0.0021754494
1,1,0.78238976
0,0,0.0035132288
0,0,0.0086967
1,1,0.99096733
0,0,0.0040647197
1,1,0.9716859
0,0,0.0050945613
0,0,0.012559342
0,0,0.0025154087
0,0,0.0024207286
0,0,0.0024207286
1,1,0.97507024
1,1,0.9507332
0,0,0.010132679
0,0,0.002218727
0,0,0.0022691966
1,1,0.982875
1,1,0.9658909
1,1,0.9805802
0,0,0.0032664945
0,0,0.0032664945
0,0,0.0025334805
0,0,0.0021035431
1,1,0.92713296
1,1,0.98587394
1,1,0.9578135
1,1,0.9838066
0,0,0.06968317
1,1,0.90957165
1,1,0.9952172
1,1,0.9809398
1,1,0.8787738
1,1,0.9924959
1,1,0.98193455
1,0,0.36870906
1,1,0.77716625
1,1,0.977193
1,1,0.8139671
0,0,0.0021450948
1,1,0.9822406
1,0,0.26312992
0,0,0.018478042
0,0,0.06969719
0,0,0.0022135938
1,1,0.96353436
1,1,0.9777359
0,0,0.00212484
0,0,0.032464854
0,0,0.0037602761
1,1,0.9522651
1,1,0.988698
1,1,0.97650594
1,1,0.97722
1,1,0.9923453
0,0,0.0026225906
1,1,0.82206285
0,0,0.0028343687
0,0,0.004398198
1,1,0.9707374
0,0,0.0031385245
1,1,0.97755176
1,1,0.9951763
1,1,0.96191114
0,0,0.011202275
1,1,0.6974755
0,0,0.0028754452
0,0,0.009258298
0,0,0.0034242722
1,1,0.936442
1,1,0.9020203
0,0,0.0031939384
0,0,0.34029734
0,0,0.0027102514
1,1,0.98403823
1,1,0.9720233
0,0,0.0043610404
0,0,0.0048131086
1,1,0.99150765
1,1,0.98211426
1,1,0.5712518
1,1,0.94277483
1,1,0.9608254
1,1,0.9381962
1,1,0.97927743
1,1,0.9894633
0,0,0.0068753297
1,1,0.96250796
0,0,0.0032685166
1,1,0.97084516
0,0,0.0068753297
1,1,0.95681274
1,1,0.99223584
1,1,0.99154294
1,1,0.9580445
0,0,0.016759302
1,1,0.97439516
1,1,0.96996576
1,1,0.9613784
1,1,0.8998064
1,1,0.9646416
0,0,0.002397673
0,0,0.0039522597
0,0,0.0026759086
1,1,0.9022004
1,1,0.99333763
0,0,0.0042092395
0,0,0.0028389369
0,0,0.0027953866
1,1,0.95255816
1,1,0.8880626
1,1,0.9900239
0,0,0.0024087778
1,1,0.9828661
0,0,0.0022595676
1,1,0.95178753
0,0,0.0024910362
0,0,0.0039045208
0,0,0.002873592
0,0,0.00318844
0,0,0.002420245
1,1,0.9865066
1,1,0.9647046
0,0,0.17131354
0,0,0.0046438226
0,0,0.00430959
0,0,0.0027000604
0,0,0.03220125
1,1,0.96667475
1,1,0.96458846
1,1,0.9960877
0,0,0.0064340956
0,0,0.009054768
0,0,0.0046155797
0,0,0.005045191
0,0,0.0032181388
0,0,0.0022035115
0,0,0.007998566
0,0,0.004153669
1,1,0.9081665
1,1,0.96948045
0,0,0.0024336409
1,1,0.9886232
1,1,0.9671602
1,1,0.9921644
0,0,0.0022051889
1,1,0.9897016
0,0,0.018560939
0,0,0.019577617
0,0,0.0024617538
0,0,0.0024617538
1,1,0.98914844
0,0,0.0023507008
0,0,0.039740555
1,1,0.99211335
0,0,0.002385501
1,1,0.988571
0,0,0.004186182
1,1,0.9852041
0,0,0.026720397
1,1,0.98923814
0,0,0.0035169935
0,0,0.004040512
0,0,0.0019890727
0,0,0.004142495
0,0,0.0025630628
0,0,0.014591879
0,0,0.004680785
0,0,0.0028607475
0,0,0.0028607475
0,0,0.0025854951
0,0,0.00394462
1,1,0.9940884
0,0,0.006290674
1,1,0.95597565
1,1,0.9742241
1,1,0.99462694
1,1,0.9762482
1,0,0.41820005
1,1,0.97621626
0,1,0.5019748
1,1,0.98273474
0,0,0.0022872875
1,1,0.9826582
0,0,0.0027021514
0,0,0.005294999
0,0,0.0077395905
0,0,0.0027021514
0,0,0.0025840055
1,1,0.9891689
0,0,0.003182797
0,0,0.0029602577
1,1,0.98206276
0,0,0.39615127
0,0,0.002217263
1,1,0.9948094
1,1,0.9897754
0,0,0.08470298
1,1,0.95532393
1,1,0.994381
1,1,0.9885589
1,0,0.44489715
0,0,0.003437965
0,0,0.0032773863
1,1,0.9913515
1,1,0.98737574
0,0,0.024276752
0,0,0.004114516
1,1,0.99572396
0,0,0.003297952
1,1,0.9898023
1,1,0.98581475
0,0,0.002934737
0,0,0.0027028425
1,1,0.98802
1,1,0.98859113
0,0,0.0021914826
0,0,0.0027765357
1,1,0.80923176
1,1,0.75333494
1,1,0.98473203
1,1,0.98264253
1,1,0.98431754
1,1,0.9795233
0,0,0.0036183316
0,0,0.0036183316
1,1,0.9939166
1,1,0.9870055
0,0,0.0021675208
0,0,0.0021358472
0,0,0.0068984916
0,0,0.020321297
1,1,0.9880773
1,1,0.81763494
0,0,0.0058678132
1,0,0.40116006
0,0,0.0032728007
0,0,0.002914594
0,0,0.0036159
0,0,0.0031188165
0,0,0.002570044
0,0,0.0030560163
0,0,0.0056220726
0,0,0.0052715386
0,0,0.0052715386
0,0,0.00637799
0,0,0.00637799
0,0,0.24823272
0,0,0.004298122
0,0,0.0022838037
0,0,0.0030642967
0,0,0.0038133347
0,0,0.021867696
0,0,0.0024447404
1,1,0.9854138
0,0,0.27092353
1,1,0.99197936
1,1,0.8160451
0,0,0.008734998
1,1,0.987041
1,1,0.99493766
1,1,0.97693956
1,1,0.8752692
1,1,0.97601366
0,0,0.0024911026
0,0,0.002674953
0,0,0.0029037942
1,1,0.97928727
0,0,0.002507272
0,0,0.0028177064
0,0,0.004562329
0,0,0.0024372672
0,0,0.10926305
1,1,0.55348325
1,1,0.9946615
0,0,0.015563009
0,0,0.0049559255
0,0,0.002699055
0,0,0.003070072
0,0,0.0035182307
0,0,0.0050883153
1,1,0.9835027
0,0,0.0070472863
0,0,0.0035182307
0,0,0.0042689233
0,0,0.0047091865
0,0,0.0199149
1,0,0.37841642
0,0,0.0199149
0,0,0.0025474278
0,0,0.002450545
1,1,0.8204726
0,0,0.002729392
0,0,0.0092428895
0,0,0.0043602823
1,1,0.993155
0,0,0.003857496
1,1,0.9653081
1,1,0.941346
1,1,0.99208826
1,1,0.98975676
1,1,0.6246454
1,1,0.97800946
0,0,0.0022641066
1,1,0.9576192
0,0,0.007005424
1,1,0.92437685
0,0,0.004612098
0,0,0.0057611447
0,0,0.0022844067
0,0,0.0027211236
0,0,0.04970187
0,0,0.0022486954
0,0,0.0033470974
1,1,0.9703179
1,1,0.99187803
0,0,0.007635274
0,0,0.14599043
1,1,0.9009888
0,0,0.0026573236
0,0,0.016523564
1,1,0.9859693
1,1,0.9763407
1,1,0.69646055
1,1,0.9878955
1,1,0.9874884
1,1,0.9886319
1,1,0.98939264
1,1,0.9889992
1,1,0.99469525
1,1,0.97555166
1,1,0.9920013
1,1,0.9871542
0,0,0.0025427577
1,1,0.992626
1,1,0.9833557
1,1,0.97263104
1,1,0.99068063
1,1,0.94269687
0,0,0.0048242286
1,1,0.99189717
0,0,0.13379204
1,1,0.9947915
0,0,0.002368384
1,1,0.9893461
0,0,0.00413613
1,1,0.9912915
1,0,0.44933087
1,1,0.9894782
0,0,0.004091587
1,1,0.65827286
0,0,0.0029705649
1,1,0.98984617
1,1,0.9949649
0,0,0.0026663735
0,0,0.0026663735
1,1,0.9891803
1,1,0.9900219
1,1,0.97262585
1,1,0.9345884
1,1,0.9643743
1,1,0.97734046
0,0,0.0019903649
1,1,0.9883839
0,0,0.005938183
1,1,0.98737216
1,1,0.9893841
1,1,0.9921948
1,1,0.99486995
1,1,0.9949774
1,1,0.9890977
1,1,0.9929597
1,1,0.9733525
1,1,0.80822474
1,1,0.9947296
0,0,0.0059233876
1,1,0.94167876
1,1,0.9941976
0,0,0.002421841
1,1,0.9556497
1,1,0.99593973
1,1,0.88291204
0,0,0.0023669268
0,0,0.0023669268
0,0,0.0043915105
1,1,0.9810337
1,1,0.9887496
1,1,0.9920706
0,0,0.002473229
0,0,0.018871197
0,0,0.0027107722
0,0,0.0022658552
0,0,0.0022658552
1,1,0.9882636
1,1,0.9716125
1,1,0.9948763
1,1,0.99257666
0,0,0.0029187372
1,1,0.99530315
1,1,0.9894443
0,0,0.002714296
0,0,0.06399108
0,0,0.0022727966
0,0,0.005024305
1,1,0.99590415
0,0,0.004638776
0,0,0.0114311995
1,1,0.9919179
1,1,0.99235886
1,1,0.9933884
0,0,0.0022785042
0,0,0.22510211
1,1,0.97128433
1,1,0.99278533
1,1,0.97075886
1,1,0.98554915
0,0,0.00294309
1,1,0.9929391
1,1,0.969848
0,0,0.0029180394
0,0,0.002356636
0,0,0.07183785
1,1,0.9795203
0,0,0.0024019557
0,0,0.0026951595
0,0,0.0039797365
0,0,0.0039797365
1,1,0.98045385
0,0,0.08625562
0,0,0.0034364378
1,1,0.9692192
0,0,0.0023407682
0,0,0.0029155973
1,1,0.967486
0,0,0.0022383896
1,1,0.98692083
1,1,0.9938367
1,1,0.994599
0,0,0.0022383896
0,0,0.026792224
0,0,0.026792224
0,0,0.026792224
1,1,0.9934902
0,0,0.026792224
1,1,0.9884465
1,1,0.976428
1,1,0.99348253
1,1,0.9883935
1,1,0.9914145
1,1,0.9925783
1,1,0.99531186
1,1,0.9337985
1,1,0.99404424
1,1,0.98495066
1,1,0.9914826
0,0,0.40143496
1,1,0.99312806
0,0,0.10210005
1,1,0.9927515
1,1,0.9932546
1,1,0.9933903
0,0,0.003391195
1,1,0.98935694
0,0,0.0026888344
1,1,0.99410796
1,1,0.98904383
1,1,0.9824625
1,1,0.990418
1,1,0.9946964
0,0,0.0042487727
1,1,0.99020547
1,1,0.9947608
0,0,0.026792224
0,0,0.026792224
0,0,0.026792224
0,0,0.026792224
0,0,0.0044810716
0,0,0.0036356535
0,0,0.017335003
1,1,0.97478217
1,1,0.96160716
1,1,0.96798694
0,0,0.012408764
0,0,0.007820221
1,1,0.9776642
1,1,0.974068
1,1,0.98933023
1,1,0.98276895
1,1,0.8160595
0,0,0.061036326
1,1,0.9953492
1,1,0.9947718
1,1,0.98213917
1,1,0.97288406
1,1,0.971669
1,1,0.9839918
0,0,0.0023816696
1,1,0.8658121
0,0,0.002214661
1,1,0.98111916
1,1,0.9311757
1,1,0.9493898
1,1,0.9660121
0,1,0.64358115
1,1,0.9827216
1,1,0.9656569
0,0,0.002214661
1,1,0.9611972
1,1,0.9385235
1,1,0.9333957
0,0,0.0027876508
1,1,0.78518194
0,0,0.002462979
0,0,0.0068754796
1,1,0.98942995
1,1,0.8975518
1,1,0.9923884
0,0,0.008617581
1,1,0.99369603
0,0,0.008617581
1,1,0.97278523
1,0,0.49935412
0,0,0.0029649267
1,1,0.98666406
0,0,0.0026936862
1,1,0.97100157
0,0,0.0021422952
1,1,0.90835065
1,1,0.9870956
0,0,0.005592741
0,0,0.0021422952
1,1,0.9881937
1,1,0.99386346
0,0,0.0037118527
0,0,0.0025206257
0,0,0.0033866158
1,1,0.8723314
1,1,0.97084886
0,0,0.016563963
0,0,0.019377334
1,1,0.98118824
0,0,0.0025908933
0,0,0.1656299
1,1,0.90456116
0,0,0.0023421026
1,1,0.9857562
0,0,0.0032982675
0,0,0.0067546256
1,1,0.99229616
1,1,0.93184215
1,1,0.82741296
1,1,0.97962797
0,0,0.00321324
0,0,0.00321324
1,1,0.9724233
0,0,0.0072019724
0,0,0.002642605
1,1,0.90204555
1,1,0.9763905
0,0,0.0028172666
0,0,0.046304557
1,1,0.9514339
0,0,0.15920424
1,1,0.9916192
0,0,0.0029702939
1,1,0.9678668
0,0,0.0024577687
0,0,0.003164505
1,1,0.9674858
0,0,0.0045387074
1,1,0.9601573
0,0,0.018384667
1,1,0.87483215
1,1,0.8746168
1,1,0.7160437
0,0,0.0038966024
1,1,0.98463964
0,0,0.0025197172
0,0,0.002471137
1,1,0.97307354
0,0,0.0036181237
1,0,0.37823656
1,1,0.9861659
0,0,0.13626681
0,0,0.0036518553
1,1,0.8934383
1,1,0.9711028
0,0,0.002092952
1,1,0.9851415
0,0,0.002468039
0,0,0.0024026416
1,1,0.98567617
1,1,0.9678754
1,1,0.99038213
0,0,0.0029749463
1,1,0.9489488
1,1,0.97906977
0,0,0.004737068
0,0,0.0024030134
1,0,0.4960545
1,1,0.98330724
1,1,0.9893076
1,1,0.9840098
1,1,0.7651157
0,0,0.0029670151
1,1,0.96569955
0,0,0.0024580632
0,0,0.005949867
0,0,0.0026938384
1,1,0.97948784
1,1,0.9923883
0,0,0.0026077356
1,1,0.9894834
0,0,0.0019661898
1,1,0.9864395
0,0,0.01043036
1,1,0.98697853
0,0,0.01043036
1,1,0.9705392
1,1,0.9914171
1,1,0.99190056
0,0,0.065603346
1,1,0.99206054
1,1,0.9847661
1,1,0.8879147
1,1,0.9917908
1,1,0.9867873
1,1,0.98986953
1,1,0.9783311
0,0,0.0028853032
1,1,0.9909512
1,1,0.98601276
0,0,0.065675184
0,0,0.00973125
1,1,0.9941129
1,1,0.99293476
0,0,0.0072019724
0,0,0.0064116386
1,1,0.98566365
1,0,0.4321778
1,1,0.9932724
1,1,0.7244499
1,1,0.97818345
1,1,0.98768437
1,1,0.9899691
0,0,0.0039380677
0,0,0.0055788932
0,0,0.002668969
1,1,0.98816955
1,1,0.98728067
1,1,0.9676732
1,1,0.99177414
1,1,0.9874485
0,0,0.004259804
1,1,0.984728
1,1,0.98903626
1,1,0.9896673
1,1,0.988395
0,0,0.0029812555
1,1,0.9858233
1,1,0.96792835
0,0,0.0051426836
0,0,0.025904376
0,0,0.0024262227
0,0,0.0020494617
1,1,0.98742306
1,1,0.97292435
1,1,0.9843088
1,1,0.9807209
1,1,0.98880845
0,0,0.0023549942
1,1,0.8766774
1,1,0.9887162
1,1,0.98090786
0,0,0.0024060488
0,0,0.0020851942
0,0,0.0026872426
1,1,0.9902176
1,1,0.98447037
1,1,0.96162844
0,0,0.0021664246
1,1,0.98113203
1,1,0.9792327
0,0,0.0020473464
1,1,0.9896634
0,0,0.0020473464
1,1,0.9866152
1,1,0.9793236
1,1,0.9790501
1,1,0.988166
0,0,0.0041368236
1,1,0.99370664
0,0,0.027667416
1,1,0.9897556
1,1,0.98492545
1,1,0.96917063
0,0,0.0023286506
1,1,0.9727164
0,0,0.0063584745
0,0,0.003729124
1,1,0.98700446
1,1,0.9726458
1,1,0.98596734
1,1,0.98969007
1,1,0.9802392
1,1,0.9178501
1,1,0.56023365
0,0,0.00497153
1,1,0.9764357
1,1,0.88558275
1,1,0.5003007
1,1,0.9827701
1,1,0.95211864
1,1,0.98536706
1,1,0.9717358
1,1,0.59338844
0,0,0.0035305072
0,0,0.0029571746
1,1,0.9906577
1,1,0.8982731
1,1,0.9879952
1,1,0.9877586
1,1,0.99031746
1,1,0.96407086
1,1,0.9851421
0,0,0.0033131628
0,0,0.0031079727
0,0,0.010366699
1,1,0.9865218
1,1,0.9952437
1,1,0.97136575
1,1,0.9908728
1,1,0.6456683
1,1,0.98973453
1,1,0.95251626
1,1,0.995669
1,1,0.995761
0,0,0.0031086432
1,1,0.991757
1,1,0.982885
1,1,0.98998874
1,1,0.9901264
0,0,0.002464778
1,1,0.8182393
1,1,0.9871726
1,1,0.98780817
0,0,0.002475012
1,1,0.985427
0,0,0.009348513
1,1,0.9846432
1,1,0.77836996
0,0,0.00412456
1,1,0.99113595
1,1,0.65607965
0,0,0.0026034627
0,0,0.0024791735
1,1,0.73453337
1,1,0.94066197
0,0,0.0027985002
1,1,0.9906131
0,0,0.0031093338
0,0,0.0047396994
1,1,0.99208695
0,0,0.002862379
1,1,0.98630905
0,0,0.033755668
0,0,0.0025521116
1,1,0.9834215
1,1,0.9907731
0,0,0.0058003156
0,0,0.011412096
0,0,0.0056306333
0,0,0.005399599
0,0,0.0060700523
1,1,0.9867279
0,0,0.019564552
0,0,0.037193194
1,1,0.98911196
1,1,0.9823654
1,1,0.9817916
1,1,0.9919051
0,0,0.0486244
0,0,0.026792224
0,0,0.026792224
0,0,0.026792224
1,1,0.9892285
0,0,0.026792224
0,0,0.014296831
0,0,0.003994125
1,1,0.98589003
1,1,0.96244854
0,0,0.0026873434
0,0,0.0021797484
1,1,0.9784128
1,1,0.95948815
1,1,0.98259467
1,1,0.9917269
1,1,0.9922179
1,1,0.99136907
1,1,0.9911595
0,0,0.0024770717
0,0,0.0024750952
0,0,0.0022991607
0,0,0.0051105083
0,0,0.00456129
1,1,0.9566045
1,1,0.9634624
0,0,0.0034607914
0,0,0.0022819487
0,0,0.010200424
1,1,0.9884023
1,1,0.90940017
0,0,0.0022819487
1,1,0.9860628
0,0,0.48418385
1,1,0.66514546
0,0,0.001987566
1,1,0.9238845
1,1,0.988283
1,1,0.9816901
0,0,0.005714273
1,1,0.9417665
0,0,0.0020643568
1,1,0.9862
1,1,0.96850955
0,0,0.0038170784
0,0,0.006288076
1,1,0.9863099
1,1,0.9834395
1,1,0.99491775
1,1,0.98748475
1,1,0.9875743
1,1,0.9952377
0,0,0.003422281
1,1,0.9801063
1,1,0.98101956
1,1,0.99345464
0,0,0.004384963
1,1,0.9502802
1,1,0.9837843
1,1,0.99279565
0,0,0.0028796871
1,1,0.9884144
1,1,0.9845429
1,1,0.9491102
1,1,0.51698196
1,1,0.9700593
1,1,0.99479103
0,0,0.011058822
1,1,0.7532546
0,0,0.0538423
1,1,0.9854225
1,1,0.8992305
0,0,0.0025237277
0,0,0.011058822
1,1,0.98258495
1,1,0.8932674
1,1,0.97925913
0,0,0.0022261685
0,0,0.009356327
1,1,0.99037117
1,1,0.9854269
0,0,0.005155072
0,1,0.8468014
1,1,0.9438299
0,0,0.0028868343
0,0,0.0022211042
0,1,0.69901025
1,1,0.9846464
0,0,0.004262092
1,1,0.9485755
1,1,0.98536474
1,1,0.97670263
1,1,0.9925438
1,1,0.97892725
0,0,0.0019727582
0,0,0.0020536594
1,1,0.9821054
1,1,0.9928058
1,1,0.90968704
1,1,0.75691164
0,0,0.0030100786
1,1,0.98883635
1,1,0.98796123
1,1,0.9900608
0,0,0.004708129
1,1,0.8245587
1,1,0.98488545
1,1,0.9877438
1,1,0.99337244
0,0,0.002533379
1,1,0.990655
1,1,0.9855192
0,0,0.0039989064
1,1,0.99319816
1,1,0.9878885
1,1,0.9772381
1,1,0.98578006
0,0,0.012395839
0,0,0.012395839
1,1,0.9834327
1,1,0.9716295
0,0,0.002697137
0,0,0.03015835
1,1,0.9900601
1,1,0.9840215
0,1,0.75649315
0,0,0.030747933
0,0,0.007759244
1,1,0.9866997
0,0,0.06369545
1,1,0.99051744
0,0,0.0027985002
1,1,0.9870092
1,1,0.9854113
1,1,0.9909729
1,1,0.99420726
1,1,0.994076
1,1,0.8272577
1,1,0.98625714
1,1,0.9865687
1,1,0.9824112
0,0,0.0022564698
1,1,0.98591346
0,0,0.0035506997
1,1,0.9850226
0,0,0.0022596838
0,0,0.0037878463
0,0,0.00399903
1,1,0.92159873
1,1,0.99381775
0,0,0.0029923809
1,1,0.9781844
1,1,0.67033017
1,1,0.9855311
1,1,0.8232106
0,0,0.028746612
1,1,0.8758849
1,1,0.9929125
0,0,0.08769522
0,0,0.0027188149
1,1,0.98403335
0,0,0.0025704608
1,1,0.99426126
1,1,0.9831298
1,1,0.9747116
0,0,0.040142335
0,0,0.003740193
0,0,0.0026001378
1,1,0.9936166
1,1,0.9877923
1,1,0.99032295
1,1,0.8893409
1,1,0.99050623
1,1,0.9876386
1,1,0.9843284
1,0,0.0371471
1,1,0.9851821
1,1,0.98675585
0,0,0.003103908
1,1,0.93224704
0,0,0.0021662083
0,0,0.0026305951
1,1,0.9909127
1,1,0.9197431
1,1,0.98737234
0,0,0.01704857
0,0,0.0032305554
0,0,0.0046207877
1,1,0.8427223
1,1,0.9092257
1,1,0.9907094
1,1,0.99005216
0,0,0.0030861015
0,0,0.0036474771
0,0,0.002643377
1,1,0.9936294
1,1,0.95201254
1,1,0.9890353
1,1,0.98956525
0,0,0.01350337
1,1,0.99133694
0,0,0.002134375
1,1,0.99406046
1,1,0.9957438
1,1,0.97686005
0,0,0.017109524
0,0,0.0029898724
1,1,0.9949244
0,0,0.031124687
1,1,0.9838945
0,0,0.0020561686
1,1,0.9264922
0,0,0.0036379686
1,1,0.98365176
0,0,0.0036639974
0,0,0.009488643
1,1,0.99226016
1,0,0.48125866
1,1,0.98010933
1,1,0.9919165
1,1,0.9938408
1,1,0.9927919
0,0,0.0023639884
1,1,0.99054396
1,1,0.9934813
1,1,0.9754598
0,0,0.0022800812
0,0,0.007169574
0,0,0.0025419462
1,1,0.9822113
0,0,0.0031622944
0,0,0.0034526722
0,0,0.0083452035
1,1,0.7167114
1,1,0.96925527
1,1,0.6996923
0,0,0.0034526722
0,0,0.4949355
0,0,0.0022290302
0,1,0.7990546
0,0,0.0027253365
1,1,0.99015594
0,0,0.002642879
1,1,0.992311
0,0,0.003060391
0,0,0.044262826
0,0,0.021004861
0,0,0.002615344
1,1,0.98967385
0,0,0.0036970836
0,0,0.0022439202
0,0,0.002329136
1,1,0.98708725
1,1,0.99450964
1,1,0.9940883
0,0,0.022294203
1,1,0.99269366
1,1,0.9951304
1,1,0.98131275
1,1,0.9041742
0,0,0.004893043
1,1,0.99115807
1,1,0.99619544
1,1,0.99427384
1,1,0.9948112
1,1,0.941209
1,1,0.9894951
1,1,0.99596304
1,1,0.9928571
1,1,0.9869054
1,1,0.67512554
1,1,0.99157
1,1,0.99095297
0,0,0.0069334027
0,0,0.002579363
1,1,0.87653387
1,1,0.9367052
1,1,0.9073043
1,1,0.98540527
1,1,0.92023385
1,1,0.9909757
1,1,0.99053687
0,0,0.0031241057
0,0,0.0026986198
1,1,0.9943646
1,1,0.99328023
0,0,0.0032352498
0,0,0.006167942
0,0,0.002941249
1,1,0.9902924
1,1,0.994194
1,1,0.9936892
1,1,0.98952764
1,1,0.9890561
0,0,0.0026671726
0,0,0.002520664
0,0,0.0028198173
1,1,0.76690483
1,1,0.99272716
1,1,0.98601544
0,0,0.0026566035
0,0,0.0023542596
1,1,0.9845368
0,0,0.002038725
0,0,0.0020465849
1,1,0.9895712
0,0,0.0027754372
1,1,0.9860117
1,1,0.9937954
1,1,0.98173666
0,0,0.0030160863
1,1,0.99581224
1,1,0.989435
0,0,0.002363132
1,1,0.99237615
1,1,0.988221
1,1,0.9436564
0,0,0.021227056
0,0,0.0030624676
0,0,0.004152237
0,0,0.04787259
1,1,0.7195615
0,0,0.0131368525
1,1,0.9957871
0,0,0.002535777
1,1,0.9850756
1,1,0.7236438
1,1,0.9721452
0,0,0.0033534407
1,1,0.9861616
1,1,0.97555894
1,1,0.9899042
1,1,0.9883463
1,1,0.9846399
1,1,0.9814999
0,0,0.002786556
0,0,0.0031688637
0,0,0.0027807069
1,1,0.98900664
1,1,0.9887482
0,0,0.006297838
0,0,0.0041840435
1,1,0.984752
1,1,0.98434734
1,1,0.9382761
1,1,0.9933674
0,0,0.0025687767
1,1,0.9936982
1,1,0.985443
0,0,0.004525868
1,1,0.97662646
1,1,0.9933255
1,1,0.9913788
1,1,0.98913854
1,1,0.99340194
1,1,0.99274915
1,1,0.9946833
1,1,0.9828409
0,0,0.0023354772
0,0,0.11172449
0,0,0.0077575776
1,1,0.9872443
0,0,0.0023529485
0,0,0.0039788918
0,0,0.0024479772
1,1,0.95038354
0,0,0.0022109686
0,0,0.002907194
0,0,0.014309993
1,1,0.98060375
1,1,0.9877499
1,1,0.98928064
1,1,0.9920443
1,1,0.98979014
1,1,0.9899614
1,1,0.9942622
0,0,0.002160983
0,0,0.0025047688
0,0,0.0032890334
0,0,0.003141998
1,1,0.98344606
0,0,0.006287396
0,0,0.0025343855
1,1,0.9956027
1,1,0.9844263
1,1,0.98368233
0,0,0.0040057288
0,0,0.0021934134
1,1,0.98492223
1,1,0.986528
1,1,0.9859535
0,0,0.0056359246
0,0,0.0025394147
0,0,0.0024905293
1,1,0.9894159
1,1,0.955483
1,1,0.9950411
1,1,0.94744253
1,1,0.8601079
1,1,0.99346006
1,1,0.95095986
1,1,0.99253875
0,0,0.0024645622
1,1,0.99446845
1,1,0.99212366
1,1,0.98551327
1,1,0.99065137
1,1,0.9857042
1,1,0.9849266
1,1,0.8000866
0,0,0.0026388098
1,0,0.4252551
0,0,0.0033373984
0,0,0.0033373984
1,1,0.9933767
0,0,0.0030534763
1,1,0.96238303
0,0,0.0073934686
1,1,0.9948624
1,1,0.9834636
0,0,0.017248806
1,1,0.9910988
1,1,0.9953296
1,1,0.96628267
1,1,0.9909978
0,0,0.0028779756
1,1,0.996256
0,0,0.002280543
0,0,0.0026635474
0,0,0.005414932
1,1,0.9633375
0,0,0.0031826182
1,1,0.98998004
1,1,0.99081767
1,1,0.8889927
0,0,0.002771868
1,1,0.9441435
1,1,0.9798106
1,1,0.98588306
1,1,0.9712573
1,1,0.9941321
1,1,0.9940369
0,0,0.06802893
1,1,0.9962613
1,1,0.86617637
1,1,0.9877244
0,0,0.0025814183
0,0,0.0038674434
0,0,0.0023405354
0,0,0.0027750768
1,1,0.994705
1,1,0.85852593
0,0,0.2701724
0,0,0.0026030228
1,1,0.98536915
1,1,0.99419665
1,1,0.99531555
1,1,0.99327165
0,0,0.0036708482
0,0,0.003703901
1,1,0.9947641
1,1,0.9902058
1,1,0.99545234
1,1,0.9944563
1,1,0.9947314
0,0,0.0042334986
1,1,0.99564904
1,1,0.9934052
1,1,0.9928595
1,1,0.99507093
1,1,0.9951984
1,1,0.9937203
1,1,0.99384695
1,1,0.9950996
0,0,0.0032421707
1,1,0.99641365
1,1,0.98803186
1,1,0.9950805
1,1,0.99198335
1,1,0.995883
0,0,0.01794023
1,1,0.99390453
1,1,0.99619174
1,1,0.99337476
1,1,0.9931791
1,1,0.99538547
1,1,0.9913775
0,0,0.002527923
0,0,0.021221872
1,1,0.995381
1,1,0.994696
1,1,0.9911351
1,1,0.99080384
1,1,0.99312156
1,1,0.9885975
0,0,0.0022362
1,1,0.9922621
0,0,0.0046374947
1,1,0.8203778
1,1,0.990918
0,0,0.0023170996
0,0,0.00335744
1,1,0.9179114
1,1,0.99410063
0,0,0.024001675
1,1,0.94326687
0,0,0.004642084
1,1,0.99509037
1,1,0.99257576
1,1,0.99390864
1,1,0.8744827
1,1,0.9107904
1,1,0.99108034
1,1,0.9870112
1,1,0.99050385
1,1,0.9942245
0,0,0.33895642
0,0,0.18878688
1,1,0.99296874
1,1,0.98799604
0,0,0.0049476456
1,1,0.9786485
1,1,0.9680415
1,1,0.9854644
1,1,0.99446434
1,1,0.99409205
1,0,0.04670796
1,1,0.98554915
0,0,0.0026611416
1,1,0.9912395
1,1,0.98250073
0,0,0.0033444639
1,1,0.9877099
1,1,0.98714185
1,1,0.9772081
0,0,0.002816873
0,0,0.068504594
1,1,0.94803154
0,0,0.0031708947
0,0,0.0031248871
1,1,0.9906895
0,0,0.0026126413
0,0,0.0026227117
0,0,0.0036970836
0,0,0.0024115446
0,0,0.0026227117
1,1,0.9808785
0,0,0.0023083503
0,0,0.0035601684
1,1,0.98934853
1,1,0.95787156
1,1,0.9773232
0,0,0.0021096568
1,1,0.9539387
1,1,0.9434693
0,0,0.004772477
0,0,0.11104015
0,0,0.002663841
1,1,0.53411484
1,1,0.947454
0,0,0.0052113873
1,1,0.986931
1,1,0.990435
0,0,0.0028166305
0,0,0.005396046
0,0,0.0024039997
1,1,0.990377
1,1,0.595015
0,0,0.0029952626
1,1,0.98950547
0,0,0.0022891795
0,0,0.006684503
0,0,0.0020964586
0,0,0.0033483414
0,0,0.11704458
0,0,0.0024036053
0,0,0.0024204555
0,0,0.0031523982
1,1,0.9868356
1,1,0.98205686
0,0,0.0024036053
0,0,0.010126941
1,1,0.9533029
1,1,0.9948539
1,1,0.99423707
1,1,0.9945986
0,0,0.0030001882
0,0,0.0030056343
0,0,0.003853884
0,0,0.0032107946
1,1,0.9537883
1,1,0.7785378
1,1,0.9872502
1,1,0.99508023
1,1,0.7438606
1,1,0.99295855
1,1,0.99100775
1,1,0.99316823
0,0,0.0027167883
1,1,0.99133897
0,0,0.022111578
1,1,0.96650666
1,1,0.93497473
1,1,0.6283834
1,1,0.9731408
1,1,0.8494732
1,1,0.990212
0,0,0.005680863
1,1,0.97962266
1,1,0.97117436
0,0,0.017956259
1,1,0.9176887
1,1,0.98913795
0,0,0.0031261942
0,0,0.003851348
1,1,0.99399805
1,1,0.9384346
1,1,0.8255953
1,1,0.9824755
1,1,0.98621017
1,1,0.9951709
1,1,0.9740535
1,1,0.9139061
1,1,0.98949146
0,0,0.0028661815
0,0,0.0034273313
0,0,0.0031020478
0,0,0.0027741627
1,1,0.95128405
0,0,0.0022905096
1,1,0.8427352
1,1,0.7971838
1,1,0.9935675
0,0,0.0039773006
0,0,0.008829068
1,1,0.99342394
0,0,0.0022562377
0,0,0.0022562377
0,1,0.914596
0,0,0.0023409086
1,1,0.9947744
0,0,0.003829232
0,0,0.0022841566
1,1,0.9934087
1,1,0.99476045
1,1,0.99355197
1,1,0.96194065
0,0,0.0027989834
0,1,0.75187486
1,1,0.98751754
1,1,0.97017145
0,0,0.0020807667
1,1,0.95616996
0,0,0.0042369636
1,1,0.9958497
1,1,0.99404836
0,0,0.0062513286
0,0,0.0024654125
1,1,0.5050011
0,0,0.0024383895
1,0,0.13366854
0,0,0.25688523
1,1,0.9939758
1,1,0.99440974
1,1,0.9938478
1,1,0.9942122
1,1,0.9959055
0,0,0.0022079255
1,1,0.9915931
1,1,0.81179774
1,1,0.98442346
0,0,0.004078128
0,0,0.0022892067
0,0,0.004078128
1,1,0.96932393
0,0,0.0025300547
1,1,0.9742623
1,1,0.9917359
0,0,0.011792126
0,0,0.050512843
0,0,0.0071949805
1,1,0.9897501
1,1,0.98922616
1,1,0.936103
1,1,0.7879652
1,1,0.98827595
0,0,0.0021138438
1,1,0.9871579
1,1,0.98842853
1,1,0.94836587
0,0,0.0024621661
1,1,0.9724211
1,1,0.9888821
1,1,0.9936965
0,0,0.0022863832
1,1,0.7808448
0,0,0.0024061368
0,0,0.008863107
0,0,0.008863107
0,0,0.0038055028
0,0,0.0041877027
0,0,0.002333326
0,0,0.0022863832
1,1,0.9641851
1,1,0.98726165
1,1,0.97815543
1,1,0.8261765
0,0,0.0087136
0,0,0.002148801
0,0,0.010729877
1,1,0.9939884
0,0,0.002438776
1,1,0.9626816
1,1,0.83425415
1,1,0.9913713
1,1,0.9894001
1,1,0.95267236
0,0,0.0023732213
1,1,0.99116266
0,0,0.0024534597
0,0,0.046726573
1,1,0.9676481
0,0,0.0022033427
1,1,0.9906522
1,1,0.9890708
0,0,0.0022264544
0,0,0.0029128902
0,0,0.003060315
0,0,0.0036284921
0,0,0.003761116
1,1,0.99002236
1,1,0.98868805
0,0,0.0071269604
1,1,0.891794
1,1,0.9888341
1,1,0.99384576
0,0,0.031593498
0,0,0.0033683265
0,0,0.0033775351
1,1,0.9884758
1,1,0.994304
1,1,0.9565718
1,1,0.989081
0,0,0.0038000618
1,1,0.8941408
0,0,0.0023387268
0,0,0.0023387268
1,1,0.9627966
1,1,0.9881374
0,0,0.018532032
0,0,0.0023035356
1,1,0.9814496
0,0,0.0025087316
1,1,0.99045765
1,1,0.96908844
1,1,0.5758097
1,1,0.98188937
0,0,0.002609249
0,0,0.0034825008
1,1,0.9895851
0,0,0.0024684148
0,0,0.003525036
1,1,0.97924495
1,1,0.98805994
0,0,0.0023026264
0,0,0.0039033678
1,1,0.9560992
1,1,0.92099667
1,1,0.99233013
0,0,0.0022447973
0,0,0.0032058873
1,1,0.992492
1,1,0.99212474
1,1,0.9682919
0,0,0.024624053
1,1,0.97037065
1,1,0.8881369
1,1,0.92098117
0,0,0.0021424529
1,1,0.73866504
1,1,0.9850685
1,1,0.98589975
1,1,0.9763315
1,1,0.9913641
1,1,0.99297696
1,1,0.9858359
1,1,0.9725003
0,0,0.0031381056
1,1,0.6998439
1,1,0.97694254
1,1,0.9809162
1,1,0.987653
1,1,0.9874343
1,1,0.91845715
1,1,0.9856952
0,0,0.0023417259
1,0,0.088508666
0,0,0.0035086279
0,0,0.010113699
1,1,0.9939447
1,1,0.9957645
1,1,0.99422365
1,1,0.9892685
0,0,0.026792224
0,0,0.026792224
0,0,0.026792224
0,0,0.026792224
0,0,0.026792224
1,1,0.9886845
1,1,0.65715927
1,1,0.60542834
1,1,0.98819494
0,0,0.0022881157
1,1,0.6087176
1,1,0.8505982
0,0,0.0026215494
0,0,0.008218737
0,0,0.004963244
1,1,0.98927236
1,1,0.77457315
0,0,0.0027943475
1,1,0.99436283
1,1,0.9144644
1,1,0.9861541
0,0,0.33458543
1,1,0.9944753
1,1,0.98685336
1,1,0.9916501
1,1,0.9850055
0,0,0.10651697
0,0,0.0021091136
1,1,0.98606
1,1,0.99394184
0,0,0.12661704
0,0,0.005530193
0,0,0.0026312734
1,1,0.9877891
0,0,0.007822296
1,1,0.9932927
0,0,0.0026191033
0,0,0.0054860376
0,0,0.0019921286
0,0,0.0031984097
1,1,0.9617739
0,0,0.0062088226
0,0,0.059779014
0,0,0.010369518
1,1,0.9936194
1,1,0.985472
1,1,0.9196035
1,1,0.97030365
0,0,0.00924129
1,1,0.9892965
1,1,0.93285894
1,1,0.9863687
0,0,0.0031130118
0,0,0.0024156994
0,0,0.0025296214
1,1,0.9888362
0,0,0.14939182
0,0,0.011054579
1,1,0.95477724
0,0,0.002641541
0,0,0.0035564036
0,0,0.0035564036
0,0,0.002023525
0,0,0.002591815
1,1,0.973305
0,0,0.0054692025
0,0,0.051097672
0,0,0.0025027227
1,1,0.9902788
0,0,0.0035155201
0,0,0.004555826
1,1,0.98661625
1,1,0.9850692
0,0,0.005162365
1,1,0.9936939
1,1,0.7785862
1,1,0.99336314
1,1,0.9887862
0,0,0.004094236
1,1,0.8767077
0,0,0.016044686
1,1,0.9751756
0,0,0.016059455
1,1,0.7392201
0,0,0.0033754366
1,1,0.8184747
0,0,0.00293231
0,0,0.004219433
0,0,0.0022777696
0,0,0.003010043
1,1,0.9833211
1,0,0.2897305
1,1,0.98613447
0,0,0.31004405
0,0,0.0023035945
0,0,0.004406005
0,0,0.0070499056
1,1,0.9855978
1,1,0.9943263
0,0,0.003002741
0,0,0.0027956632
1,1,0.98527294
1,1,0.9702755
1,1,0.96521455
0,0,0.006206251
0,0,0.005642542
0,0,0.2719075
0,0,0.0036627182
1,1,0.7908123
1,1,0.99195975
1,1,0.9894071
1,1,0.99119616
0,0,0.002600782
1,1,0.99342644
0,0,0.0033164583
0,0,0.002890829
0,0,0.0051841177
0,0,0.0030421491
0,0,0.0054692025
0,0,0.0022896489
1,1,0.992261
0,0,0.0024311347
1,1,0.9823632
1,1,0.9931218
1,1,0.98739094
1,1,0.99134266
0,0,0.008891003
1,1,0.98875487
1,1,0.99028933
0,0,0.006103975
1,1,0.9922289
1,1,0.9826423
1,1,0.85793906
1,1,0.9809936
0,0,0.0027865851
0,0,0.0021309513
0,1,0.95243865
0,0,0.013977755
1,1,0.8493759
0,0,0.0025439302
0,0,0.018663144
1,1,0.98662126
1,1,0.97383785
0,0,0.0024466189
1,1,0.92758393
1,1,0.9407098
1,1,0.59318787
0,0,0.009031433
1,0,0.19882189
1,1,0.8932087
1,1,0.9135145
0,0,0.007541068
1,1,0.96344405
0,0,0.011643316
1,1,0.9526634
1,1,0.9422804
0,0,0.002337768
0,0,0.0029453852
1,1,0.9473499
1,1,0.87487584
1,1,0.98562497
1,1,0.99153274
0,0,0.006718841
1,1,0.88475573
1,1,0.9884339
0,0,0.05244896
1,1,0.9949457
1,1,0.6988753
0,0,0.005615316
1,1,0.9026097
0,0,0.0037059607
0,0,0.006280718
0,0,0.0020760184
1,1,0.9821302
0,0,0.0026027681
1,1,0.9879875
0,0,0.00426713
1,1,0.9925661
0,0,0.0047184452
0,0,0.0037274843
1,1,0.98833174
1,1,0.9811421
1,1,0.98888105
1,1,0.9904309
1,1,0.99272233
1,1,0.9906116
1,1,0.9933343
1,1,0.9929357
1,1,0.99001545
1,1,0.6797362
1,1,0.98570025
1,1,0.97816867
0,0,0.0022019616
1,1,0.9926398
1,1,0.99218994
0,0,0.0852016
1,1,0.9742629
1,1,0.99339586
1,1,0.9846844
0,0,0.10485138
0,0,0.03451987
1,1,0.7719209
0,0,0.0035026132
0,0,0.0035026132
0,0,0.03477773
1,1,0.993164
1,1,0.98108655
1,1,0.99487984
0,0,0.003217105
1,1,0.99240816
1,1,0.89565575
1,1,0.9407915
0,0,0.003272281
0,0,0.030083677
0,0,0.002655611
1,1,0.98195076
0,0,0.024955641
0,0,0.002483283
0,0,0.020265624
1,1,0.96974194
1,1,0.9895001
1,1,0.97987294
1,1,0.99339205
1,1,0.9891159
0,0,0.0024504191
1,1,0.9916584
0,0,0.0023376746
0,0,0.0024972777
0,0,0.036355693
0,0,0.017370513
1,1,0.96513736
1,1,0.9851356
0,0,0.0066904738
1,1,0.98612124
1,1,0.99262637
1,1,0.7992026
1,1,0.94372857
1,1,0.9802824
1,1,0.9756176
1,1,0.9865846
1,1,0.94369864
1,1,0.99351585
1,1,0.9885583
1,1,0.9881781
1,1,0.9912847
1,1,0.9867002
1,1,0.9936433
1,1,0.9857277
1,1,0.99375796
1,1,0.9915388
1,1,0.9907245
1,1,0.98866177
1,1,0.9945492
1,1,0.9903307
1,1,0.9963146
0,0,0.0022478986
0,0,0.076955415
1,1,0.98347753
1,1,0.99187964
1,1,0.9180218
1,1,0.99398476
1,1,0.9885389
1,1,0.8889332
1,1,0.99256986
1,1,0.9939645
1,1,0.99535155
1,1,0.9952436
1,1,0.99206984
0,0,0.0033860283
1,1,0.99396306
1,1,0.9694874
1,1,0.74054354
1,1,0.69597024
0,0,0.016777968
0,0,0.0042236745
0,0,0.002601163
1,1,0.9921334
0,0,0.0036841335
0,0,0.0083275605
0,0,0.004134848
1,1,0.8424237
1,1,0.9944798
1,1,0.97883385
0,0,0.002747255
0,0,0.0044375616
1,1,0.98959166
0,0,0.01609882
1,1,0.99406
1,1,0.8363835
0,0,0.0046966337
0,0,0.0031909645
1,1,0.55365115
0,0,0.0035656996
0,0,0.0023071526
0,0,0.0056987638
0,0,0.0023934655
0,0,0.0029830262
0,0,0.0023831269
0,0,0.0023100358
0,0,0.00972308
0,0,0.0029928817
0,0,0.0041525452
0,0,0.003509365
1,1,0.92931855
0,0,0.0024134847
0,0,0.009239658
0,1,0.5405649
0,0,0.0034347186
0,0,0.00835645
0,0,0.030488068
0,0,0.002855423
1,1,0.9487069
0,0,0.008904635
1,1,0.99553114
0,0,0.0037716045
1,1,0.9891783
0,0,0.0053500016
1,1,0.9910847
0,0,0.0021853768
0,0,0.0029464192
0,0,0.0026832689
0,0,0.010437214
0,0,0.002651296
0,0,0.08839058
0,0,0.08839058
0,0,0.014945442
0,0,0.0027713976
0,0,0.0049871556
0,0,0.004255517
0,0,0.002918038
1,1,0.7378557
1,1,0.98893005
0,0,0.0025248062
1,1,0.9876036
0,0,0.0033169722
0,0,0.0049429103
1,1,0.9813262
1,1,0.9875322
0,0,0.0028700556
1,1,0.9768166
0,0,0.032495525
1,1,0.69952977
0,0,0.0046517174
0,0,0.0041986876
1,1,0.856004
0,0,0.0030972857
0,0,0.004237346
0,0,0.31615648
0,0,0.0036357346
0,0,0.0036357346
1,1,0.9936481
1,1,0.9918262
1,1,0.98010683
1,1,0.9930589
0,0,0.11166828
0,0,0.0056658983
1,1,0.9858516
1,1,0.9687571
1,1,0.99536103
0,0,0.0022584696
0,0,0.0022113116
0,0,0.004935692
1,1,0.90847135
1,1,0.9788603
1,1,0.9931573
0,0,0.0051082615
0,0,0.22962104
0,0,0.00257656
1,1,0.99498475
0,0,0.002481599
0,0,0.0026991873
0,0,0.0029507508
1,1,0.99110574
0,0,0.003146989
0,0,0.0027923416
0,0,0.002970507
0,0,0.0032037091
1,1,0.93274486
1,1,0.9957178
0,0,0.0025797114
0,0,0.0032909561
0,0,0.0019622524
1,1,0.98417956
1,1,0.992562
0,0,0.0043737604
0,0,0.004460657
1,1,0.9935256
1,1,0.9172157
1,1,0.99410313
0,0,0.0038121247
1,1,0.9903928
0,0,0.0024506943
0,0,0.002253024
1,1,0.9868144
1,1,0.99463767
1,1,0.9889642
1,1,0.9881281
1,1,0.98751396
1,1,0.96889144
1,1,0.9730482
0,0,0.0038046422
0,0,0.0027379598
0,0,0.0026047085
1,1,0.98798054
0,0,0.0031021012
0,0,0.0033401214
0,0,0.0040917895
0,0,0.0047881566
1,1,0.9929502
0,0,0.0027964662
1,1,0.975476
1,1,0.89736027
0,0,0.0021884171
0,0,0.0024972982
1,1,0.99563545
1,1,0.9931425
0,0,0.0038757573
1,1,0.9880717
0,0,0.002473329
0,0,0.002473329
0,0,0.0027597372
1,1,0.7643327
0,0,0.058033016
0,0,0.0025800008
0,0,0.0023027947
0,0,0.0025100997
1,1,0.9864255
1,1,0.897828
0,0,0.0026325579
1,1,0.9639223
0,0,0.035016637
0,0,0.0023114306
0,0,0.13082594
1,1,0.9746753
1,1,0.9858662
0,0,0.014700263
0,0,0.005537509
1,1,0.98255634
0,0,0.0072086374
0,0,0.0058925687
0,0,0.0030842419
1,1,0.99019545
1,1,0.966155
1,1,0.9933211
0,0,0.0025064421
1,1,0.97848666
0,0,0.0038763464
0,0,0.0027664087
1,1,0.7527703
1,1,0.9945925
1,1,0.98464257
0,0,0.0023904152
1,1,0.87044054
1,1,0.9811819
0,0,0.003738152
0,0,0.0061021354
0,0,0.005114219
1,1,0.9951632
1,1,0.9916855
1,1,0.9686046
0,0,0.002461146
0,0,0.0025595606
1,1,0.98834306
0,0,0.005071691
0,0,0.0024288415
0,0,0.0021875696
0,0,0.0026044995
0,0,0.0023611183
0,0,0.06791474
0,0,0.0023858221
1,1,0.986785
0,0,0.0030960522
1,1,0.9900219
0,0,0.0027917733
0,0,0.0027065137
0,0,0.0023487348
0,0,0.0027436686
1,1,0.9910964
0,0,0.0024676202
0,0,0.0026526393
1,1,0.9894366
1,1,0.7933767
0,0,0.0026526393
0,0,0.0045384923
0,0,0.0022476194
0,0,0.0038574208
1,1,0.99168164
1,1,0.6937553
0,0,0.0021418864
1,1,0.87222207
0,0,0.007664152
1,1,0.97987866
0,0,0.0046517174
1,1,0.9881676
1,1,0.97587323
1,1,0.9661877
0,0,0.0024153295
1,1,0.99410003
1,1,0.90725493
1,1,0.7437234
0,0,0.010958534
1,1,0.95504355
0,0,0.015831856
1,1,0.97590876
0,0,0.0029458166
0,0,0.0027431129
1,1,0.9933414
0,0,0.01755126
1,1,0.9254212
0,0,0.002549692
0,0,0.0028178398
1,1,0.9499682
0,0,0.0028178398
0,0,0.0022173654
0,0,0.0028793006
0,0,0.0054215826
1,1,0.9772816
0,0,0.0022989614
0,0,0.0046314457
1,1,0.9931029
0,0,0.004795495
1,1,0.7542365
1,1,0.97610986
0,0,0.0059558353
1,1,0.8193518
0,1,0.97421414
1,1,0.9562496
1,1,0.9915951
0,0,0.002141547
0,0,0.0040885475
1,1,0.96414053
0,0,0.006462853
1,1,0.9874887
1,1,0.5933338
1,1,0.98061025
1,1,0.9229874
1,1,0.9745627
1,1,0.9309825
1,1,0.8966028
0,0,0.004329259
1,1,0.9925649
1,1,0.9934496
1,1,0.9606995
1,1,0.98869425
0,0,0.00250861
0,0,0.0067937532
0,0,0.0026111917
0,0,0.0025885776
0,0,0.003803504
1,1,0.9847355
0,0,0.0072168536
0,0,0.006597605
0,0,0.008116355
0,0,0.02847874
0,0,0.04700663
1,1,0.9757858
1,1,0.92714596
1,1,0.9890464
0,0,0.0050454596
1,1,0.9914927
1,1,0.992953
0,0,0.0023132854
0,0,0.0022664517
0,0,0.0023731107
0,0,0.0024988165
0,0,0.0028758254
0,0,0.0028758254
0,0,0.0030343137
1,1,0.9702654
0,0,0.0027084707
1,1,0.9944172
0,0,0.0033908566
1,0,0.40515265
0,0,0.004998071
0,0,0.0025676151
1,1,0.993863
0,0,0.014352686
1,1,0.99381244
0,0,0.002703691
0,0,0.0029532234
0,0,0.0040865964
0,0,0.0020565875
1,1,0.99105537
1,1,0.88565594
1,1,0.98650974
0,0,0.023827732
1,1,0.9863914
0,0,0.06791556
1,1,0.726628
0,0,0.002558037
1,1,0.96832865
0,0,0.0022642682
1,1,0.966656
1,1,0.98104894
1,1,0.59726757
0,0,0.01419178
0,0,0.0025513445
1,1,0.9921525
0,0,0.002111827
0,0,0.0049079037
0,0,0.21363558
1,1,0.9669973
0,0,0.002111827
1,1,0.91637915
1,1,0.98911345
0,0,0.08528322
0,0,0.0025459246
0,0,0.002331515
1,1,0.6545968
0,0,0.0029039462
0,0,0.002450123
0,0,0.021949083
0,0,0.0021595499
1,1,0.9833303
1,0,0.14113879
0,0,0.02153944
0,0,0.006361566
1,1,0.9945275
0,0,0.0026664373
0,0,0.05896588
0,0,0.0020414977
0,0,0.003753996
0,0,0.004165129
0,0,0.0050218073
0,0,0.0038621784
0,0,0.0036036598
0,0,0.006423874
1,1,0.98951066
0,0,0.0045548985
1,1,0.9676444
0,0,0.019910958
1,1,0.89230657
1,1,0.9913645
0,0,0.0102017345
0,0,0.0029196867
0,0,0.0032413693
0,0,0.0025195384
0,0,0.0023784498
0,0,0.0029196867
0,0,0.016254144
1,1,0.9502417
1,1,0.9262267
0,0,0.3571025
0,0,0.0021458073
0,1,0.8896673
0,0,0.00690423
1,1,0.9926444
0,0,0.011477687
0,0,0.0074044513
0,0,0.108618185
0,0,0.022898784
0,0,0.004655048
0,0,0.0038625987
1,1,0.7461017
0,0,0.0032837742
0,0,0.0021806494
0,0,0.0032487141
1,1,0.9912068
1,1,0.99524033
0,0,0.0033876156
0,0,0.0029503102
1,1,0.99268264
1,1,0.9888138
0,0,0.004470459
1,1,0.95530534
0,0,0.022276409
1,1,0.96810603
0,0,0.0023899388
1,1,0.99507624
1,1,0.74152946
0,0,0.0048060725
1,1,0.9959972
1,1,0.7641149
0,0,0.009284087
0,0,0.08372961
1,1,0.98813057
1,1,0.9367331
0,0,0.09880426
1,1,0.74398845
0,0,0.0057925447
0,0,0.0057925447
0,0,0.0048534223
0,0,0.045691866
0,0,0.011643008
1,1,0.97440284
1,1,0.9894326
1,1,0.9841024
1,1,0.9793371
1,1,0.98166335
1,1,0.7890373
0,0,0.0035463804
1,1,0.99441046
1,1,0.992698
0,0,0.0022526155
1,1,0.9308334
0,0,0.02309372
0,0,0.0037347474
1,1,0.9613361
1,1,0.98917305
1,1,0.96906
1,1,0.99188554
1,1,0.98260903
1,1,0.99292105
1,1,0.8502065
0,0,0.003080535
1,1,0.9701957
1,1,0.97050023
1,1,0.9386415
1,1,0.99574596
0,0,0.0028973136
1,1,0.9802178
1,1,0.9109551
1,1,0.9927953
0,0,0.0025750778
0,0,0.0020317035
1,1,0.990489
1,1,0.9800237
0,0,0.0039553996
1,1,0.96564317
1,1,0.8559694
0,0,0.00217437
0,0,0.0025256947
1,1,0.7866423
0,0,0.004865524
1,1,0.9926732
1,1,0.98019916
1,1,0.98853254
0,0,0.0411792
1,1,0.96126544
1,1,0.99251395
0,0,0.0027620974
1,1,0.98847616
0,0,0.11867045
1,1,0.9941468
1,1,0.9675592
0,0,0.052512173
1,1,0.7358769
1,1,0.9888475
1,1,0.98933905
1,1,0.9889283
0,0,0.39169493
1,1,0.8590623
0,0,0.0023115757
1,1,0.9902891
1,1,0.9846998
0,0,0.009407972
1,1,0.637189
1,1,0.9922883
0,0,0.009722468
1,1,0.9964114
1,1,0.9850969
1,1,0.96090704
0,0,0.0025500387
0,0,0.040968515
1,1,0.9872432
0,0,0.006096106
1,1,0.87483835
0,0,0.009649515
0,0,0.005190658
0,0,0.0026953493
0,0,0.0041737487
0,0,0.005325679
0,0,0.002654299
0,0,0.0035406372
1,1,0.9833528
1,1,0.9940112
0,0,0.0027681708
1,1,0.8110985
0,0,0.0058887373
0,0,0.0061292434
0,0,0.0028321338
0,0,0.0028321338
1,1,0.99360657
1,1,0.9942405
0,0,0.0029875094
0,0,0.0025561226
1,1,0.9761738
1,1,0.98987216
1,1,0.9945403
1,1,0.9432296
1,1,0.99301296
1,1,0.99085146
0,0,0.06656407
0,0,0.0022112106
1,1,0.9015393
0,1,0.8991019
0,0,0.002518179
0,0,0.002741965
0,0,0.0047008567
1,1,0.9954116
1,1,0.99202406
1,1,0.993883
0,0,0.016671738
1,1,0.98988986
1,1,0.98983747
0,0,0.0035179246
1,1,0.9660827
0,0,0.025751071
0,0,0.0138913235
0,0,0.00425831
1,1,0.96863323
1,1,0.89658165
0,0,0.0029721584
1,1,0.970248
1,1,0.8711469
0,0,0.0021421828
1,1,0.99332434
0,0,0.0022236186
0,0,0.07043895
0,0,0.003928147
0,0,0.008929782
1,1,0.955933
1,1,0.89887154
1,1,0.9850905
0,0,0.0025821244
1,1,0.99341416
1,1,0.9828672
0,0,0.0021423234
0,0,0.0021684112
0,0,0.002800947
0,0,0.11053042
0,0,0.003907376
0,0,0.0023671912
0,0,0.0021482012
1,1,0.98617506
0,0,0.04431233
0,0,0.002564631
0,0,0.002564631
0,0,0.0024704507
0,0,0.038546782
1,1,0.98963696
1,1,0.84094906
1,1,0.97494
1,1,0.97851473
1,1,0.992007
1,1,0.67745376
0,0,0.014167677
1,1,0.99276274
1,1,0.97559947
1,1,0.9907031
1,1,0.652088
1,1,0.90045345
1,1,0.97686464
1,1,0.8950556
1,1,0.9699556
0,0,0.002810101
1,1,0.98749083
1,1,0.90655565
1,1,0.9509176
0,0,0.038206413
1,1,0.92547673
0,0,0.002810101
1,1,0.990803
0,0,0.002663066
1,1,0.97678375
0,0,0.0023309528
1,1,0.9663903
1,1,0.98974204
1,1,0.94541097
0,0,0.02835908
1,1,0.9784096
1,1,0.9742964
0,0,0.015764719
1,1,0.9741832
1,1,0.9815013
1,1,0.95522714
0,0,0.0024107106
1,1,0.9805896
1,1,0.99300545
1,1,0.9772363
1,1,0.9916869
1,1,0.9878885
0,0,0.08112377
1,1,0.9859002
0,0,0.0022835052
1,1,0.97749966
1,1,0.9909933
1,1,0.89420295
0,0,0.0032926884
1,1,0.9875431
0,0,0.0022587874
0,0,0.033285305
0,0,0.0026241264
1,1,0.9897293
1,1,0.9938292
1,0,0.34887016
0,0,0.021945488
1,1,0.9050691
1,1,0.99452305
1,1,0.9919383
0,0,0.0023737801
0,0,0.0021687835
1,1,0.9877457
1,1,0.8644646
1,1,0.9723832
1,1,0.9353009
1,1,0.99462897
1,1,0.97865206
0,0,0.018448168
0,0,0.022597957
0,0,0.033542346
0,0,0.0039046155
0,0,0.005141815
0,0,0.003382809
0,0,0.0029803894
0,0,0.03153782
0,0,0.0023754726
1,1,0.75867975
1,1,0.9513232
1,1,0.9739658
1,1,0.9676455
1,1,0.96537495
1,1,0.97987926
1,1,0.977797
0,0,0.003047212
0,0,0.005204959
1,1,0.9960276
1,1,0.9845887
1,1,0.9923201
1,1,0.9299207
0,0,0.0033861655
0,0,0.009475898
0,0,0.0029314724
0,0,0.011435227
1,1,0.8215591
1,1,0.8982623
1,0,0.2748544
1,1,0.9584772
1,1,0.9317371
1,1,0.96664053
1,1,0.9861415
0,0,0.0020261768
1,1,0.9925885
0,0,0.0042746332
0,0,0.1811817
0,0,0.0038524454
1,1,0.69710666
1,1,0.96687573
0,0,0.0026260954
0,0,0.0025438017
1,1,0.9826821
1,1,0.9739379
0,0,0.00482947
0,0,0.0023091338
0,0,0.002323169
0,0,0.0026839632
1,1,0.995749
1,1,0.9915509
0,0,0.0045203757
0,0,0.0029885306
1,1,0.9885096
1,1,0.9887933
0,0,0.002659726
1,1,0.98961383
0,0,0.0025803985
1,1,0.98581505
1,1,0.9821175
0,0,0.0021915045
0,0,0.00784035
1,1,0.9900108
1,1,0.9570119
1,1,0.9672104
1,1,0.9888333
0,0,0.009772408
0,0,0.014383587
1,1,0.9440946
0,0,0.0021132755
0,0,0.08126981
0,0,0.0035928546
0,0,0.0035928546
1,1,0.98389167
0,0,0.012080947
1,1,0.9893239
0,0,0.0023690592
1,1,0.9352571
1,0,0.37912342
0,0,0.002337323
1,1,0.93392
0,0,0.0053194594
1,0,0.42231548
1,1,0.9935109
0,0,0.0022380415
1,1,0.9928585
0,0,0.013654111
1,0,0.4460889
1,1,0.99247944
1,1,0.8976892
1,1,0.87707406
0,0,0.0057598674
1,1,0.9906701
0,1,0.5224871
0,0,0.038338535
1,1,0.97299135
0,0,0.02126127
0,0,0.002385384
0,0,0.0025747141
1,1,0.99448097
0,0,0.019831803
1,1,0.98452026
0,0,0.007049255
0,0,0.010108687
0,0,0.0067310175
0,0,0.0036557
0,0,0.003742639
1,1,0.92024034
0,0,0.01809349
0,0,0.003104178
0,0,0.0032899147
1,1,0.9853462
0,0,0.036740724
0,0,0.012185899
1,1,0.88863015
1,1,0.92704636
1,1,0.9935454
1,1,0.99267334
1,1,0.97613686
0,0,0.0027938266
1,1,0.99187964
0,0,0.072425686
0,0,0.00207518
0,0,0.048906725
0,0,0.0026002233
0,0,0.0029528597
0,0,0.0025951944
0,0,0.0030066317
0,0,0.010022045
0,0,0.0029766143
0,0,0.0023156218
1,1,0.99153686
0,0,0.0086605055
1,1,0.99402076
1,1,0.5584695
1,1,0.9919882
1,1,0.988135
0,0,0.0061939475
1,1,0.995069
1,1,0.9945734
1,1,0.99105424
0,0,0.002943216
1,1,0.91940004
1,1,0.99445856
1,1,0.9822765
1,1,0.992482
1,1,0.9937696
0,0,0.0037567287
0,0,0.012039382
1,1,0.97798413
1,1,0.9852288
1,1,0.9831897
0,0,0.03193257
1,1,0.880982
0,0,0.006345833
1,1,0.88081205
1,1,0.9880464
1,1,0.994303
1,1,0.991024
1,1,0.9909899
0,0,0.09902905
1,1,0.94206125
1,1,0.8659716
1,1,0.9741503
1,1,0.9810461
1,1,0.9854565
0,0,0.0039274637
0,0,0.004603968
1,1,0.98104846
1,1,0.78629935
1,1,0.99048644
1,1,0.97622335
0,0,0.0021366104
0,0,0.0027986784
1,1,0.71412915
0,0,0.0027520692
1,1,0.9857082
1,1,0.9006607
1,1,0.99419606
0,0,0.021415027
1,1,0.9798085
0,1,0.6895484
0,0,0.0057665254
0,0,0.0031705406
0,0,0.012995684
1,1,0.98450875
0,0,0.0031962623
1,1,0.9892936
1,1,0.9856499
1,1,0.97428584
1,1,0.9914112
0,0,0.004041963
1,1,0.9966568
1,1,0.9780633
0,0,0.006819742
1,1,0.9867699
1,1,0.9849958
1,1,0.97761095
1,1,0.98120475
1,1,0.98928934
0,0,0.002619524
0,0,0.0030720108
0,0,0.0036413304
1,1,0.99148643
1,1,0.99321586
1,1,0.9870281
1,1,0.9864094
1,1,0.98792636
1,1,0.9835777
1,1,0.98524284
1,1,0.98721004
1,1,0.98229927
1,1,0.9829169
1,1,0.7823551
1,1,0.9935836
1,1,0.9766392
1,1,0.98618686
1,1,0.98392487
1,1,0.9749161
1,1,0.98982316
0,0,0.0022376124
1,1,0.9847525
0,0,0.004425707
1,1,0.96046686
0,1,0.7637579
0,0,0.017916214
1,1,0.9871831
1,1,0.9862657
1,1,0.9890891
1,1,0.9832938
1,1,0.97898483
0,0,0.002214409
1,1,0.98637646
0,0,0.0025189223
1,1,0.983955
0,0,0.0020418414
1,1,0.99658126
1,1,0.7283321
0,0,0.0023396849
0,0,0.004628439
0,0,0.008192682
1,1,0.9786693
0,0,0.003623286
1,1,0.98590684
0,0,0.0027402001
1,1,0.99299014
1,1,0.9693131
1,1,0.99525756
1,1,0.98359144
0,0,0.24317554
0,0,0.0027740255
0,0,0.0020097499
0,0,0.0025202755
1,1,0.96008915
0,0,0.0033449885
1,1,0.5746807
0,0,0.0046019903
1,1,0.9534789
1,1,0.9916032
1,1,0.98551327
1,0,0.036767524
1,1,0.986705
1,1,0.98200995
0,0,0.0047131362
0,0,0.008724357
0,0,0.0023917197
1,1,0.91817266
1,1,0.9873099
0,0,0.003157719
1,1,0.9786017
1,1,0.9866344
1,1,0.9814477
1,1,0.9796078
1,1,0.76112014
1,1,0.9525614
1,1,0.98274523
1,1,0.97721
1,1,0.98853356
0,0,0.019366663
1,1,0.98801595
1,1,0.97261864
1,1,0.9697407
0,0,0.04398523
1,1,0.9127746
0,0,0.09564943
0,0,0.0037677863
0,0,0.0133704
1,1,0.9392338
1,1,0.8722177
1,1,0.94400734
1,1,0.9834942
1,1,0.98350626
0,0,0.0048152586
0,0,0.0027673799
1,1,0.9893634
0,0,0.0025106801
1,1,0.984616
1,1,0.9836
1,1,0.98762244
1,1,0.9783068
1,1,0.9870344
1,1,0.98647994
1,1,0.9860204
1,1,0.96628
1,1,0.9731169
0,0,0.0027355214
1,1,0.9800121
1,1,0.9869294
0,0,0.012204884
1,1,0.9624566
1,1,0.9910637
0,0,0.0025583582
1,1,0.9948672
1,1,0.99454886
1,1,0.95629257
1,1,0.9842519
1,1,0.9829888
0,0,0.0031543167
1,1,0.9946431
0,0,0.0027942942
1,1,0.9920968
0,0,0.0029145414
1,1,0.98808193
1,1,0.98874587
0,0,0.002665064
1,1,0.96774733
1,1,0.9923309
0,0,0.031442974
1,1,0.94198763
0,0,0.0060326327
0,0,0.002548989
0,0,0.003323154
0,0,0.0026926375
0,0,0.042170584
1,1,0.97732204
1,1,0.9798386
1,1,0.9703847
1,1,0.9849983
1,1,0.9920494
1,1,0.97891927
1,1,0.9819226
0,0,0.0034694949
1,0,0.10747549
1,1,0.9695702
1,1,0.9809567
1,1,0.99002457
1,1,0.99063337
1,1,0.97210264
1,1,0.98934096
0,0,0.0023215064
1,1,0.9646216
1,1,0.8722413
1,1,0.9885661
1,1,0.98844725
1,1,0.9871759
1,1,0.9933476
1,1,0.97816294
1,1,0.986453
1,1,0.9847414
0,0,0.0044948277
1,1,0.9835074
0,0,0.0027626439
1,1,0.98699373
1,1,0.9873427
0,0,0.0022977446
0,0,0.0029291888
0,0,0.47321337
1,1,0.9933482
1,1,0.96954334
1,1,0.9870303
0,0,0.0022850689
0,0,0.0023540277
1,1,0.9958676
1,1,0.96841353
1,1,0.98853475
0,0,0.004299412
0,0,0.0029415006
1,1,0.99003124
0,0,0.0032647266
0,0,0.0055234185
1,1,0.9932968
0,0,0.008571279
1,1,0.80223095
0,0,0.0025670535
0,0,0.0024854748
1,1,0.9926951
1,1,0.9916123
1,1,0.9773615
1,1,0.9950059
1,1,0.99114764
0,0,0.0058851596
1,1,0.9855134
1,1,0.98745126
1,1,0.9894616
1,1,0.95918727
1,1,0.9795855
1,1,0.9804022
1,1,0.98533535
1,1,0.98720574
0,0,0.006317645
1,1,0.9896041
1,1,0.97071373
1,1,0.99414825
1,1,0.97683
0,0,0.004587166
1,1,0.97963995
1,1,0.977865
0,0,0.004630127
1,1,0.97029287
1,1,0.9655181
1,1,0.9858847
1,1,0.9728469
1,1,0.94500124
1,1,0.9758639
1,1,0.9885356
1,0,0.45215994
1,1,0.9621145
1,1,0.9915877
1,1,0.9909113
1,1,0.96569866
1,1,0.8069983
0,0,0.0026362562
1,1,0.90769464
1,1,0.9873783
1,1,0.9138361
1,1,0.9941239
1,1,0.98592955
1,1,0.9573233
1,1,0.97553045
1,1,0.98718566
1,1,0.9566615
1,1,0.7440303
1,1,0.9854607
1,1,0.9879732
1,1,0.9834537
1,1,0.98471904
0,0,0.0029431146
0,0,0.0106532555
0,0,0.0024367815
0,0,0.012733805
1,1,0.9696518
1,1,0.98402065
0,0,0.0040740673
1,1,0.98399645
1,1,0.9815361
1,1,0.9863732
1,1,0.9869723
1,1,0.98413795
1,1,0.9880315
1,1,0.96327233
0,0,0.004563061
0,0,0.021768512
1,1,0.99244374
0,0,0.003102688
1,1,0.99250704
0,0,0.018112767
0,0,0.005932053
0,0,0.023001086
1,1,0.98655266
1,1,0.97226983
1,1,0.9774309
1,1,0.9857304
0,1,0.58822656
0,0,0.0026683586
1,1,0.97118604
1,1,0.988557
1,1,0.98639005
1,1,0.9730304
0,0,0.013820857
1,1,0.9771624
0,0,0.00323195
1,1,0.9808039
1,1,0.9829806
1,1,0.9790446
0,0,0.004091053
1,1,0.9068489
1,1,0.98619765
0,0,0.0024806159
1,1,0.99148613
1,1,0.9813401
1,1,0.84684485
1,1,0.9910274
1,1,0.922242
1,0,0.47058335
0,0,0.42572156
1,1,0.9920133
1,1,0.848468
1,1,0.9947408
0,0,0.029558705
1,1,0.98289365
1,1,0.9788862
1,1,0.986832
1,1,0.9796734
0,0,0.0026295271
0,1,0.78325486
0,0,0.024465209
1,1,0.9839191
1,1,0.9752157
0,0,0.0026887653
1,1,0.9925897
1,1,0.9917207
1,1,0.9921841
1,1,0.9879253
0,0,0.002366948
1,1,0.899263
1,1,0.7175376
1,1,0.99133545
1,1,0.9808344
1,1,0.9696521
1,1,0.9894531
1,1,0.93012434
1,1,0.99526465
1,1,0.9823752
1,1,0.9180527
0,0,0.0029222118
1,1,0.9021548
1,1,0.9736285
1,1,0.9878213
0,0,0.0022300784
0,0,0.0032334896
1,1,0.92695296
1,1,0.9877771
1,1,0.8512517
1,1,0.97802347
1,1,0.9783457
1,1,0.9900456
1,1,0.98485583
1,1,0.9804208
1,1,0.98882943
1,1,0.98796266
1,1,0.9842433
1,1,0.5504751
1,1,0.986389
1,1,0.992417
0,0,0.010166693
1,1,0.99246746
1,1,0.9828069
1,1,0.9312377
1,1,0.96063757
1,1,0.98527247
1,1,0.98112684
1,1,0.9816452
1,1,0.98226994
0,0,0.0030314052
1,1,0.98801
1,1,0.9828864
0,0,0.0045682406
1,1,0.84904134
1,1,0.5847063
1,1,0.9780964
1,1,0.9853559
1,1,0.9888805
0,0,0.040952805
1,1,0.98320526
0,0,0.006111391
0,0,0.16735876
0,0,0.05829771
1,1,0.98401654
0,0,0.11121858
1,1,0.9840171
1,1,0.9840529
1,1,0.9903488
0,0,0.0031699664
1,1,0.9451844
1,1,0.9788482
1,1,0.9864738
1,1,0.89893883
1,1,0.9789135
1,1,0.9786768
0,1,0.77249163
0,0,0.0024647862
1,1,0.87289697
1,1,0.99375135
0,0,0.0025886097
1,1,0.9890771
1,1,0.98814523
0,0,0.0037459421
1,1,0.99295264
0,0,0.035361577
1,1,0.9846393
1,1,0.9925924
1,1,0.9795132
1,1,0.9892664
1,1,0.98440045
1,1,0.98929954
1,1,0.98071986
1,1,0.99394894
0,0,0.0053072283
1,1,0.9889931
0,0,0.095475584
1,1,0.9946709
1,1,0.97438633
1,1,0.9904433
1,1,0.9806677
1,1,0.98638594
1,1,0.9846533
0,0,0.0023196926
1,1,0.9901266
1,1,0.92407614
1,1,0.96129024
0,0,0.0023647635
1,1,0.9933143
0,0,0.00311562
0,0,0.0038123457
1,1,0.9868151
1,1,0.979508
1,1,0.9871617
0,0,0.00234063
1,1,0.9896909
1,1,0.98710036
1,1,0.9573361
0,0,0.34029734
1,1,0.9720619
1,0,0.32288566
0,0,0.024172379
0,0,0.0031386693
1,1,0.63112754
1,1,0.9854375
1,1,0.9748677
1,1,0.8920539
0,0,0.006524867
1,1,0.98621947
1,0,0.4885967
0,0,0.0288119
0,0,0.0053500445
1,1,0.9853801
1,1,0.9761546
1,1,0.9948191
1,1,0.9772841
1,1,0.98783594
0,0,0.0053983624
1,1,0.9855334
1,1,0.9831224
1,1,0.91826725
1,1,0.8094158
1,1,0.9875601
1,1,0.9913209
1,1,0.98763126
0,0,0.002584975
1,1,0.99432844
0,0,0.02674449
1,1,0.99077374
0,0,0.003702418
0,0,0.0022967292
1,1,0.9820181
0,0,0.0028007044
0,0,0.0046150796
0,0,0.0040192376
0,0,0.16734593
0,0,0.0034255632
1,1,0.9296931
1,1,0.8208306
1,1,0.9844786
0,0,0.0022761326
0,0,0.0023333835
0,0,0.0040788893
1,1,0.9593239
0,0,0.0023750726
0,0,0.10837572
1,1,0.9861923
0,0,0.022524856
0,0,0.0031629286
1,1,0.98046243
0,0,0.002360614
1,1,0.9869603
1,1,0.9945214
1,1,0.99121326
1,1,0.9858622
1,1,0.8823356
0,0,0.0023407137
0,0,0.002618286
1,1,0.96978307
1,1,0.9873448
1,1,0.984925
1,1,0.99382377
1,1,0.9947067
1,1,0.9955552
1,1,0.98260075
0,0,0.0033916784
1,1,0.9959644
1,1,0.99092823
1,1,0.99227613
0,0,0.0052940827
1,1,0.8630472
1,1,0.9955272
0,0,0.036331113
0,0,0.006995473
1,1,0.99278635
1,1,0.9865975
0,0,0.0023646455
0,0,0.0111365765
0,0,0.0064476565
1,1,0.8278303
0,0,0.008640853
1,1,0.99241334
0,0,0.007093183
0,0,0.002465846
1,1,0.94972056
1,1,0.74909014
1,1,0.9935906
1,1,0.92475253
1,1,0.8579351
0,0,0.027470946
1,1,0.992239
1,1,0.98983675
1,1,0.975049
1,1,0.9718782
1,1,0.97985214
1,1,0.9488654
1,1,0.98051786
0,0,0.016656844
1,1,0.9958295
0,0,0.0040193656
1,1,0.9872821
1,1,0.93767697
0,0,0.0032011243
1,1,0.973853
0,0,0.0025495843
1,1,0.9135723
1,1,0.9439959
1,1,0.97750515
0,0,0.0077152587
1,1,0.94252443
1,1,0.98473245
1,1,0.9945035
0,0,0.003331298
0,0,0.0036424808
1,1,0.98411024
1,1,0.94605297
1,1,0.98960555
0,0,0.003669234
1,1,0.8775472
1,1,0.98806274
1,1,0.9553986
1,1,0.9909739
0,0,0.0024932257
1,1,0.96205515
0,0,0.004127315
0,0,0.003000402
0,0,0.0075227683
1,1,0.9867051
1,1,0.98725975
1,1,0.98847616
1,1,0.99518085
1,1,0.99207366
0,0,0.0040586414
0,0,0.0046819556
1,1,0.9842315
1,1,0.94581735
1,1,0.991581
1,1,0.9575268
1,1,0.9949232
0,0,0.0052728085
1,1,0.9948973
0,0,0.002566763
1,1,0.95187694
1,1,0.98671967
0,0,0.009153749
0,0,0.002593773
1,1,0.9940439
1,1,0.89521176
1,1,0.9555808
0,0,0.003922719
1,1,0.9544986
0,0,0.0022929714
1,1,0.9916003
0,0,0.0024672989
0,0,0.0036317862
0,0,0.009507054
0,0,0.003055659
1,1,0.9929389
1,1,0.97166336
0,0,0.0051488453
0,0,0.005507587
1,1,0.8708672
1,1,0.954841
1,1,0.9808864
0,0,0.03533798
1,1,0.9847919
1,1,0.9876052
0,0,0.39113417
0,0,0.04062966
0,0,0.0022453386
1,1,0.98872536
1,1,0.9851371
0,0,0.0021197603
1,1,0.95522934
1,1,0.91517645
1,1,0.88515717
1,1,0.99221367
0,0,0.0022093945
0,0,0.026792224
0,0,0.026792224
1,1,0.9731237
0,0,0.0036165167
0,0,0.0035411706
1,1,0.96989495
1,1,0.99073887
1,1,0.9864733
0,0,0.0027855095
0,0,0.17422271
1,1,0.9932027
0,0,0.0024722985
0,0,0.16713502
1,1,0.99158186
0,0,0.0027147285
1,1,0.9479317
1,1,0.98311794
1,1,0.98927003
0,0,0.0027147285
1,1,0.98371744
1,1,0.8485125
1,1,0.97072965
1,1,0.9361729
0,0,0.0032307198
0,0,0.0026563522
0,0,0.0032307198
1,1,0.9833998
1,1,0.983244
1,1,0.74434453
0,0,0.079432495
0,0,0.002172549
0,0,0.029807938
0,0,0.094588265
0,0,0.0022915232
0,0,0.003666864
0,0,0.0026197783
1,1,0.97567874
1,1,0.987025
1,1,0.93388623
1,1,0.98038816
1,1,0.9868678
1,1,0.96723896
1,1,0.9799589
0,0,0.023787446
0,0,0.0023798542
0,0,0.013911371
1,1,0.99129885
0,0,0.003253422
0,0,0.005333624
1,1,0.9914278
1,1,0.98493505
0,0,0.0022705141
0,0,0.0065622847
0,0,0.0046180906
0,0,0.005930592
0,0,0.002540611
1,1,0.9769711
1,1,0.9871868
1,1,0.9690535
0,0,0.002462529
1,1,0.90248275
1,1,0.9927142
0,0,0.002422219
1,1,0.7498886
1,1,0.99152946
1,1,0.9858137
0,0,0.0032289051
0,0,0.0044564474
1,1,0.9908992
0,0,0.0040725563
0,0,0.020175753
1,1,0.9898859
1,1,0.98057705
0,0,0.0024330297
1,1,0.98888516
1,1,0.6984758
1,1,0.9833039
0,0,0.01116581
0,0,0.0053562666
0,0,0.006075857
0,0,0.0051214593
1,1,0.965028
0,0,0.0022856938
0,0,0.0049077435
0,0,0.0022840546
1,1,0.9916127
1,1,0.98861676
1,1,0.98639107
0,0,0.0028431828
1,1,0.95976126
1,1,0.99509734
0,0,0.0037438162
1,1,0.96045387
1,1,0.79743093
1,1,0.786962
1,1,0.99000156
1,1,0.6459848
0,0,0.0023892927
1,1,0.93948835
1,1,0.96658206
1,1,0.9608869
1,1,0.9829555
1,1,0.9880751
1,1,0.9910574
0,0,0.0022067714
1,1,0.9898387
0,0,0.002714624
1,1,0.9871941
1,1,0.9915896
1,1,0.99185395
0,0,0.0029956216
1,1,0.98064315
1,1,0.99467516
1,1,0.9473989
1,1,0.9822275
0,0,0.0038739978
1,1,0.9848069
1,1,0.9034714
1,1,0.99441755
1,1,0.9896339
1,1,0.9908358
1,1,0.98964804
0,0,0.0029804485
1,1,0.99319637
1,1,0.9857972
1,1,0.9951952
1,1,0.99399984
0,0,0.022182321
1,1,0.99047697
0,0,0.00996261
1,1,0.8802683
1,1,0.877618
1,1,0.9952076
1,1,0.9911642
0,0,0.005319461
1,1,0.9386919
1,1,0.9912608
1,1,0.99342525
0,0,0.005662227
0,0,0.003552445
0,0,0.037865024
1,1,0.9895461
1,1,0.9938911
1,1,0.96845555
1,1,0.96589226
1,1,0.9954367
1,1,0.99463487
1,1,0.9939055
1,1,0.97984296
1,1,0.9840481
0,0,0.002488618
0,0,0.05044928
1,1,0.97745574
1,1,0.9913538
1,1,0.9931598
1,1,0.991907
1,1,0.99122405
1,1,0.9942304
1,1,0.9949719
0,0,0.002316241
1,1,0.89863867
1,1,0.9891199
0,0,0.004749462
1,1,0.9925695
1,1,0.98778534
1,1,0.9753941
1,1,0.9923741
1,1,0.9687561
0,0,0.004004987
1,1,0.99362093
1,1,0.99459946
0,0,0.0245554
0,0,0.003787215
0,0,0.33859727
1,1,0.99158716
1,1,0.76048344
0,0,0.0024352055
1,1,0.9936174
0,0,0.006998707
0,0,0.0022243983
1,1,0.8673193
1,1,0.95190257
0,0,0.004164203
1,1,0.99454653
1,1,0.98644364
1,1,0.9556752
1,1,0.99561286
0,0,0.0058190655
1,1,0.91268647
1,1,0.98678154
1,1,0.9493396
0,0,0.0020777064
1,1,0.99046797
0,0,0.0033284524
1,1,0.99519724
1,1,0.9907549
1,1,0.9934957
1,1,0.8754126
1,1,0.9908351
1,1,0.98522216
1,1,0.99347717
1,1,0.99253875
1,1,0.97782797
1,1,0.9916392
1,1,0.9710703
1,1,0.98935145
1,1,0.9803986
1,1,0.9800567
1,1,0.9938046
1,1,0.98957485
1,1,0.9938692
1,1,0.9897512
1,1,0.9273435
1,1,0.9883569
1,1,0.9907148
1,1,0.99315464
1,1,0.996505
0,0,0.0054899356
0,0,0.0022264565
1,1,0.97480804
1,1,0.9795027
1,1,0.9718298
1,1,0.9948573
1,1,0.94819105
0,0,0.0039368207
1,1,0.9734821
1,1,0.99194825
1,0,0.30219787
1,1,0.9419852
1,1,0.99257624
1,1,0.9833695
1,1,0.97326046
0,0,0.0045107347
1,1,0.98976237
1,1,0.99553996
1,1,0.9495832
1,1,0.9814269
1,1,0.9904536
0,0,0.002384541
0,1,0.82815665
1,1,0.9915969
1,1,0.9825178
0,0,0.09020701
1,1,0.9848055
1,1,0.97498035
1,1,0.99316955
1,1,0.9648932
1,1,0.989218
1,1,0.98636925
0,0,0.0053849733
0,0,0.0026362701
1,1,0.9954276
0,0,0.24360646
1,1,0.97574866
0,0,0.0072600553
0,0,0.0039193244
1,1,0.99456364
1,1,0.99227035
1,1,0.9503043
0,0,0.0027770954
0,0,0.0025493747
0,0,0.003298057
1,1,0.98430365
0,0,0.002152363
0,0,0.0062256157
0,0,0.01019934
0,0,0.002295588
1,1,0.97915465
1,1,0.9669338
1,1,0.99539644
1,1,0.9820738
1,1,0.9480886
0,0,0.0020989785
0,0,0.0026013253
1,1,0.98718643
0,0,0.01485223
1,1,0.99368954
1,0,0.37907037
0,0,0.021538816
1,1,0.9898644
1,1,0.98867214
1,1,0.99459815
0,0,0.0041021374
0,0,0.0022409023
0,0,0.0034771634
1,1,0.98839974
1,1,0.9812392
0,0,0.0022913523
0,0,0.004410036
1,1,0.94092757
1,1,0.9234428
1,1,0.9854498
0,0,0.0023896045
1,1,0.9938752
1,1,0.9784067
0,0,0.0028577321
0,0,0.0024464654
1,1,0.99082804
0,0,0.016499074
0,0,0.024395172
1,1,0.99456364
1,1,0.9900265
0,0,0.0049973805
0,0,0.0020933175
1,1,0.97184616
0,0,0.0024038216
0,0,0.0022574735
1,1,0.97845036
1,1,0.9948303
1,1,0.99243873
1,1,0.8935421
0,0,0.0022426718
0,0,0.0050405287
1,1,0.9913845
0,0,0.005618624
1,1,0.9864057
1,1,0.98216736
1,1,0.99074614
1,1,0.9244411
0,0,0.0028628919
0,0,0.005717161
0,0,0.0027542913
0,0,0.003186551
0,0,0.0025026822
1,1,0.9813696
1,0,0.4774928
1,1,0.9843901
1,1,0.97722864
1,1,0.7792827
1,1,0.99260086
1,1,0.98963696
0,0,0.0027740013
1,1,0.9613806
0,0,0.005638951
1,1,0.9871256
1,1,0.985343
1,1,0.9726667
0,0,0.004077931
0,0,0.033726625
1,1,0.9652317
0,0,0.002933696
0,0,0.0028113709
1,1,0.97959465
0,0,0.004806871
1,1,0.9959579
0,1,0.7120517
1,1,0.8003408
1,1,0.99549246
0,0,0.27526656
0,0,0.005427924
1,1,0.90795213
0,0,0.0023435971
1,0,0.2496834
1,1,0.98185986
1,1,0.9958413
1,1,0.9923798
1,1,0.9616755
1,1,0.99139005
1,1,0.93784386
1,1,0.969583
1,1,0.97769606
1,1,0.9897948
0,0,0.005498041
1,1,0.9881732
1,1,0.98420876
0,0,0.00281694
1,1,0.9918777
0,0,0.0022626412
1,1,0.9591645
1,1,0.9855275
0,0,0.079735935
0,0,0.0027758123
0,0,0.0025987295
1,1,0.9934048
0,0,0.0023588527
1,1,0.98519933
1,1,0.988538
1,1,0.993248
0,0,0.0052533387
0,0,0.0027232661
1,1,0.98943186
1,1,0.98576075
0,0,0.015338658
0,0,0.003864417
1,1,0.96995544
1,1,0.9909883
1,1,0.8419245
1,1,0.9819958
1,1,0.9727927
0,0,0.10226096
0,0,0.009046506
1,1,0.9873143
0,0,0.004965722
0,0,0.003840602
1,1,0.8786228
1,1,0.62361056
0,0,0.0045519373
1,1,0.99433905
1,1,0.9864212
1,1,0.9498028
1,1,0.99528027
1,1,0.9632912
0,0,0.0031741927
1,1,0.98665047
0,0,0.0031741927
1,1,0.98634446
0,0,0.002829365
0,0,0.01374532
0,0,0.0032274935
0,0,0.0035823325
1,1,0.7705259
1,1,0.9769586
1,1,0.99454767
0,0,0.0025388736
0,0,0.004427285
1,1,0.99350125
1,1,0.98208714
1,1,0.98840475
1,1,0.9952188
1,1,0.9928301
1,1,0.99213177
0,0,0.0022837003
1,1,0.93996114
1,1,0.9815119
1,1,0.74695605
1,0,0.2428488
0,0,0.0023887905
0,0,0.003727174
1,1,0.9891423
0,0,0.007302041
0,0,0.0026435067
0,0,0.026792224
1,1,0.99056923
1,1,0.96228504
1,1,0.9423362
0,0,0.026792224
1,1,0.994735
0,0,0.026792224
0,0,0.0037551408
0,0,0.026792224
0,0,0.0027854564
1,1,0.99393696
0,0,0.0067390124
0,0,0.0026166865
0,0,0.026792224
1,1,0.9944799
0,0,0.026792224
1,1,0.91216385
0,0,0.00269574
0,0,0.020640243
1,1,0.9849621
0,0,0.002267099
0,0,0.0028810808
0,0,0.002166132
0,0,0.0037965938
0,0,0.026792224
0,0,0.00267339
0,0,0.002176598
1,1,0.93211263
0,0,0.0058575417
0,0,0.0024744808
1,1,0.9860762
0,0,0.024284761
1,0,0.34699038
1,1,0.9887611
1,1,0.9840974
1,1,0.9844163
1,1,0.99452
1,1,0.9872264
1,1,0.9935129
0,0,0.002709429
1,1,0.9875687
0,0,0.0026770872
1,1,0.9822588
1,0,0.34502238
1,1,0.9826341
1,1,0.9934087
1,1,0.989823
1,1,0.976137
1,1,0.98965085
1,1,0.9795694
1,1,0.9930774
1,1,0.9418344
0,0,0.0046026553
1,1,0.9821706
1,1,0.892733
1,1,0.9872491
0,0,0.20892933
1,1,0.9407527
1,1,0.9945505
0,0,0.0031942758
1,1,0.97973424
0,0,0.0040722047
1,1,0.92682636
1,1,0.99098104
1,1,0.6986217
1,1,0.9422563
1,1,0.9941941
1,0,0.25324377
1,1,0.7782053
0,0,0.0024885377
1,1,0.9936566
0,0,0.052031264
1,1,0.9888354
1,1,0.9728817
1,0,0.28610757
0,0,0.0024711723
0,0,0.034233846
1,1,0.9949728
1,1,0.9749223
1,1,0.8156458
1,1,0.92259514
1,1,0.96584153
1,1,0.9936466
0,0,0.004269451
1,1,0.9018042
1,1,0.9925708
1,1,0.9909719
1,1,0.9784161
1,1,0.9901862
0,0,0.019764617
1,0,0.3516405
1,1,0.9844334
1,1,0.95683
0,0,0.0031396914
1,1,0.9932428
1,1,0.82725215
0,0,0.002518701
1,1,0.9609796
0,0,0.0032122233
1,1,0.9930419
1,1,0.9954152
1,1,0.9923975
1,1,0.98804295
1,1,0.9931393
1,1,0.9936354
0,0,0.014111416
1,1,0.96364313
1,1,0.95167947
1,1,0.99139506
1,1,0.98738784
0,0,0.0023754283
1,1,0.990746
1,1,0.98601776
1,1,0.9946077
1,1,0.9772455
1,1,0.9930918
1,1,0.9923753
1,1,0.9888705
1,1,0.9926858
0,0,0.0024581943
0,0,0.002646645
0,0,0.0020914078
1,1,0.9916917
1,1,0.9894679
1,1,0.9946267
1,1,0.9850087
1,1,0.97740674
1,1,0.99110174
1,1,0.9846289
1,1,0.99331796
0,0,0.016064337
1,1,0.99374604
0,0,0.0029143682
1,1,0.97307265
1,1,0.99349123
0,0,0.0052928394
1,1,0.9940217
1,1,0.9920465
1,1,0.9925988
1,1,0.9861448
1,1,0.9792716
1,1,0.993005
1,1,0.99479574
1,1,0.9908454
1,1,0.99246264
0,0,0.054065943
1,1,0.991772
0,0,0.0033556246
0,0,0.002751563
1,1,0.99043816
1,1,0.93307674
1,1,0.9905392
1,1,0.99324036
1,1,0.99271786
1,1,0.9904551
1,1,0.9880074
1,1,0.92322147
0,0,0.0024288138
0,0,0.0028923715
1,1,0.99321073
1,1,0.74306494
1,1,0.891996
0,0,0.0023736323
1,1,0.9913181
1,1,0.99319905
0,0,0.093747154
0,0,0.25779563
0,0,0.0026081495
0,0,0.005554656
1,1,0.9757805
0,0,0.004838181
0,0,0.0034141105
1,1,0.81262124
0,0,0.0028092875
1,1,0.97243077
0,0,0.004958098
1,1,0.9135721
0,0,0.002475345
0,0,0.0020718006
0,0,0.0027002632
1,1,0.91687953
1,1,0.9871695
1,1,0.52696574
1,1,0.89703494
1,1,0.9842152
0,0,0.007281294
1,1,0.9819651
1,1,0.92871666
1,1,0.9857011
1,1,0.6981163
0,0,0.00238
0,0,0.0022485668
1,1,0.94958323
0,0,0.013981416
1,1,0.9898421
1,1,0.8736625
1,0,0.4734521
1,1,0.97111106
0,0,0.0022676704
0,0,0.002196678
1,1,0.9884799
0,0,0.002592858
1,1,0.9935446
1,1,0.98902434
0,0,0.002819718
0,0,0.0054899356
0,0,0.002074553
0,0,0.002074553
1,1,0.9960603
1,1,0.991459
0,0,0.019070227
0,0,0.0022547771
0,0,0.0023206132
1,1,0.9925991
1,1,0.77534115
0,0,0.0023206132
1,1,0.97793627
1,1,0.8679709
0,0,0.0040244213
1,1,0.99114954
0,0,0.0021512182
1,1,0.96376294
1,1,0.9702908
1,1,0.9894187
1,1,0.9920621
0,0,0.026792224
0,0,0.026792224
0,0,0.026792224
1,1,0.99250364
1,1,0.99242604
1,1,0.99073267
0,0,0.0096403705
1,1,0.75135046
1,1,0.9790773
0,0,0.026792224
0,0,0.0034833646
1,1,0.989986
1,1,0.99386394
0,0,0.007952668
1,1,0.9950777
1,1,0.9775998
1,1,0.9949845
0,0,0.0049447264
0,0,0.0026129729
1,1,0.97740734
1,1,0.98146987
1,1,0.9938252
1,1,0.8915078
1,1,0.94837135
0,0,0.08263501
1,1,0.9943493
1,1,0.9835232
1,1,0.99449015
0,0,0.01352315
1,1,0.97578454
1,1,0.98217654
1,1,0.96157473
1,1,0.99485564
1,1,0.9638076
1,1,0.9824823
1,1,0.98949486
1,1,0.9852438
1,1,0.9225372
0,0,0.03292548
1,1,0.9590013
1,1,0.97895676
0,0,0.08898548
0,0,0.0032740608
1,1,0.99583155
1,1,0.98813605
1,1,0.9885315
1,1,0.99260676
1,1,0.9920447
1,1,0.96415216
1,1,0.99309
1,1,0.9802131
1,1,0.99115455
0,0,0.0024945866
1,1,0.9943498
1,1,0.9927684
0,0,0.0024992754
1,1,0.9917846
1,1,0.9907769
0,0,0.003141496
1,1,0.9816954
1,1,0.9597237
1,1,0.8707436
1,1,0.99175453
0,0,0.00552031
1,1,0.98153436
1,1,0.9910472
0,0,0.0023837837
1,1,0.9958905
0,0,0.0023837837
1,1,0.9850198
1,1,0.9939547
1,1,0.9052291
1,1,0.9860962
0,0,0.0068780878
1,1,0.98926467
0,0,0.0043060104
1,1,0.9777609
0,0,0.032702863
1,1,0.9577855
1,1,0.99614173
1,1,0.9894085
1,1,0.73428404
1,1,0.9843956
1,1,0.9593894
1,1,0.9881302
1,1,0.9431049
1,1,0.98670316
1,1,0.8811861
0,0,0.010298377
0,0,0.0026548947
1,1,0.9820316
1,1,0.98110354
0,0,0.023326142
1,1,0.9419793
0,0,0.002714215
0,0,0.0028346826
1,1,0.9774883
1,1,0.9920895
0,0,0.002262739
1,1,0.9626293
0,0,0.0050248583
0,0,0.008819074
1,1,0.99263555
1,1,0.90985686
1,1,0.9939365
1,1,0.9932295
1,1,0.9909541
1,1,0.988289
1,1,0.99168384
0,0,0.0028923715
1,1,0.9853871
1,1,0.95982814
1,1,0.9770179
1,1,0.9109909
1,1,0.9845108
1,1,0.9873877
1,1,0.98478055
1,1,0.98678595
1,1,0.9936738
0,0,0.0025624046
0,0,0.006202662
1,1,0.92846316
1,1,0.99103177
1,1,0.9840693
1,1,0.98849803
1,1,0.9946518
0,0,0.009130386
1,1,0.99435717
0,0,0.004175202
1,1,0.99387616
1,0,0.42012602
1,1,0.7509467
1,1,0.875155
1,1,0.9933314
1,1,0.9030376
0,0,0.0027085042
1,1,0.98480713
1,1,0.9933477
0,0,0.008218897
1,1,0.99172205
1,1,0.97324264
0,0,0.005807235
0,0,0.0022105859
1,1,0.9384147
0,0,0.00713072
1,1,0.97124654
0,0,0.028007729
1,1,0.9873196
0,0,0.014394501
1,1,0.98914206
1,0,0.032180794
1,1,0.994915
1,1,0.7740981
1,1,0.5859354
1,1,0.62716997
1,1,0.93612564
1,1,0.9880603
1,1,0.96368235
1,1,0.6741844
1,1,0.94689554
1,1,0.9879633
1,1,0.9502437
1,1,0.8165669
1,0,0.29670462
1,0,0.18005553
1,1,0.928221
1,1,0.9691646
1,1,0.9479243
1,1,0.97821224
1,1,0.97070426
0,0,0.0024705303
1,1,0.9899767
1,1,0.9885789
0,0,0.023510668
1,1,0.9890531
1,1,0.9945628
1,1,0.9928463
1,1,0.98393065
0,0,0.054160118
1,1,0.9803505
0,0,0.004472102
1,1,0.99466574
1,1,0.99265444
1,1,0.9550872
0,0,0.09365675
1,1,0.7373509
0,0,0.0024521423
0,0,0.002960811
1,1,0.98768395
1,1,0.97879934
1,1,0.9959286
0,0,0.002381128
1,1,0.9944148
1,1,0.7563472
0,0,0.023593476
1,1,0.9720662
1,1,0.99335915
1,1,0.99589217
1,1,0.9938491
0,0,0.009446204
1,1,0.9955829
1,1,0.9906681
1,1,0.98374546
1,1,0.9926318
1,1,0.85594064
1,1,0.99451077
1,1,0.9862292
1,1,0.9946668
1,1,0.9921514
1,1,0.99133545
1,1,0.99072427
1,1,0.99546045
1,1,0.99241924
1,1,0.98928493
1,1,0.9954965
1,1,0.99554634
1,1,0.9948079
1,1,0.97688884
1,1,0.98826563
1,1,0.99352705
1,1,0.9941386
0,0,0.002391078
1,1,0.9692634
1,1,0.99043256
1,1,0.9939464
0,0,0.049877096
1,1,0.99451435
0,0,0.0062877983
0,0,0.011725821
1,1,0.9857078
0,0,0.027434114
1,1,0.9647249
1,1,0.9885683
1,1,0.9345678
1,1,0.88120186
0,0,0.010611958
1,1,0.9928013
1,1,0.9945188
1,1,0.9949019
0,0,0.0022356492
0,0,0.0036130748
1,1,0.98970944
0,0,0.0027304045
0,0,0.0038335049
0,0,0.004718508
1,1,0.9898315
0,0,0.005819811
0,0,0.0025675881
0,0,0.008589671
1,1,0.9097446
0,0,0.005066878
1,1,0.8502334
1,1,0.9927159
1,1,0.994103
1,1,0.9860271
0,0,0.0064690495
1,0,0.024443388
1,1,0.9776945
1,1,0.99134564
1,1,0.9878796
0,0,0.0028944265
0,0,0.0032927776
0,0,0.002880974
1,0,0.48378783
1,1,0.96076244
0,0,0.0029714704
0,0,0.0024174121
1,1,0.7873907
1,1,0.81903046
0,0,0.004269451
0,0,0.002754773
0,0,0.0029832432
1,1,0.68723625
0,0,0.017185759
0,0,0.018831976
0,0,0.002525044
1,1,0.97672844
0,0,0.0023931854
0,0,0.012391917
1,1,0.99481285
0,0,0.0027567586
1,1,0.9572071
0,0,0.0044696
1,1,0.9805182
0,0,0.015507157
0,0,0.0023616743
1,1,0.9872357
0,0,0.002981967
0,0,0.003785495
1,1,0.9742061
1,1,0.992897
0,0,0.0025199484
0,0,0.0030340813
1,1,0.91168225
1,1,0.8827882
0,0,0.0030428753
1,1,0.9895661
0,0,0.018816
0,0,0.0054931
1,1,0.9745557
1,1,0.91067696
1,1,0.9913271
1,1,0.9919355
0,0,0.002506871
1,1,0.8813098
0,0,0.0028122074
0,0,0.002458737
1,1,0.91071355
0,0,0.0043521775
0,0,0.0025774832
1,1,0.98765546
0,0,0.0041195587
0,0,0.00755022
0,0,0.0022309017
0,0,0.39039585
0,0,0.0022352468
0,0,0.0035982395
0,0,0.00730929
0,0,0.0026473575
1,1,0.9811866
0,0,0.0028304819
1,1,0.994718
1,1,0.9632701
0,0,0.0030569462
1,1,0.62328404
1,1,0.98880565
0,0,0.0030663002
0,0,0.0024621002
1,1,0.98374075
0,0,0.0031743364
0,0,0.0022939458
1,1,0.9934946
0,0,0.006836146
0,0,0.0046848804
0,0,0.0021853547
1,1,0.96131897
1,1,0.9951696
0,0,0.0024053117
0,0,0.010418559
0,0,0.036100615
1,1,0.99387735
1,1,0.9952865
0,0,0.002630005
0,0,0.0026789657
0,0,0.0034593276
1,1,0.86863583
1,1,0.63982135
0,0,0.002164638
1,1,0.9872056
0,0,0.0025062189
0,0,0.026792224
0,0,0.026792224
0,0,0.026792224
0,0,0.026792224
0,0,0.0023053028
0,0,0.0022891893
0,0,0.0050225123
1,1,0.9869626
0,0,0.0025443959
1,1,0.78923965
1,1,0.994117
1,1,0.98787296
0,0,0.003585372
0,0,0.013724623
0,0,0.021057034
0,0,0.006301482
1,1,0.9601548
1,1,0.8056812
1,1,0.9070154
1,1,0.98643154
1,1,0.9702486
1,1,0.98139405
0,0,0.004455701
0,0,0.0020691776
0,0,0.0036571175
1,1,0.9753656
0,0,0.0024255025
0,0,0.0039426023
0,0,0.002756681
1,1,0.9942908
0,0,0.0056522544
0,0,0.0026722078
0,0,0.0028926136
1,1,0.77016467
0,0,0.00322994
0,0,0.0025871021
0,0,0.002295543
0,0,0.003035091
1,1,0.94153523
1,1,0.9881471
1,1,0.9870162
1,1,0.99544626
1,1,0.98940253
0,0,0.0024484687
0,0,0.3788309
1,1,0.9926354
0,0,0.0022658135
1,1,0.77487403
1,1,0.99307406
1,1,0.99335796
1,1,0.8489069
1,1,0.9953111
0,0,0.002737607
1,1,0.99472874
1,1,0.9367517
0,0,0.003931068
0,0,0.0032232348
1,1,0.9927273
0,0,0.024308693
0,0,0.010060704
0,0,0.0022650375
1,1,0.9931311
1,1,0.99024886
0,0,0.0026859383
0,0,0.0022871974
0,0,0.0033544062
1,1,0.9759291
1,1,0.9879979
1,1,0.99353373
1,1,0.9938455
1,1,0.9753855
1,1,0.9249317
1,1,0.9940858
1,1,0.99478346
0,0,0.0023995931
1,1,0.99240875
1,1,0.9894476
1,1,0.8873016
1,1,0.9951285
1,1,0.98810065
0,0,0.0032357357
1,1,0.96066844
1,1,0.99348164
1,1,0.9947896
0,0,0.005719111
0,0,0.006681078
0,0,0.0027085994
0,0,0.0033420445
0,0,0.0027224752
1,1,0.97311914
1,1,0.9280332
0,0,0.037935633
0,0,0.0028373892
0,0,0.33997828
0,0,0.0028607992
1,1,0.7221964
1,1,0.77389336
0,0,0.003458437
0,0,0.0036822928
0,0,0.0023737373
0,0,0.021346763
0,0,0.0022078562
1,1,0.98995423
1,1,0.9693839
1,1,0.99314004
0,0,0.0027542517
0,0,0.026792224
0,0,0.026792224
0,0,0.0058290577
0,0,0.04051238
0,0,0.0025293771
1,1,0.73223543
0,0,0.03128548
0,0,0.0047183693
0,0,0.004987213
0,0,0.003433147
0,0,0.0040758825
0,0,0.01599139
0,0,0.0030623178
0,0,0.0029541939
0,0,0.003976634
0,0,0.0024321887
0,0,0.0036626281
0,0,0.0032746894
1,1,0.9697703
0,0,0.0033883273
1,1,0.9590452
1,1,0.9118671
0,0,0.028881121
1,1,0.91959196
0,0,0.0024160512
1,1,0.99259865
0,0,0.0029272188
1,1,0.9934534
0,0,0.0030063319
0,0,0.026792224
0,0,0.026792224
0,0,0.0050483663
0,0,0.08793048
1,1,0.9773865
1,1,0.8848712
0,0,0.075333044
0,0,0.0030128404
0,0,0.0026107784
1,0,0.088702425
0,0,0.0023900091
1,1,0.98969555
0,0,0.049966216
1,1,0.93449724
0,0,0.034011822
1,1,0.9895857
0,0,0.0024415858
1,1,0.9952376
0,0,0.0030324617
0,0,0.026792224
0,0,0.00292761
0,0,0.026792224
1,1,0.99500775
1,1,0.9898545
0,0,0.29019737
0,0,0.005426081
0,0,0.02599375
0,0,0.0038565635
0,0,0.0059509254
0,0,0.0803623
0,0,0.0037336887
0,0,0.004075168
0,0,0.10229328
0,0,0.011209793
0,0,0.004053895
0,0,0.0039356896
1,1,0.988447
0,0,0.00232923
0,0,0.014298994
0,0,0.0029824532
1,1,0.97237575
1,1,0.93725127
0,0,0.0027601356
0,0,0.003589985
0,0,0.14697883
0,0,0.004819827
0,0,0.005050843
0,0,0.026792224
0,0,0.026792224
0,0,0.032328334
0,0,0.0046814666
1,1,0.9809714
1,1,0.9965347
0,0,0.0024209083
0,0,0.09463584
0,0,0.09463584
1,1,0.99508154
1,1,0.7087032
0,0,0.051991813
0,0,0.041223355
0,0,0.35485712
0,0,0.003683029
0,0,0.0049370644
1,1,0.9496125
0,0,0.0036662086
1,1,0.9960621
1,1,0.9952043
0,0,0.0022085756
0,0,0.0032253482
0,0,0.0024197763
0,1,0.61704
0,0,0.04490747
1,1,0.9927025
0,0,0.00247528
1,1,0.9618322
1,1,0.823382
1,1,0.9938291
0,0,0.0022824947
0,0,0.0023563257
0,0,0.0037167633
0,0,0.010800297
0,0,0.0034539795
1,1,0.9841059
0,0,0.0035718633
0,0,0.002843963
0,0,0.005288197
0,0,0.005173991
0,0,0.002026143
0,0,0.00238503
1,1,0.9850581
1,1,0.98752034
0,0,0.00238503
0,0,0.024637897
1,1,0.98365027
0,0,0.002383347
0,0,0.00386365
1,1,0.94784343
0,0,0.0025915634
0,0,0.0028149085
0,0,0.0028149085
0,0,0.08872922
0,0,0.052404482
1,1,0.95926803
0,0,0.004005314
0,0,0.11293866
0,0,0.002424092
1,1,0.9904579
0,0,0.0049940795
1,1,0.98727953
1,1,0.98766565
0,0,0.0035196
1,1,0.9904461
0,0,0.0028396836
0,0,0.0065781013
0,0,0.03704295
0,0,0.007380574
0,0,0.010448922
0,0,0.0034658965
0,0,0.0027778377
0,0,0.0034741473
0,0,0.0051143304
1,1,0.9894337
0,0,0.030765453
0,0,0.030765453
0,0,0.0030814488
1,0,0.3484493
1,1,0.90995526
1,1,0.9629942
0,0,0.0030870067
0,0,0.002257815
0,0,0.004025383
1,1,0.9598557
0,0,0.122586146
0,0,0.016337615
1,1,0.7294062
1,1,0.9665632
0,0,0.002466278
1,1,0.829532
0,0,0.0044636265
0,0,0.0037519722
0,0,0.0026122672
0,0,0.017696576
1,1,0.989661
1,1,0.99413633
1,1,0.98701537
0,0,0.0024547754
0,0,0.028799541
0,0,0.0054360284
0,0,0.0034191858
1,1,0.9908789
1,1,0.93703824
0,0,0.026941972
0,0,0.008572256
0,0,0.006058705
1,1,0.9890141
0,0,0.0029652556
0,0,0.0032014456
0,0,0.005134669
0,0,0.015117461
1,0,0.12529846
1,1,0.97399694
1,1,0.9825051
0,0,0.00339612
0,0,0.0036268753
1,1,0.9941415
0,0,0.0026425335
0,0,0.007108453
0,0,0.0026590063
0,0,0.006008179
1,0,0.2905043
1,1,0.9927521
0,0,0.015480716
0,0,0.08780308
0,0,0.29181066
1,1,0.99589795
0,0,0.0029077316
1,1,0.995738
0,0,0.013425854
0,0,0.003178739
0,0,0.0032644025
0,0,0.0021790047
0,0,0.0024911289
0,0,0.0029758813
1,1,0.99417686
1,1,0.9957129
1,1,0.9951787
0,0,0.0030656196
0,0,0.15608042
0,0,0.0026141552
0,0,0.020352243
1,1,0.9946167
1,1,0.96093017
0,0,0.0032158634
1,1,0.9951049
1,1,0.98975766
0,0,0.0033822362
1,1,0.9953251
1,1,0.9883879
1,1,0.985268
1,1,0.9944593
0,0,0.014083779
1,1,0.98501486
0,0,0.037669614
0,0,0.002687221
0,0,0.0026179585
1,1,0.99311924
1,1,0.99346876
0,0,0.0030270417
1,1,0.992732
1,1,0.9899368
1,1,0.98298866
1,1,0.9943018
1,1,0.98771507
1,1,0.9947404
0,0,0.00677556
0,0,0.0020772892
1,1,0.98218936
1,1,0.9860399
1,1,0.9949668
1,1,0.72815895
1,1,0.99460113
1,1,0.9844869
1,1,0.99286735
0,0,0.0025120296
0,0,0.004120895
0,0,0.0025255806
0,0,0.002729601
0,0,0.0018848861
0,0,0.015470037
1,1,0.94006354
0,0,0.00223693
0,0,0.0028146515
0,0,0.0020230948
0,0,0.026646012
0,0,0.0040855063
0,0,0.0028433597
0,0,0.014913296
0,0,0.08038511
0,0,0.016685242
0,0,0.026792224
0,0,0.026792224
0,0,0.0028014863
0,0,0.0034112271
0,0,0.0024468761
0,0,0.004442488
0,0,0.005289135
1,1,0.99326855
0,0,0.035535734
0,0,0.0094519295
0,0,0.009818107
0,0,0.020488067
0,0,0.003129055
1,1,0.8877954
1,1,0.8933241
1,1,0.98804003
0,0,0.002221268
1,1,0.9635682
1,1,0.9816175
0,0,0.27195323
0,0,0.08660939
0,0,0.2218438
0,0,0.005013968
0,0,0.0026497585
0,0,0.0032499465
0,0,0.0031498054
0,0,0.002533608
0,0,0.009810632
0,0,0.013458725
0,0,0.0029624964
1,1,0.87904704
0,0,0.005725624
0,0,0.0025569594
0,0,0.0025141812
0,0,0.0074301697
1,1,0.99040365
0,0,0.005418294
0,0,0.0024256802
1,1,0.9638609
0,0,0.015408332
1,1,0.9638214
1,1,0.8988357
1,1,0.9676573
0,0,0.004477455
0,0,0.0029602407
1,1,0.99262273
1,1,0.9865659
0,0,0.004917244
0,0,0.0033395102
1,1,0.9817092
0,0,0.0021827847
1,1,0.85025483
1,1,0.9910102
0,0,0.002631391
0,0,0.0020522568
0,0,0.006388932
0,0,0.0035332358
1,1,0.98925203
0,0,0.051173627
1,1,0.96170735
0,0,0.0061425297
1,1,0.604334
0,0,0.0061425297
1,1,0.62051195
0,0,0.0041344822
0,0,0.0033269657
0,0,0.017450888
1,1,0.96008253
0,0,0.0035900155
0,0,0.0024028257
0,0,0.0034551339
0,0,0.003412414
0,0,0.012836928
1,1,0.98365146
1,1,0.9769596
0,0,0.0051310607
1,1,0.99576354
0,0,0.09526031
0,0,0.017656831
1,1,0.9945697
0,0,0.0028147707
0,0,0.061941426
1,1,0.9491797
0,0,0.0039071073
0,0,0.003781164
1,1,0.8781651
0,0,0.04248438
0,0,0.0028429634
0,0,0.015978161
0,0,0.11458029
0,0,0.0022136685
1,0,0.38697425
1,1,0.9905522
1,1,0.7812051
1,1,0.9904722
0,0,0.004701531
0,0,0.0077988263
0,0,0.0030168793
1,1,0.59458345
0,0,0.002818131
0,0,0.0028604455
0,0,0.0063243355
0,0,0.0028483665
0,0,0.006952047
1,1,0.99162287
0,0,0.0027178102
1,1,0.97578377
1,1,0.8759058
1,1,0.9881742
0,0,0.00240969
1,1,0.99551815
0,0,0.016327841
0,0,0.002537321
0,0,0.0025411984
0,0,0.002278576
0,0,0.0024548431
0,0,0.0025003788
0,0,0.0021981325
0,0,0.042269364
0,1,0.5081941
0,0,0.002442369
0,0,0.0037338661
0,0,0.0023163534
0,0,0.0059380005
0,0,0.0027564256
0,0,0.005285526
0,0,0.0026198206
1,1,0.99399275
0,0,0.0040638666
0,0,0.004915154
0,0,0.004271626
0,0,0.03921351
1,1,0.99100167
0,0,0.0026295895
0,0,0.0027306017
0,0,0.0022342657
0,0,0.016473236
0,0,0.004947594
0,0,0.002073057
1,1,0.9477127
0,0,0.012498441
1,1,0.98654294
0,0,0.002213514
0,0,0.01167617
1,1,0.9685633
0,0,0.28131974
0,0,0.0025973876
1,1,0.96936214
1,1,0.8231772
0,0,0.0024347503
0,0,0.2236286
0,0,0.12379041
0,0,0.0026335432
0,0,0.003298786
0,0,0.0025770185
1,1,0.9922619
0,0,0.037216015
0,0,0.1130346
0,0,0.002401017
1,1,0.7750383
0,0,0.036965773
0,0,0.0024927598
0,0,0.0048416196
1,1,0.963194
0,0,0.007311006
0,0,0.012711699
1,1,0.99276793
0,0,0.004019923
0,0,0.011941155
0,0,0.0025313906
0,0,0.011941155
0,1,0.58017087
0,0,0.0030026324
0,0,0.0027552631
0,0,0.008269651
0,1,0.5865742
0,0,0.0023598673
0,0,0.026792224
0,0,0.0033859597
0,0,0.026792224
0,0,0.013623833
1,1,0.9567317
0,0,0.010690137
0,0,0.008312382
0,0,0.0025158476
0,0,0.004076308
1,1,0.98631907
1,1,0.98843503
1,1,0.9896661
0,0,0.004933746
0,0,0.002064742
1,1,0.99258065
1,1,0.93648106
0,0,0.0024645776
0,0,0.027751923
0,0,0.0025794266
0,0,0.007828449
1,1,0.93060833
1,1,0.9898178
1,1,0.984502
0,0,0.006342704
0,0,0.0031917745
0,0,0.008449566
1,1,0.9608315
0,0,0.050900165
1,1,0.9626688
1,1,0.96839416
0,0,0.0041387966
0,0,0.0038204456
0,0,0.002434222
1,1,0.99359
0,0,0.0053824564
0,0,0.0044018077
0,0,0.00691926
0,0,0.015993237
0,1,0.50547165
0,0,0.017376056
0,0,0.0052580377
0,0,0.0020404486
0,0,0.008595956
1,1,0.99445045
0,0,0.0022353681
0,0,0.0026022717
0,0,0.016891744
1,1,0.7834417
0,0,0.2544314
0,0,0.07170995
0,0,0.0023634648
0,0,0.002301749
0,0,0.003842635
0,0,0.0025632677
1,1,0.9916897
0,0,0.026792224
0,0,0.026792224
0,0,0.17105998
0,0,0.007894945
1,1,0.85530823
0,0,0.047170218
1,1,0.9572056
0,0,0.00493007
1,1,0.9906901
0,0,0.0032669618
0,0,0.0023266186
0,0,0.0022181862
0,0,0.007003361
0,0,0.058902115
1,1,0.99213856
0,0,0.002423104
0,0,0.0068332492
1,1,0.86923355
0,0,0.006814144
0,0,0.025799097
0,0,0.0022517038
0,0,0.0024039461
1,0,0.39597818
0,0,0.0031300962
0,0,0.0034929563
0,0,0.0025629615
0,0,0.007898199
1,1,0.9213352
0,0,0.14797547
0,0,0.035222396
0,0,0.0032719702
0,0,0.0021439714
0,0,0.0028688302
1,1,0.95398253
0,0,0.063701704
0,0,0.00408582
0,0,0.003747373
0,0,0.0022688361
1,1,0.9594132
0,0,0.0020967396
1,1,0.9764188
1,1,0.7279422
0,0,0.0027664246
0,0,0.011890694
0,0,0.0039824913
0,0,0.0055910405
0,0,0.0036822858
0,0,0.0031989934
0,0,0.003247314
0,0,0.002793417
0,0,0.09004942
0,0,0.0047691073
0,0,0.0039073112
1,1,0.9930184
0,0,0.0025946342
0,0,0.0025773714
1,1,0.95449305
0,0,0.0045807296
1,1,0.9905624
1,1,0.8586015
1,1,0.9896864
0,0,0.003537772
0,0,0.0025262223
0,0,0.002408709
0,0,0.004350504
1,1,0.9838479
1,1,0.9913932
1,0,0.4135302
1,1,0.8401039
0,0,0.0020814212
0,0,0.0022589744
1,1,0.99234855
1,1,0.9347091
0,0,0.0094653405
0,0,0.016761951
1,1,0.9940376
0,0,0.01604133
0,0,0.00370401
0,0,0.0025991076
0,0,0.002345468
1,1,0.9914847
1,1,0.99349326
0,0,0.0022808055
0,0,0.0027462505
1,1,0.993757
0,0,0.00594707
1,1,0.99305516
1,1,0.9883654
0,0,0.0020925438
1,1,0.9901176
1,1,0.99505144
0,0,0.0035597507
0,0,0.0023684574
0,0,0.07223122
0,0,0.0022099256
0,0,0.00532695
0,0,0.002527377
1,1,0.99130356
0,0,0.055882897
0,0,0.0062664305
1,1,0.75490767
0,0,0.006594012
0,0,0.025790889
0,0,0.0026962415
0,0,0.008279687
1,1,0.9900506
0,0,0.020150043
0,0,0.086737014
0,0,0.005496842
1,1,0.9951095
0,0,0.011210855
1,1,0.9621048
0,0,0.0020558212
0,0,0.0037016936
0,0,0.0037016936
1,1,0.9955575
1,1,0.9181665
1,1,0.8892012
1,1,0.9935127
1,1,0.98871315
1,1,0.9923241
1,1,0.9250572
1,1,0.729065
0,0,0.004036651
1,1,0.9915997
1,1,0.8685866
0,0,0.0036321622
0,0,0.040252063
1,1,0.99433374
0,0,0.031117849
0,0,0.008790477
0,0,0.0025228371
0,0,0.055994414
0,0,0.057687093
1,1,0.99301225
0,0,0.0030179422
1,1,0.9922679
1,1,0.9825875
0,0,0.0050986833
0,0,0.0024601643
1,1,0.9954035
1,1,0.99462056
0,0,0.009979872
1,1,0.98863727
0,0,0.0033509394
0,0,0.014433073
1,1,0.88863957
0,0,0.0070159733
0,0,0.0029863208
1,1,0.8058255
0,0,0.0035237717
0,0,0.003303248
1,1,0.9364882
0,0,0.0083736
0,0,0.023752742
0,0,0.0022260097
0,0,0.0027439322
1,1,0.81133676
0,0,0.034100913
1,1,0.9811606
1,1,0.968965
0,0,0.0025731043
1,1,0.9943926
1,1,0.9887993
0,0,0.0033131563
1,1,0.98354775
1,1,0.69968194
1,1,0.99269605
1,1,0.99148
0,0,0.0023742057
1,1,0.99054366
1,1,0.98395705
0,0,0.019958152
1,1,0.9951696
0,0,0.0020094726
1,1,0.9918115
1,1,0.9855709
1,1,0.851048
1,1,0.9951493
1,1,0.97809005
0,0,0.0068831285
0,0,0.23473917
0,0,0.0068831285
0,0,0.0033953649
1,1,0.9925644
0,0,0.004464958
1,1,0.9793229
0,0,0.0030141254
1,1,0.9933876
1,1,0.99306434
1,1,0.99515474
0,0,0.0026675288
0,0,0.003908384
0,0,0.0029146906
0,0,0.0040948605
1,1,0.989748
1,0,0.46963027
0,0,0.0020832424
1,1,0.99321085
1,1,0.9943522
0,0,0.0061960225
0,0,0.0023950385
0,0,0.003071504
1,1,0.5308648
0,0,0.2750008
0,0,0.00236874
0,0,0.07771825
0,0,0.07815837
0,0,0.0030556445
1,1,0.97015756
0,0,0.0037382625
0,0,0.029235896
0,0,0.0030761522
0,0,0.005563349
0,0,0.0032349976
0,0,0.0025196427
0,0,0.0023311367
0,0,0.013373117
1,1,0.989027
0,0,0.00336668
0,0,0.004588063
0,0,0.0024612083
0,0,0.0024198683
0,0,0.0022725826
0,0,0.0023671407
0,0,0.0023671407
0,0,0.011510011
0,0,0.002974016
0,0,0.48952
0,0,0.11897884
0,0,0.19319649
0,0,0.0028608101
0,0,0.012103532
0,0,0.002484898
0,0,0.0024013699
0,0,0.0027802268
0,0,0.07065372
1,1,0.97157145
1,1,0.9373892
1,1,0.9866638
0,0,0.0027846906
0,0,0.0058239307
1,1,0.9914368
0,0,0.0027846906
1,1,0.987944
1,1,0.9885283
0,0,0.0033028808
0,0,0.0033411626
0,0,0.003150533
1,1,0.95827335
1,1,0.9894873
1,1,0.9902727
0,0,0.0023947046
0,0,0.0031515083
1,1,0.98604906
1,1,0.9858716
1,1,0.97811574
1,1,0.9890057
0,0,0.2098806
0,0,0.0028399548
0,0,0.006270399
1,1,0.9798298
1,1,0.9735801
0,1,0.95982635
0,0,0.0024700488
0,0,0.002418201
1,1,0.98867214
1,1,0.9894454
0,0,0.031012865
1,1,0.9835306
1,1,0.9903412
1,1,0.9472472
1,1,0.6030632
1,1,0.9873546
0,0,0.032067787
1,1,0.9729601
0,0,0.05189508
0,0,0.002718352
0,0,0.002718352
1,1,0.89441985
0,0,0.0029754653
1,1,0.9888976
1,1,0.9898963
0,0,0.002298699
0,0,0.0022035316
1,1,0.9607072
1,1,0.9889994
1,1,0.9909136
0,0,0.002141229
0,0,0.0020437806
1,1,0.9832993
1,1,0.98617435
1,1,0.98273957
1,1,0.9871339
0,0,0.0021593936
1,1,0.9849525
1,1,0.9819879
1,1,0.99444807
1,1,0.98938704
1,1,0.98236805
0,0,0.0026161429
1,1,0.973551
0,0,0.0026322687
1,1,0.96270424
0,0,0.004845157
0,0,0.0025090887
1,1,0.9921327
1,1,0.984429
0,0,0.007070297
0,0,0.0022085735
1,1,0.9748883
0,0,0.00846388
0,0,0.025682015
0,0,0.0022240577
0,0,0.0029877238
0,0,0.0023336145
0,0,0.0022476409
0,0,0.0051419814
1,1,0.98736644
1,1,0.99285346
0,0,0.0027528573
0,0,0.008329049
1,1,0.97109693
0,0,0.0023938597
0,0,0.017731747
1,1,0.99046713
1,1,0.9819833
0,0,0.004481825
0,0,0.002666039
0,0,0.002385738
0,0,0.066481605
1,1,0.9889866
1,1,0.9908975
0,0,0.0045618853
0,0,0.22623314
1,1,0.9864411
1,1,0.9915255
0,0,0.003851856
1,1,0.9863637
1,1,0.9515226
1,1,0.984306
1,1,0.9276932
1,1,0.98256207
1,1,0.87318385
1,1,0.9686783
1,1,0.9820837
0,0,0.003475691
1,1,0.9923988
1,1,0.97197795
1,1,0.98658943
1,1,0.9852455
1,1,0.990346
0,0,0.0040517016
1,1,0.9862279
1,1,0.9485351
1,1,0.97228277
1,1,0.9523358
1,1,0.9774001
1,1,0.54288805
0,0,0.008281175
1,1,0.98376036
0,0,0.026792224
0,0,0.026792224
0,0,0.01252936
1,1,0.9915531
0,0,0.0025264374
0,0,0.00293798
1,1,0.98721814
0,0,0.0051628626
0,0,0.003366958
1,1,0.98965704
1,1,0.9787122
1,1,0.9817749
1,1,0.80890477
1,1,0.990044
0,0,0.024439426
1,1,0.9164472
0,0,0.0031228054
1,1,0.9855062
1,1,0.9802225
0,0,0.0031165797
0,0,0.007262881
1,1,0.9437878
1,1,0.9886608
1,1,0.9893727
0,0,0.0022619858
0,0,0.0029434927
1,1,0.9866354
1,1,0.978013
1,1,0.98655707
0,0,0.0030385717
1,1,0.959314
1,1,0.9584731
1,1,0.98828065
0,0,0.0024770282
0,0,0.0032495914
1,1,0.96716356
1,1,0.9447235
0,0,0.0027602303
1,1,0.96577716
0,0,0.002349421
0,0,0.0030126127
1,1,0.6889744
1,1,0.9698621
1,1,0.9639985
1,1,0.9898795
1,1,0.9704203
1,1,0.9691514
1,1,0.7383741
0,0,0.0023598752
1,1,0.9621101
1,1,0.98880076
0,0,0.0033253438
0,0,0.002594548
1,1,0.9884498
1,1,0.98898995
0,0,0.021637255
0,0,0.014796331
1,1,0.986008
1,1,0.991674
1,1,0.6390214
1,1,0.96239465
1,1,0.9888256
1,1,0.9858272
0,0,0.002253564
1,1,0.98697436
1,1,0.9900339
1,1,0.98719573
0,0,0.0032386545
1,1,0.97914517
1,1,0.98582643
0,0,0.014181635
1,1,0.98022586
0,0,0.0022915625
0,0,0.0025581368
0,0,0.003508231
1,1,0.99062866
1,1,0.9868506
0,0,0.002518289
1,1,0.8693087
0,0,0.0024290357
1,1,0.9952512
0,0,0.0023962087
1,1,0.9895079
1,1,0.97817683
1,1,0.9890478
1,1,0.9928092
1,1,0.9686839
1,1,0.99038166
1,1,0.9931044
1,0,0.16063821
0,0,0.0026088418
1,1,0.9938585
1,1,0.9637905
1,1,0.9633021
1,1,0.96903205
1,1,0.9484406
1,1,0.972313
1,1,0.8773027
0,0,0.0021698682
1,1,0.99405766
1,1,0.9518747
0,0,0.0043103085
0,0,0.0034270985
1,1,0.96642905
1,1,0.9615093
1,1,0.9711807
1,1,0.99079204
1,1,0.9712912
1,1,0.9808445
0,0,0.0033278118
0,0,0.0043396144
1,1,0.82446367
1,1,0.8822786
1,1,0.9660789
1,1,0.90616035
1,1,0.9255347
0,0,0.0022861941
0,0,0.0024326271
1,1,0.9894182
1,1,0.9826765
0,0,0.0025850257
0,0,0.0064985505
0,0,0.0047404687
1,1,0.9849186
0,0,0.0024003615
1,1,0.98535305
1,1,0.9875029
0,0,0.0025837976
1,1,0.99044377
1,1,0.99324965
0,0,0.04280457
1,1,0.55521935
0,0,0.0023279504
0,0,0.007488314
0,0,0.0027103247
1,1,0.98647875
0,0,0.0049638133
0,0,0.0028125097
0,0,0.007813844
0,0,0.0022100625
0,0,0.0025345904
0,0,0.0023533537
1,1,0.980768
0,0,0.0022412976
1,1,0.97078866
1,1,0.9729783
1,1,0.979702
1,1,0.98956394
1,1,0.94286025
1,1,0.58772075
1,1,0.9892764
0,0,0.01443936
1,1,0.99005044
1,1,0.9896079
0,0,0.0027819725
1,1,0.9858838
1,1,0.98467976
1,1,0.9919193
1,1,0.95226437
1,1,0.9920723
0,0,0.002760275
1,1,0.9829994
0,0,0.00514531
1,1,0.81168276
1,1,0.98988605
0,0,0.02384768
1,1,0.98839545
1,1,0.98423856
0,0,0.0022613336
1,1,0.98788315
1,1,0.9896045
1,1,0.98022306
1,1,0.9867318
1,1,0.992782
1,1,0.9899064
1,1,0.9897798
1,1,0.9837065
0,0,0.0040453407
0,0,0.026792224
1,1,0.92027706
1,1,0.94983494
0,0,0.0042273016
0,0,0.026792224
0,0,0.0034288643
1,1,0.96722656
1,1,0.98130393
1,1,0.98906916
1,1,0.9777371
1,1,0.98434424
1,1,0.9880697
0,0,0.0025221894
0,0,0.0024437597
0,0,0.0298748
1,1,0.98347694
0,0,0.0041197836
1,1,0.9748983
1,1,0.99176604
1,1,0.9269748
1,1,0.98995614
0,0,0.01565427
0,0,0.0038309493
0,0,0.004676404
0,0,0.0030653705
1,1,0.99059325
0,0,0.18269812
0,0,0.004035587
0,0,0.0051023546
1,1,0.97686476
1,1,0.9888304
1,1,0.95699537
0,0,0.0028263303
1,1,0.9739711
1,1,0.9934748
1,1,0.98174894
1,1,0.96000654
1,1,0.9863963
0,0,0.0025343383
0,0,0.00929801
1,1,0.9870231
1,1,0.98998964
1,1,0.9836722
1,1,0.9875474
1,1,0.9865297
0,0,0.031428535
1,1,0.9888455
1,1,0.98717695
1,1,0.9649174
1,1,0.9923348
1,1,0.9883229
0,0,0.002778826
1,1,0.9909609
0,0,0.010624255
1,1,0.9901348
0,0,0.004518529
1,1,0.9765587
1,1,0.9888814
0,0,0.0022901958
0,0,0.12693755
0,0,0.0039174054
1,1,0.9637482
1,1,0.9907058
1,1,0.9874901
0,0,0.007346602
0,0,0.0037412206
0,0,0.0051944787
0,0,0.0023190249
1,1,0.98823136
0,0,0.0068953396
1,1,0.8256546
1,1,0.98877525
0,0,0.017258687
0,0,0.0051391823
0,0,0.16446492
0,0,0.0024759292
1,1,0.9942299
0,0,0.0026151636
0,0,0.0138283195
0,0,0.0040389905
1,1,0.79956305
0,0,0.0040389905
1,1,0.98838484
1,1,0.96990776
1,1,0.9703803
1,1,0.9258746
0,0,0.012028746
1,1,0.9487744
0,0,0.006933321
0,0,0.010826177
1,1,0.9869538
1,1,0.96616614
0,0,0.017982025
1,1,0.9793035
0,0,0.002959419
1,1,0.9736713
1,1,0.9464622
0,0,0.002774351
1,1,0.9872136
1,1,0.97014856
1,1,0.96695876
0,0,0.0032977515
0,0,0.008900546
0,0,0.0050031743
1,1,0.9800976
1,1,0.98968446
1,1,0.99003243
1,1,0.98771566
1,1,0.95854807
1,1,0.9686214
1,1,0.96874154
0,0,0.00637996
1,1,0.9699499
1,1,0.9813737
1,1,0.81411093
1,1,0.9391276
1,1,0.9832761
1,1,0.97637004
1,1,0.9908354
1,1,0.7844044
0,0,0.0052333702
1,1,0.98328096
0,0,0.003300011
1,1,0.9926171
1,1,0.9623984
1,1,0.9902491
1,1,0.9684533
1,1,0.96857923
1,1,0.9838448
0,0,0.011861653
0,0,0.002520664
1,1,0.9666558
1,1,0.96383727
1,1,0.9688465
1,1,0.7429298
1,1,0.97662383
0,0,0.0031294627
0,0,0.0025057455
1,1,0.99529284
1,1,0.9818715
1,1,0.988526
0,0,0.0021287585
1,1,0.98584414
1,1,0.8885224
1,1,0.97851336
0,0,0.0025651131
0,0,0.0027470393
1,1,0.96716845
0,0,0.0029181377
0,0,0.0032114265
1,1,0.9735476
1,1,0.9831799
0,0,0.02129863
1,0,0.22298628
1,1,0.9873121
0,0,0.003669119
1,1,0.97782886
1,1,0.9713335
0,0,0.019140484
0,0,0.00274172
0,0,0.0028047143
1,1,0.7721019
1,1,0.9883648
1,1,0.98938835
1,1,0.9891229
1,0,0.32731745
0,0,0.03408355
1,1,0.98844916
1,1,0.9024024
0,0,0.0040507005
1,1,0.9930651
1,1,0.99141663
0,0,0.006059053
1,1,0.9869501
1,1,0.99376255
1,1,0.9936422
1,1,0.99005073
1,1,0.98628056
1,1,0.98300904
1,1,0.9861006
0,0,0.005524165
0,0,0.24074328
0,0,0.2766208
1,1,0.7654976
0,0,0.0025800585
0,0,0.0043390514
0,0,0.035477307
1,1,0.9600053
1,1,0.993214
1,1,0.9900103
1,1,0.98937607
0,0,0.0043094484
1,1,0.9911361
0,0,0.002749402
1,1,0.92149574
1,1,0.9950283
0,0,0.0022362638
1,1,0.94486254
0,0,0.0023880803
0,0,0.0031951473
1,1,0.99165
0,0,0.0081040375
1,1,0.9670032
1,1,0.9830071
1,1,0.98928386
1,1,0.9889309
1,1,0.98988813
0,0,0.0054427455
0,0,0.003358876
1,1,0.9906584
1,1,0.9908695
1,1,0.9756058
1,1,0.97555035
1,1,0.98810685
1,1,0.96652234
0,0,0.055610575
1,1,0.9929488
1,1,0.99150896
1,1,0.9906008
1,1,0.92808527
1,1,0.99269015
1,1,0.99200094
1,1,0.9933389
1,1,0.9937987
1,1,0.9883813
1,1,0.9915092
1,1,0.9929785
1,1,0.992784
1,1,0.99358577
1,1,0.97454923
1,1,0.9724201
1,1,0.9885627
1,1,0.9891271
1,1,0.99404186
0,0,0.0068685547
1,1,0.9917857
1,1,0.95046496
1,1,0.9843038
1,1,0.96590614
0,0,0.0042117187
1,1,0.9705486
1,1,0.9745094
0,0,0.0039467597
1,1,0.9936567
0,0,0.0044486034
1,1,0.98814535
1,1,0.97324425
1,1,0.9849583
1,1,0.988832
1,1,0.9864464
1,1,0.9295692
1,1,0.9907452
1,1,0.9651602
0,0,0.021109143
0,0,0.006378703
1,1,0.9752533
0,0,0.002482133
1,1,0.99103874
0,0,0.002507318
0,0,0.0063079474
1,1,0.98631555
1,1,0.98242754
1,1,0.9811844
1,1,0.9894875
1,1,0.9919419
1,1,0.92628825
1,1,0.9877237
1,1,0.980604
0,0,0.002503062
0,0,0.0038517446
1,1,0.9931846
0,0,0.0021757623
0,0,0.006139628
0,0,0.0030692052
0,0,0.002889243
1,1,0.95916086
1,1,0.98930883
1,1,0.98974156
0,0,0.0021638288
0,0,0.002971459
0,0,0.006267969
1,1,0.99108994
0,0,0.12265622
1,1,0.9800136
1,1,0.8866637
1,1,0.9717016
0,0,0.0046306103
0,0,0.017853804
0,0,0.0023824899
1,1,0.990351
1,1,0.9263767
1,1,0.987928
1,1,0.95216304
1,1,0.98861605
0,0,0.012086133
1,1,0.97784024
1,1,0.99503124
0,0,0.12842417
1,1,0.9942179
1,1,0.9048254
1,1,0.9815639
1,1,0.90479904
0,0,0.004697585
1,1,0.9303181
1,1,0.98575634
1,1,0.96311265
1,1,0.95327073
1,1,0.92801595
0,0,0.0024685664
1,1,0.9688807
1,1,0.96395
1,1,0.9603307
0,0,0.0029665374
0,0,0.0029776602
0,0,0.0028314064
0,0,0.026792224
1,1,0.9717923
1,1,0.7397469
0,0,0.026792224
0,0,0.26786265
1,1,0.9759325
0,0,0.0066484273
1,1,0.99082327
1,1,0.9643142
1,1,0.9542077
1,1,0.9689519
0,0,0.0026938743
0,0,0.0025537263
1,1,0.9942673
1,1,0.99520975
0,0,0.0025334659
0,0,0.0022901958
1,1,0.92162514
1,1,0.83693
1,1,0.98000324
0,0,0.0030144865
0,0,0.008231362
0,0,0.0043301056
1,1,0.9175131
1,1,0.73729146
1,1,0.9806091
0,0,0.005743906
0,0,0.0033944466
1,1,0.9922488
1,1,0.9914336
1,1,0.9883139
0,0,0.004405863
1,1,0.5199066
1,1,0.98856866
1,1,0.98777944
0,0,0.005267874
1,1,0.9884001
1,1,0.9868798
0,0,0.0033396278
1,1,0.99099976
0,0,0.0060833436
1,1,0.9861292
1,1,0.98752755
1,1,0.990851
1,1,0.94894123
1,1,0.98633957
1,1,0.9706687
1,1,0.98149717
1,1,0.99114555
1,1,0.9901114
1,1,0.9859762
1,1,0.98503715
0,0,0.00335513
1,1,0.9863688
0,0,0.0035178142
1,1,0.9831408
1,1,0.97685313
1,1,0.9885074
1,1,0.98847824
1,1,0.990765
0,0,0.045143466
1,1,0.94438434
0,0,0.0025742964
0,0,0.0055275713
1,1,0.9551421
1,1,0.99036485
0,0,0.0043859687
1,1,0.98856026
1,1,0.97658145
1,1,0.98519266
1,1,0.9704524
1,1,0.92674124
0,0,0.0032437828
0,0,0.0041166604
0,0,0.0035256657
1,1,0.98922104
0,0,0.0062043434
1,1,0.9836791
1,1,0.9737882
1,1,0.9749249
1,1,0.91569895
0,0,0.0039686207
1,1,0.98639864
0,0,0.002636605
0,0,0.0052070552
1,1,0.9899559
0,0,0.02401684
0,0,0.004533514
1,1,0.7986339
1,1,0.99499434
0,0,0.0063461526
0,0,0.004705721
1,1,0.991879
0,0,0.0063459305
1,1,0.9876096
1,1,0.979646
0,0,0.002575369
0,0,0.006098302
0,0,0.0028294283
1,1,0.9895076
0,0,0.0067883753
1,1,0.9903015
0,0,0.003820743
1,1,0.88307554
1,1,0.98562
0,0,0.009986555
1,1,0.9789146
1,1,0.97369826
1,1,0.9838966
0,0,0.004543199
1,1,0.98672116
1,1,0.9646845
1,1,0.9730427
1,1,0.9885921
1,1,0.9778285
1,1,0.9822703
0,0,0.26646993
1,1,0.9707978
1,1,0.97727954
1,1,0.9889114
0,0,0.020129362
1,1,0.9885385
0,0,0.002601936
0,0,0.0064144586
1,1,0.9761861
1,1,0.9867849
1,1,0.9880419
1,1,0.9889402
1,1,0.9733682
0,0,0.0063606347
0,0,0.0021789582
1,1,0.9943052
1,1,0.9739489
1,1,0.9910288
0,0,0.0025721265
1,1,0.972954
0,0,0.0024536708
1,1,0.79405963
1,1,0.98655105
1,1,0.97862965
0,0,0.0051933085
0,0,0.0025721265
1,1,0.9869847
0,0,0.0026222866
1,1,0.98897225
0,0,0.0054775076
0,0,0.003109777
0,0,0.0025929937
0,0,0.0034939144
1,1,0.71080005
0,0,0.00259781
1,1,0.97967875
1,1,0.92303413
0,0,0.0030320294
1,1,0.98005086
0,0,0.00259781
1,1,0.9845254
0,0,0.0024043042
1,1,0.98764545
0,0,0.0026031865
1,1,0.98760986
1,1,0.98779976
1,1,0.9311661
1,1,0.98856807
1,1,0.74231863
1,1,0.9539755
0,0,0.012755597
1,1,0.98672104
0,0,0.004848121
0,0,0.0034241048
1,1,0.9831215
0,0,0.0032963664
1,1,0.9882207
0,0,0.029570594
1,1,0.9893127
0,0,0.002981356
1,1,0.5889858
1,1,0.98578274
0,0,0.005393362
0,0,0.0046870913
0,0,0.05860906
1,1,0.8932614
1,1,0.9899357
1,1,0.9801491
1,1,0.9506791
0,0,0.0048880656
1,1,0.9883753
1,1,0.98553145
0,0,0.042885743
0,0,0.011561386
1,1,0.72660613
1,1,0.99395496
1,1,0.9697515
0,0,0.085689895
1,1,0.98968786
1,1,0.9858737
0,0,0.002397065
0,0,0.0038270387
1,1,0.9866469
0,0,0.0042618983
0,0,0.026792224
0,0,0.0029001725
0,0,0.026792224
0,0,0.0029001725
1,1,0.8957498
1,1,0.98694605
0,0,0.0029402978
1,1,0.99660265
0,0,0.0042361505
1,1,0.9895126
1,1,0.98589075
0,0,0.002926765
1,1,0.9727413
0,0,0.006100629
0,0,0.0038436505
1,1,0.98036397
1,1,0.9916347
1,1,0.99316025
0,0,0.0034691622
0,0,0.0025187943
1,1,0.9806399
1,1,0.9810847
1,1,0.9960448
0,0,0.004185826
0,0,0.0032304726
0,0,0.004745123
1,1,0.9641964
0,0,0.0081711905
0,0,0.002276135
1,1,0.9862769
0,0,0.006324461
0,0,0.006613958
1,1,0.9942562
1,1,0.9875657
0,0,0.004151389
0,0,0.0023331265
0,0,0.005181679
0,0,0.004296105
1,1,0.9779769
1,1,0.9887473
1,1,0.9799253
1,1,0.9907721
1,1,0.9766668
0,0,0.0026842006
1,1,0.97706336
1,1,0.9719105
1,1,0.99004036
0,0,0.006216934
1,1,0.9841113
1,1,0.92212725
1,1,0.9873591
0,0,0.010955421
0,0,0.013230807
0,0,0.0064609363
0,0,0.0034339484
0,0,0.0027320776
1,1,0.9910823
1,1,0.97251475
1,1,0.9890626
0,0,0.00936203
0,0,0.04350462
0,0,0.009992048
0,0,0.0025059031
0,0,0.006257677
0,0,0.047975544
0,0,0.0053744665
0,0,0.009113047
0,0,0.00602758
0,0,0.010268142
0,0,0.093972705
0,0,0.01786257
0,0,0.008375589
0,0,0.044569932
0,0,0.0070258733
0,0,0.004784686
0,0,0.027281353
0,0,0.02010961
0,0,0.012750319
0,0,0.012728812
0,0,0.0034390923
0,0,0.008715717
0,0,0.0031058234
0,0,0.15646997
0,0,0.0032645206
0,0,0.0028053361
0,0,0.007525902
0,0,0.0037859322
0,0,0.010897232
0,0,0.005485335
0,0,0.0055199643
0,0,0.0045936895
0,0,0.0072921286
0,0,0.033026256
0,0,0.0051537524
0,0,0.0083601335
0,0,0.039246254
0,0,0.17957683
0,0,0.0048132143
0,0,0.004379121
0,0,0.013090286
0,0,0.09504398
0,0,0.0070720543
0,0,0.0042272774
0,0,0.00419424
0,0,0.004158121
0,1,0.6626734
0,0,0.05171702
0,0,0.013277261
0,0,0.21082926
0,0,0.0126673775
0,0,0.020639641
0,0,0.005894711
0,0,0.0028520958
0,0,0.006140396
0,0,0.0050821584
0,0,0.00397988
0,0,0.003665498
0,0,0.0030975654
0,0,0.0033582249
0,0,0.0032524406
0,0,0.0030937218
0,0,0.044907123
0,0,0.07824903
0,0,0.010074924
0,0,0.0062784804
0,0,0.036900178
0,0,0.0026467962
0,0,0.0066020694
0,0,0.0064891367
0,0,0.023179492
0,1,0.5053901
0,0,0.0053921267
0,0,0.0034323395
0,0,0.009162568
0,0,0.004641256
0,0,0.034930523
0,0,0.03420233
0,0,0.024015017
0,0,0.0022881397
0,0,0.03349608
0,0,0.0912736
0,0,0.0027050003
0,0,0.0049493904
0,0,0.0030312224
0,0,0.003488604
0,0,0.0032417686
0,0,0.0111673055
0,0,0.01470845
0,0,0.0055020554
0,0,0.0024630132
0,0,0.0053614397
0,1,0.54943156
0,0,0.0029933013
0,0,0.04397111
0,0,0.0071519013
0,0,0.0109009035
0,0,0.0058522657
0,0,0.014070928
0,1,0.99015945
0,1,0.92109424
0,0,0.0072271717
0,1,0.5125645
0,0,0.005318367
0,0,0.022856578
0,0,0.009473507
0,0,0.009936108
0,0,0.003090274
0,0,0.012605396
0,0,0.007314298
0,0,0.009659454
0,0,0.028448893
0,0,0.020746663
0,0,0.0048686415
0,0,0.0049317544
0,0,0.0065853405
0,0,0.014577975
0,0,0.009800307
0,0,0.023647346
0,0,0.010031057
0,0,0.0034830782
0,0,0.028933382
0,0,0.003147279
0,0,0.005246782
0,0,0.11402647
0,0,0.011056696
0,0,0.035670824
0,0,0.022054099
0,0,0.2531361
0,0,0.0070834816
0,0,0.010047464
0,0,0.02449046
0,0,0.03202186
0,0,0.0067136753
0,0,0.006111814
0,0,0.0207081
0,0,0.44203204
0,0,0.0057685818
0,0,0.005169722
0,0,0.009943778
0,0,0.0065580895
0,0,0.004399835
0,0,0.0029418014
0,0,0.005994017
0,0,0.020164398
0,0,0.012605965
0,0,0.02969721
0,0,0.010226193
0,0,0.0241505
0,1,0.7568327
0,0,0.03749055
0,0,0.0033563997
0,0,0.009005927
0,0,0.005847759
0,0,0.013117893
0,0,0.011671572
0,0,0.018545225
0,0,0.016551025
0,0,0.013969943
0,0,0.005007449
0,0,0.005109519
0,0,0.005538281
0,0,0.019020941
0,0,0.0075056707
0,0,0.014821362
0,0,0.066880025
0,1,0.5303349
0,1,0.61413616
0,0,0.008117062
0,0,0.0044904645
0,0,0.0049516987
0,0,0.008707509
0,0,0.005553555
0,0,0.10106367
0,0,0.01356915
0,0,0.026511712
0,0,0.14153272
0,0,0.19691686
0,0,0.0057694213
0,0,0.003475389
0,0,0.008074215
0,0,0.0065876744
0,0,0.014334983
0,0,0.004278257
0,0,0.05104609
0,0,0.0071108122
0,0,0.07982182
0,0,0.014860578
0,0,0.012729634
0,0,0.018272713
0,0,0.013196475
0,0,0.0364899
0,0,0.34488618
0,0,0.06368636
0,0,0.008624166
0,0,0.008015315
0,0,0.00959768
0,0,0.007302878
0,0,0.0036974421
0,0,0.002360588
0,0,0.007167626
0,0,0.0036046135
0,0,0.009332799
0,0,0.0030258736
0,0,0.0025711467
0,0,0.0026624051
0,0,0.0031362532
0,0,0.0025615213
0,0,0.0033724299
0,0,0.0030063305
0,0,0.0062563573
0,0,0.00250964
0,0,0.0026197012
0,0,0.0023511036
0,0,0.0038464188
0,0,0.002880448
0,0,0.0057835877
0,0,0.0027879584
0,0,0.0037016214
0,0,0.0028558362
0,0,0.002336314
0,0,0.018921794
0,0,0.0028327452
0,0,0.0021939978
0,0,0.0024632202
0,0,0.0021906777
0,0,0.00724403
0,0,0.0025322877
0,0,0.15409762
0,0,0.0029058298
0,0,0.003967492
0,0,0.0032271345
0,0,0.0042952457
0,0,0.0063611316
0,0,0.003583778
0,0,0.002466584
0,0,0.0054727565
0,0,0.0023641076
0,0,0.003068448
0,0,0.0031205171
0,0,0.0026100022
0,0,0.0025118457
0,0,0.0029097535
0,0,0.0038792419
0,0,0.0032016935
0,0,0.002473769
0,0,0.0026049924
0,0,0.0046598185
0,0,0.002961764
0,0,0.0028943275
0,0,0.0026216058
0,0,0.0034041132
0,0,0.0024917284
0,0,0.0024385182
0,0,0.0026168397
0,0,0.0025540676
0,0,0.0036745893
0,0,0.0029895026
0,0,0.0026609846
0,0,0.003136019
0,0,0.002245593
0,0,0.0030186092
0,0,0.0046085967
0,0,0.0022869164
0,0,0.002512264
0,0,0.0029561622
0,0,0.0032369248
0,0,0.002261566
0,0,0.069503546
0,0,0.0042808037
0,0,0.0047178143
0,0,0.0036877634
0,0,0.0022879404
0,0,0.0026091794
0,0,0.0022454178
0,0,0.0040259566
0,0,0.0073915613
0,0,0.0045133946
0,0,0.019461585
0,0,0.002918682
0,0,0.0077269454
0,0,0.0054549836
0,0,0.012700734
0,0,0.0028755697
0,0,0.005061062
0,0,0.002863938
0,0,0.004741884
0,0,0.0026621355
0,0,0.005315865
0,0,0.0027556405
0,0,0.007093708
0,0,0.0032621564
0,0,0.0073252297
0,0,0.0025562248
0,0,0.006921115
0,0,0.0042848946
0,0,0.012687502
0,0,0.010764873
0,0,0.0030421969
0,0,0.002650192
0,0,0.0037037637
0,0,0.0060004154
0,0,0.01672565
0,0,0.006531339
0,0,0.009377938
0,0,0.004450796
0,0,0.0028389883
0,0,0.002856743
0,0,0.0036030742
0,0,0.0031474063
0,0,0.0043700933
0,0,0.018266521
0,0,0.0071007577
0,0,0.0033805622
0,0,0.00238594
0,0,0.0025201654
0,0,0.0030210817
0,0,0.009289185
0,0,0.004060751
0,0,0.004560242
0,0,0.0037497554
0,0,0.0027672078
0,0,0.00556288
0,0,0.004693661
0,0,0.0031952597
0,0,0.0027770808
0,0,0.0061489404
0,0,0.009635699
0,0,0.009247362
0,1,0.85225534
0,0,0.117749676
0,0,0.0044317073
0,0,0.0034461038
0,0,0.003783735
0,0,0.0023225218
0,0,0.0038245854
0,0,0.003114659
0,0,0.0034248906
0,0,0.0037183014
0,0,0.017006818
0,0,0.003019789
0,0,0.06756793
0,0,0.00859078
0,0,0.0028087052
0,0,0.003856895
0,0,0.0035311212
0,0,0.0035817367
0,0,0.022044526
0,0,0.33635235
0,0,0.0025376626
0,0,0.0028992346
0,0,0.0037295404
0,0,0.0027556377
0,0,0.004154371
0,0,0.003781412
0,0,0.004553067
0,0,0.003104057
0,0,0.003447147
0,0,0.003210236
0,0,0.0026163294
0,0,0.002771868
0,0,0.010277829
0,0,0.0044036736
0,0,0.0029525973
0,0,0.0073897215
0,0,0.005297634
0,0,0.0037248146
0,0,0.006122842
0,0,0.0031289957
0,0,0.004323818
0,0,0.005520017
0,0,0.022849469
0,0,0.008880597
0,0,0.014519837
0,0,0.0027819432
0,0,0.0055271
0,0,0.0027041514
0,0,0.0062562334
0,0,0.0055104867
0,0,0.0111718085
0,0,0.0045329756
0,0,0.013990101
0,0,0.0036249666
0,0,0.0049694995
0,0,0.0044526285
0,0,0.0037506823
0,0,0.0048968336
0,0,0.005396018
0,0,0.004960115
0,0,0.009383348
0,0,0.0040822555
0,0,0.0066378955
0,0,0.0047627296
0,0,0.0047225277
0,0,0.012256888
0,0,0.0022948703
0,0,0.0066377535
0,0,0.0076887463
0,0,0.0047826134
0,0,0.0036575035
0,0,0.010201565
0,0,0.009136846
0,0,0.0077608745
0,0,0.0091059925
0,0,0.009797554
0,0,0.00505956
0,0,0.005415736
0,0,0.008381159
0,0,0.0058615473
0,0,0.013677817
0,0,0.008639929
0,0,0.008613031
0,0,0.014023412
0,0,0.006958423
0,0,0.008735985
0,0,0.009132905
0,0,0.005263687
0,0,0.006787141
0,0,0.0029363055
0,0,0.007078972
0,0,0.005039072
0,0,0.00516739
0,0,0.0048696124
0,0,0.0055249613
0,0,0.00789325
0,0,0.007541111
0,0,0.0075067226
0,0,0.007432966
0,0,0.009421743
0,0,0.004485454
0,0,0.010018848
0,0,0.008185072
0,0,0.0056349784
0,0,0.005727732
0,0,0.009044949
0,0,0.0068584788
0,0,0.008512332
0,0,0.0051812264
0,0,0.0052837646
0,0,0.00550222
0,0,0.007309048
0,0,0.008628386
0,0,0.0054423152
0,0,0.0051621594
0,0,0.005614997
0,0,0.013833315
0,0,0.0049161357
0,0,0.008552624
0,0,0.0045388453
0,0,0.0053208596
0,0,0.006244315
0,0,0.004095915
0,0,0.007336833
0,0,0.0042955135
0,0,0.016946692
0,0,0.008326607
0,0,0.006839951
0,0,0.01498779
0,0,0.016563743
0,0,0.004161752
0,0,0.008886864
0,0,0.0052345986
0,0,0.002919817
0,0,0.012235476
0,0,0.006267725
0,0,0.00922563
0,0,0.0083930995
0,0,0.008842677
0,0,0.007478361
0,0,0.010417787
0,0,0.012084447
0,0,0.005019568
0,0,0.004618369
0,0,0.0060139224
0,0,0.013193505
0,0,0.0041019293
0,0,0.004593921
0,0,0.0030671663
0,0,0.007621015
0,0,0.006721111
0,0,0.004342763
0,0,0.003690268
0,0,0.009554855
0,0,0.01346032
0,0,0.016264135
0,0,0.0069197905
0,0,0.03246101
0,0,0.012702055
0,0,0.006507213
0,0,0.009830431
0,0,0.019994419
0,0,0.061017513
0,0,0.021397872
0,0,0.015070632
0,0,0.07194294
0,0,0.0030409966
0,0,0.0033342137
0,0,0.03707637
0,0,0.003077537
0,0,0.00804386
0,0,0.00799478
0,0,0.0027823455
0,0,0.004414401
0,0,0.0029073663
0,0,0.004053122
0,0,0.0064541968
0,0,0.00837448
0,0,0.007958012
0,0,0.007515186
0,0,0.006224489
0,0,0.0046746777
0,0,0.0024564806
0,0,0.10419908
0,0,0.009344411
0,0,0.004275238
0,0,0.007794371
0,0,0.005281101
0,0,0.010406978
0,0,0.004169058
0,0,0.0023865758
0,0,0.0024278518
0,0,0.004223013
0,0,0.0032915599
0,0,0.002654863
0,0,0.0054662977
0,0,0.002960456
0,0,0.0030162353
0,0,0.0026689577
0,0,0.03563551
0,0,0.002165726
0,0,0.0029072117
0,0,0.003229648
0,0,0.00314765
0,0,0.0039855647
0,0,0.0033332934
0,0,0.014867798
0,0,0.009878195
0,0,0.00335451
0,0,0.036018223
0,0,0.0035107075
0,0,0.0027289053
0,0,0.003090368
0,0,0.005992094
0,0,0.0037718944
0,0,0.003402564
0,0,0.0029640573
0,0,0.0028474322
0,0,0.0034625216
0,0,0.007360842
0,0,0.0071769906
0,0,0.0042032376
0,0,0.004537773
0,0,0.0070323404
0,0,0.0046534976
0,0,0.0029037087
0,0,0.0041549434
0,0,0.0024896124
0,0,0.0022493887
0,0,0.0030683212
0,0,0.0043783206
0,0,0.0023768116
0,0,0.0029032335
0,0,0.0021394752
0,0,0.0025509899
0,0,0.005538339
0,0,0.0036633082
0,0,0.0038849176
0,0,0.007934014
0,0,0.0029115805
0,0,0.0022301695
0,0,0.0029815119
0,0,0.0025613252
0,0,0.0028124938
0,0,0.00952914
0,0,0.0033085127
0,0,0.0042124107
0,0,0.0031674588
0,0,0.002255524
0,0,0.017225778
0,0,0.005299461
0,0,0.0031516517
0,0,0.0032332547
0,0,0.0026124846
0,0,0.0023087866
0,0,0.006291825
0,0,0.0025163612
0,0,0.0042163106
0,0,0.002888224
0,0,0.004073789
0,0,0.006704749
0,0,0.0026189524
0,0,0.0023631353
0,0,0.0028916758
0,0,0.09091674
0,0,0.0056969603
0,0,0.004021248
0,0,0.021257803
0,0,0.03760515
0,0,0.008700919
0,0,0.0023083647
0,0,0.0052255807
0,0,0.009777701
0,0,0.00932046
0,0,0.007242576
0,0,0.003513409
0,0,0.0029112352
0,0,0.002705025
0,0,0.007000801
0,0,0.0035428673
0,0,0.002365144
0,0,0.22715788
0,0,0.0139397485
0,0,0.48537073
0,0,0.0039238166
0,0,0.00552808
0,0,0.29721218
0,0,0.0027440942
0,0,0.0023270585
0,0,0.004122719
0,0,0.0047455467
0,0,0.0027371123
0,0,0.004141991
0,0,0.003492281
0,0,0.003441927
0,0,0.003645062
0,0,0.004229121
0,0,0.01546605
0,0,0.0027369082
0,0,0.010334462
0,0,0.030697318
0,0,0.006301823
0,0,0.0037659612
0,0,0.0069498676
0,0,0.0046457797
0,0,0.0030276102
0,0,0.008002305
0,0,0.0067336457
0,0,0.0048386776
0,0,0.013115289
0,0,0.0032283773
0,0,0.003112544
0,0,0.0053064385
0,0,0.018770773
0,0,0.0033862991
0,0,0.006434041
0,0,0.0035163953
0,0,0.0041815764
0,0,0.0038309838
0,0,0.004079263
0,0,0.003640948
0,0,0.0056732614
0,0,0.0030981682
0,1,0.5053901
0,0,0.0031997005
0,0,0.041401047
0,0,0.0025579713
0,0,0.021901365
0,0,0.0053319777
0,0,0.006289258
0,0,0.0036928337
0,0,0.0052503566
0,0,0.0025153533
0,0,0.0071624327
0,0,0.008109682
0,0,0.0070243725
0,0,0.026452152
0,0,0.0026845105
0,0,0.09383443
0,0,0.0036445528
0,0,0.0058678575
0,0,0.00644978
0,0,0.0031385708
0,0,0.0025138
0,0,0.0032451241
0,0,0.0041906787
0,0,0.047387037
0,0,0.004465657
0,0,0.010480582
0,0,0.004479989
0,0,0.0033314335
0,0,0.049229745
0,0,0.013980955
0,0,0.007913821
0,0,0.019676933
0,0,0.30697128
0,0,0.002492174
0,0,0.006040309
0,0,0.0049860436
0,0,0.0135472175
0,0,0.011654719
0,0,0.2810504
0,0,0.00742999
0,0,0.003941792
0,0,0.030982757
0,0,0.01516845
0,0,0.4090429
0,0,0.008736108
0,0,0.0058254357
0,0,0.008889797
0,0,0.06310257
0,0,0.05221147
0,0,0.0037442464
0,0,0.14126934
0,0,0.007079907
0,0,0.008394394
0,0,0.005670099
0,0,0.058100067
0,0,0.1082945
0,1,0.71006036
0,0,0.07569553
0,0,0.0034104427
0,0,0.0035561703
0,1,0.7501063
0,0,0.0034776868
0,0,0.010853239
0,0,0.007019924
0,0,0.031538203
0,0,0.011163578
0,0,0.008873498
0,0,0.016116895
0,0,0.039630126
0,0,0.0153893605
0,1,0.5579987
0,0,0.0063849804
0,0,0.040892277
0,0,0.0037660669
0,0,0.06846097
0,0,0.10203771
0,0,0.0117972335
0,0,0.0036335725
0,0,0.022724481
0,0,0.003154978
0,0,0.0039385916
0,0,0.0026873462
0,0,0.0027294047
0,0,0.0031459106
0,0,0.0027454735
0,0,0.007918795
0,0,0.0026462926
0,0,0.0042148316
0,0,0.0023029132
0,0,0.0022555692
0,0,0.0031341892
0,0,0.022788497
0,0,0.0027367182
0,0,0.0027632613
0,0,0.0029130324
0,0,0.0033738615
0,0,0.0028860439
0,0,0.0034207918
0,0,0.002764849
0,0,0.0026662569
0,0,0.0031116297
0,0,0.0025347387
0,0,0.003317505
0,0,0.0029877152
0,0,0.0037326424
0,0,0.0037511417
0,0,0.0049251975
0,0,0.005145583
0,0,0.004207085
0,0,0.013073418
0,0,0.0053228736
0,0,0.0049981494
0,0,0.022237537
0,0,0.003604437
0,0,0.00419773
0,0,0.01737214
0,0,0.043630544
0,0,0.0029649339
0,0,0.0055417065
0,0,0.03884579
0,0,0.0037329793
0,0,0.0031414588
0,0,0.005976301
0,0,0.005388141
0,0,0.029398276
0,0,0.08111786
0,0,0.044388793
0,0,0.008683396
0,0,0.08026628
0,0,0.1286018
0,0,0.1987161
0,0,0.0075596985
0,0,0.017892374
0,0,0.014330685
0,0,0.17297815
0,0,0.042513292
0,0,0.00807462
0,0,0.02037875
0,0,0.17653087
0,0,0.006661881
0,0,0.012832359
0,0,0.17314596
0,0,0.034304608
0,0,0.01701744
0,0,0.1746746
0,0,0.012079018
0,0,0.14876844
0,0,0.014791791
0,1,0.5460777
0,0,0.009042505
0,0,0.007598664
0,0,0.03869522
0,0,0.013408383
0,0,0.022700131
0,0,0.14298092
0,0,0.015429173
0,1,0.5211884
0,0,0.015968192
0,0,0.02440883
0,1,0.5566995
0,0,0.018349731
0,0,0.007349047
0,0,0.053468037
0,0,0.00660983
0,0,0.14667727
0,0,0.01626879
0,0,0.035382155
0,0,0.018228369
0,0,0.0027679668
0,0,0.015327578
0,1,0.7829597
0,0,0.20287168
0,0,0.0056573083
0,0,0.026476786
0,0,0.0324578
0,0,0.06290346
0,1,0.9093483
0,0,0.009536776
0,0,0.006880893
0,0,0.12707546
0,0,0.007027976
0,0,0.006369501
0,0,0.007952555
1,1,0.9931647
1,1,0.98230803
1,1,0.84701604
1,0,0.04033908
1,1,0.9130259
1,1,0.98850644
1,1,0.8596676
1,1,0.9379341
1,1,0.88920444
1,1,0.9258457
1,1,0.98015183
1,1,0.9543621
1,1,0.97092795
1,1,0.6593833
1,1,0.9675138
1,1,0.9554283
1,0,0.31010693
1,1,0.90868056
1,1,0.855861
1,1,0.81545407
1,1,0.9654787
1,1,0.92388594
1,1,0.95191205
1,0,0.39024708
1,1,0.8557332
1,1,0.9141948
1,1,0.8691085
1,1,0.9600944
1,0,0.0870164
1,1,0.99026525
1,1,0.9906494
1,1,0.9548097
1,1,0.9491118
1,1,0.81269544
1,1,0.96841353
1,1,0.99267113
1,1,0.8675657
1,1,0.8987472
1,1,0.50887054
1,1,0.9589863
1,1,0.69008064
1,0,0.4777231
1,0,0.23093966
1,1,0.9696261
1,1,0.7852132
1,1,0.8291373
1,1,0.9696261
1,1,0.98044443
1,1,0.9844077
1,1,0.9876795
1,1,0.88805056
1,1,0.9592066
1,1,0.81545407
1,1,0.9717559
1,1,0.97884125
1,0,0.44065398
1,1,0.9664783
1,0,0.43953547
1,1,0.50147486
1,1,0.8459167
1,1,0.86694515
1,1,0.9045884
1,1,0.9721434
1,0,0.34420365
1,0,0.23726822
1,1,0.8681756
1,1,0.88444036
1,1,0.7480605
1,1,0.8992318
1,1,0.9706362
1,0,0.30697548
1,1,0.87307143
1,1,0.9512562
1,1,0.98093444
1,0,0.29217142
1,1,0.98093444
1,1,0.9783766
1,0,0.3795729
1,1,0.96938723
1,1,0.98739177
1,1,0.9875492
1,1,0.68123186
1,0,0.20531282
1,1,0.83088815
1,0,0.21305044
1,1,0.9864064
1,1,0.9796234
1,0,0.33232892
1,1,0.9845627
1,1,0.96105886
1,0,0.10657926
1,0,0.20177685
1,1,0.93871725
1,1,0.6194696
1,1,0.97311825
1,1,0.9674498
1,1,0.9791683
1,1,0.9855698
1,1,0.97182286
1,1,0.95061684
1,1,0.9902136
1,0,0.3291651
1,0,0.23611757
1,1,0.99064076
1,1,0.98829865
1,1,0.9823605
1,0,0.16046926
1,1,0.84686637
1,1,0.8426785
1,1,0.9921934
1,0,0.47562766
1,1,0.8861744
1,1,0.7857508
1,1,0.9855855
1,1,0.9691358
1,1,0.9698594
1,0,0.04457044
1,1,0.9899743
1,0,0.36878258
1,1,0.74736494
1,1,0.991618
1,1,0.93720156
1,1,0.9902739
1,1,0.97590035
1,1,0.92821944
1,1,0.89826757
1,1,0.9886917
1,1,0.98562604
1,0,0.3625184
1,1,0.95355976
1,0,0.10610304
1,1,0.6798018
1,1,0.9451323
1,1,0.74662375
1,0,0.12691289
1,1,0.96634656
1,1,0.7699321
1,1,0.983353
1,1,0.83110124
1,0,0.49018976
1,0,0.49872598
1,0,0.48613977
1,0,0.29034838
1,0,0.3130701
1,0,0.05406685
1,1,0.95224756
1,1,0.84502596
1,1,0.8603303
1,1,0.9462007
1,1,0.98702747
1,1,0.7383848
1,1,0.95559037
1,1,0.98328674
1,1,0.93363774
1,0,0.0818226
1,1,0.76676327
1,1,0.9475267
1,0,0.49904788
1,1,0.69784
1,1,0.9082903
1,1,0.9484001
1,1,0.95928943
1,1,0.9870216
1,1,0.9781439
1,0,0.27161315
1,1,0.96296346
1,1,0.98576653
1,1,0.86303324
1,1,0.987475
1,1,0.9876201
1,0,0.47537574
1,0,0.2673224
1,1,0.81596667
1,0,0.18360408
1,1,0.8427809
1,1,0.97782075
1,1,0.7356025
1,1,0.7610512
1,1,0.83165824
1,1,0.9787648
1,1,0.78544587
1,1,0.9794819
1,1,0.92854947
1,1,0.922027
1,1,0.58279115
1,1,0.98027396
1,1,0.9870543
1,1,0.98521996
1,1,0.9843352
1,1,0.99406475
1,1,0.9396219
1,0,0.07098114
1,1,0.9118869
1,1,0.9047559
1,1,0.97408175
1,0,0.10423812
1,0,0.07335502
1,1,0.50340235
1,1,0.9445875
1,1,0.83213145
1,1,0.98454845
1,1,0.9814399
1,1,0.99182606
1,1,0.9812919
1,1,0.94156945
1,1,0.91748035
1,1,0.98537606
1,1,0.98982507
1,1,0.9571962
1,1,0.9663231
1,0,0.25572506
1,1,0.96740705
1,0,0.21904391
1,1,0.9765518
1,1,0.9844977
1,1,0.98333156
1,1,0.8403809
1,1,0.9857991
1,1,0.69675964
1,0,0.092845455
1,0,0.20375943
1,1,0.88845205
1,1,0.74710524
1,1,0.91885585
1,1,0.983294
1,0,0.04023382
1,0,0.22957188
1,0,0.36352235
1,1,0.7335105
1,1,0.98885834
1,1,0.74118936
1,1,0.9288946
1,1,0.76020324
1,1,0.82935643
1,0,0.27052116
1,1,0.9907512
1,1,0.9879512
1,0,0.38462946
1,1,0.5664441
1,1,0.6360321
1,1,0.90276736
1,1,0.8804658
1,1,0.9486098
1,1,0.9665881
1,1,0.9749859
1,1,0.9749859
1,1,0.80819124
1,1,0.6162151
1,1,0.98257345
1,1,0.879049
1,1,0.9857788
1,0,0.41604936
1,1,0.99175644
1,0,0.120397456
1,1,0.8573875
1,1,0.9780772
1,1,0.9501423
1,0,0.226503
1,1,0.764687
1,1,0.9756781
1,1,0.9852132
1,1,0.99056166
1,1,0.99056166
1,0,0.07890204
1,1,0.93608576
1,1,0.7169559
1,1,0.97391564
1,1,0.9862963
1,1,0.70930946
1,1,0.7611573
1,1,0.98663425
1,1,0.9885423
1,0,0.022351451
1,1,0.9247493
1,1,0.9928498
1,1,0.9790973
1,1,0.98708147
1,1,0.80839086
1,1,0.98816895
1,1,0.98943794
1,1,0.7929778
1,1,0.8425885
1,0,0.11709211
1,1,0.9679565
1,1,0.9871503
1,1,0.984777
1,1,0.76813614
1,0,0.016055847
1,1,0.6973473
1,1,0.77548
1,1,0.63994116
1,1,0.9347805
1,1,0.7922478
1,1,0.98466915
1,0,0.42154738
1,0,0.4559234
1,1,0.95379305
1,1,0.9897557
1,0,0.076884076
1,1,0.9044531
1,1,0.80016047
1,1,0.9278737
1,0,0.061841525
1,0,0.092465445
1,0,0.21834908
1,0,0.13292792
1,0,0.19208528
1,1,0.9000013
1,1,0.9853338
1,1,0.98118216
1,1,0.6806294
1,1,0.9845296
1,0,0.22414416
1,0,0.22464085
1,1,0.9727192
1,0,0.36146346
1,1,0.64029133
1,1,0.89859915
1,0,0.19004479
1,1,0.96634287
1,1,0.9872903
1,1,0.99163353
1,1,0.980586
1,1,0.9893231
1,1,0.97597426
1,1,0.97889405
1,1,0.9737933
1,1,0.88105655
1,1,0.9920705
1,1,0.9858833
1,1,0.9700019
1,1,0.98395616
1,1,0.9920459
1,1,0.9838141
1,1,0.9893973
1,1,0.83468926
1,1,0.74104667
1,1,0.943532
1,1,0.97601116
1,1,0.9861085
1,1,0.9805453
1,1,0.9829973
1,1,0.9649952
1,1,0.9795945
1,1,0.9826255
1,1,0.96637815
1,1,0.95895684
1,1,0.98034143
1,1,0.9683506
1,1,0.9911573
1,1,0.97750205
1,1,0.9869833
1,1,0.981234
1,1,0.98848534
1,1,0.990936
1,1,0.9923741
1,1,0.95173115
1,1,0.9918023
1,1,0.9525072
1,1,0.9463492
1,1,0.992058
1,1,0.98751754
1,1,0.94297147
1,1,0.97221607
1,1,0.9877061
1,1,0.9892067
1,1,0.98325133
1,1,0.9644055
1,1,0.99335265
1,1,0.94635063
1,1,0.9708552
1,1,0.98428416
1,1,0.9847097
1,1,0.9911411
1,1,0.97402656
1,1,0.97608954
1,1,0.92218006
1,1,0.95536137
1,1,0.5228327
1,1,0.9866273
1,1,0.9363949
1,1,0.9890788
1,1,0.99055135
1,1,0.9877529
1,1,0.99156624
1,1,0.9863527
1,1,0.99097013
1,1,0.9918235
1,1,0.98966426
1,1,0.98005635
1,1,0.98005635
1,1,0.97158563
1,1,0.98249155
1,1,0.98330885
1,1,0.9698666
1,1,0.9126547
1,1,0.9905467
1,1,0.9833487
1,1,0.87902254
1,1,0.9756978
1,1,0.99098575
1,1,0.9851768
1,1,0.9449409
1,1,0.96206826
1,1,0.9838288
1,1,0.9919248
1,1,0.9867965
1,1,0.98919386
1,1,0.99072534
1,1,0.99072534
1,1,0.99072534
1,1,0.98269695
1,1,0.92455024
1,1,0.99081635
1,1,0.9814123
1,1,0.9848802
1,1,0.985696
1,1,0.99356705
1,1,0.98164326
1,1,0.9468848
1,1,0.94308424
1,1,0.98657554
1,1,0.9294829
1,1,0.98550826
1,1,0.9884604
1,1,0.9829096
1,1,0.98848045
1,1,0.9157449
1,1,0.98608893
1,1,0.9662163
1,1,0.9909815
1,1,0.9863701
1,1,0.9933276
1,1,0.96238804
1,1,0.9876387
1,1,0.9891684
1,1,0.9852234
1,1,0.9812278
1,1,0.9687593
1,1,0.9894483
1,1,0.99070686
1,1,0.98031783
1,1,0.98835504
1,1,0.97538245
1,1,0.9857519
1,1,0.99208224
1,1,0.9887199
1,1,0.9795619
1,1,0.94272196
1,1,0.99345124
1,1,0.99186146
1,1,0.9922397
1,1,0.9925938
1,1,0.98974854
1,1,0.89356464
1,1,0.98687774
1,1,0.9846028
1,1,0.9878126
1,1,0.9605928
1,1,0.9855439
1,1,0.98410785
1,1,0.9932201
1,1,0.9932201
1,1,0.9932201
1,1,0.98429745
1,1,0.98429745
1,1,0.9747542
1,1,0.989764
1,1,0.9927585
1,1,0.9898051
1,1,0.9898051
1,1,0.9831527
1,1,0.9882466
1,1,0.9895493
1,1,0.98749614
1,1,0.9846703
1,1,0.9894326
1,1,0.9695672
1,1,0.991491
1,1,0.9901106
1,1,0.9869321
1,1,0.99124336
1,1,0.9889649
1,1,0.987965
1,1,0.9901494
1,1,0.9767619
1,1,0.969739
1,1,0.9786541
1,1,0.93078625
1,1,0.97685903
1,1,0.98855805
1,1,0.63874036
1,1,0.70941067
1,1,0.9862368
1,1,0.9902936
1,1,0.9924629
1,1,0.9917738
1,1,0.9898773
1,1,0.96668464
1,1,0.97364354
1,1,0.68456876
1,1,0.96911556
1,1,0.9916431
1,1,0.98110735
1,1,0.99073166
1,1,0.9876252
1,1,0.8459478
1,1,0.99029505
1,1,0.98352057
1,1,0.98174345
1,1,0.9870166
1,1,0.9903403
1,1,0.9811633
1,0,0.010378358
1,1,0.96711284
1,1,0.98900056
1,1,0.98889434
1,1,0.9877592
1,1,0.99335504
1,1,0.9761841
1,1,0.94359386
1,1,0.94958746
1,1,0.94958746
1,1,0.9883839
1,1,0.95479053
1,1,0.98622847
1,1,0.977795
1,1,0.9926601
1,1,0.9913147
1,1,0.95009273
1,1,0.9931799
1,1,0.98224556
1,1,0.96002704
1,1,0.974251
1,1,0.98669994
1,1,0.98749334
1,1,0.987283
1,1,0.98310584
1,1,0.99420446
1,1,0.95885444
1,1,0.9749257
1,1,0.96504873
1,1,0.9688371
1,1,0.99420446
1,1,0.97594416
1,1,0.9805531
1,1,0.64638114
1,1,0.98902357
1,1,0.98925334
1,1,0.99101186
1,1,0.98734796
1,1,0.98023134
1,1,0.9761644
1,1,0.9862131
1,1,0.9781366
1,1,0.98953456
1,1,0.8059174
1,1,0.98699564
1,1,0.98306805
1,1,0.9906819
1,1,0.9922713
1,1,0.9872246
1,1,0.9872978
1,1,0.98986864
1,1,0.9930059
1,1,0.9921759
1,1,0.9895555
1,1,0.988967
1,1,0.9624989
1,1,0.9869977
1,1,0.966358
1,1,0.98476255
1,1,0.9925966
1,1,0.9840434
1,1,0.97735107
1,1,0.9787178
1,1,0.980057
1,1,0.9712724
1,1,0.98688877
1,1,0.91597056
1,1,0.9924333
1,1,0.99430496
1,1,0.9635942
1,1,0.9903762
1,1,0.98795575
1,1,0.9926369
1,1,0.9901759
1,1,0.9755323
1,1,0.97122496
1,1,0.93934584
1,1,0.806236
1,1,0.8176872
1,1,0.9926596
1,1,0.99118537
1,1,0.9918921
1,1,0.99157965
1,1,0.9898935
1,1,0.8285611
1,1,0.9893665
1,1,0.98723197
1,1,0.92041934
1,1,0.9843407
1,1,0.989903
1,1,0.98855907
1,1,0.9870732
1,1,0.97860307
1,1,0.7142721
1,1,0.9907526
1,1,0.98802525
1,1,0.99005073
1,1,0.98935586
1,1,0.98604614
1,1,0.9711265
1,1,0.898599
1,1,0.63903767
1,1,0.97363937
1,1,0.98842305
1,1,0.991417
1,1,0.9818796
1,1,0.98282534
1,1,0.9830085
1,1,0.9762014
1,1,0.9863629
1,1,0.99187964
1,1,0.961381
1,1,0.967839
1,1,0.9588228
1,1,0.99258524
1,1,0.98164016
1,1,0.9841681
1,1,0.9264124
1,1,0.9264124
1,1,0.989739
1,1,0.8239899
1,1,0.97833586
1,1,0.9873728
1,1,0.9837398
1,1,0.992596
1,1,0.9909651
1,1,0.98782897
1,1,0.9916338
1,1,0.9844386
1,1,0.99083674
1,1,0.97581375
1,1,0.988245
1,1,0.9469717
1,1,0.98169947
1,1,0.9917544
1,1,0.9855204
1,1,0.9800183
1,1,0.9793991
1,1,0.9857487
1,1,0.97774315
1,1,0.9896947
1,1,0.98601854
1,1,0.9102395
1,1,0.5599252
1,1,0.9901481
1,1,0.99145645
1,1,0.992025
1,1,0.98455286
1,1,0.9768241
1,1,0.95834076
1,1,0.752003
1,1,0.9900575
1,1,0.85491717
1,1,0.9850449
1,1,0.9924941
1,1,0.9830941
1,1,0.98206884
1,1,0.9917338
1,1,0.9415074
1,1,0.98757774
1,1,0.98820716
1,1,0.9411753
1,1,0.9815513
1,1,0.97625774
1,1,0.9892607
1,1,0.99046504
1,1,0.9843366
1,1,0.99144477
1,1,0.98696285
1,1,0.9796245
1,1,0.9827802
1,1,0.9850552
1,1,0.9850552
1,1,0.9929093
1,1,0.99254465
1,0,0.37600282
1,1,0.93421274
1,1,0.9912971
1,1,0.9829837
1,1,0.98811007
1,1,0.9890527
1,1,0.9850552
1,1,0.99372464
1,1,0.9838974
1,1,0.9524481
1,1,0.956811
1,1,0.981901
1,1,0.61778957
1,1,0.6987324
1,1,0.988058
1,1,0.9803759
1,1,0.9881116
1,1,0.9692452
1,1,0.98164546
1,1,0.9864521
1,1,0.9931351
1,1,0.98697543
1,1,0.9782179
1,1,0.9943137
1,1,0.9898185
1,1,0.95682466
1,1,0.98542726
1,1,0.954505
1,1,0.9828498
1,1,0.95271903
1,1,0.98741364
1,1,0.9889446
1,1,0.96749383
1,1,0.9899302
1,1,0.9406839
1,1,0.98134226
1,1,0.9901191
1,1,0.96127635
1,1,0.991039
1,1,0.9284789
1,1,0.9774465
1,1,0.966355
1,1,0.5076679
1,1,0.98589027
1,0,0.36291516
1,1,0.97367775
1,1,0.9874786
1,1,0.98994154
1,1,0.9906748
1,1,0.95581675
1,1,0.98702025
1,1,0.99018013
1,1,0.9909676
1,1,0.6312662
1,1,0.9782235
1,1,0.9817151
1,1,0.9941155
1,1,0.97900563
1,1,0.9925256
1,1,0.98864937
1,1,0.9916539
1,1,0.9883255
1,1,0.99300295
1,1,0.9860866
1,1,0.9786315
1,1,0.95549655
1,1,0.9528435
1,1,0.9239603
1,1,0.98013675
1,1,0.9827399
1,1,0.9648366
1,1,0.9813812
1,1,0.9881443
1,1,0.99185103
1,1,0.9924901
1,1,0.8659595
1,1,0.9895626
1,1,0.97837067
1,1,0.9881421
1,1,0.98201746
1,1,0.97851634
1,1,0.96859556
1,1,0.9664394
1,1,0.8960243
1,1,0.98451334
1,1,0.97848266
1,1,0.9275997
1,1,0.9402865
1,1,0.91666144
1,1,0.9936324
1,1,0.97593033
1,1,0.99216276
1,1,0.9827418
1,1,0.9949209
1,1,0.9949209
1,1,0.9226262
1,1,0.994052
1,1,0.9891651
1,1,0.99141943
1,1,0.9886021
1,1,0.9810893
1,1,0.98763275
1,1,0.98457736
1,1,0.990593
1,1,0.99243706
1,1,0.9860599
1,1,0.99006516
1,1,0.9901181
1,1,0.99067116
1,1,0.99111676
1,1,0.9875634
1,1,0.9875709
1,1,0.9910233
1,1,0.9211962
1,1,0.9932573
1,1,0.9919131
1,1,0.9933877
1,1,0.99181294
1,1,0.9905799
1,1,0.99153894
1,1,0.98201513
1,1,0.9891424
1,1,0.9718366
1,1,0.9927718
1,1,0.98976
1,1,0.99094546
1,1,0.87866473
1,1,0.98378617
1,1,0.9361592
1,1,0.97638845
1,1,0.9753549
1,1,0.97223896
1,1,0.9783579
1,0,0.16945654
1,1,0.9890142
1,1,0.9818994
1,1,0.989326
1,1,0.98785883
1,1,0.98785883
1,1,0.98942155
1,1,0.9816057
1,1,0.9895761
1,1,0.9855489
1,1,0.99251527
1,1,0.98398966
1,1,0.9877753
1,1,0.9901349
1,1,0.98230606
1,1,0.9305163
1,1,0.8793635
1,1,0.98360413
1,1,0.9910222
1,1,0.9522818
1,1,0.91814137
1,1,0.9883604
1,1,0.9675259
1,1,0.97984046
1,1,0.9822451
1,1,0.98428136
1,1,0.9838307
1,1,0.9913536
1,1,0.96639687
1,1,0.9904585
1,1,0.99436074
1,1,0.991653
1,1,0.9707968
1,1,0.9855434
1,1,0.9805828
1,1,0.983111
1,1,0.9815793
1,1,0.98139346
1,1,0.98349977
1,1,0.9840582
1,1,0.993853
1,1,0.9936387
1,1,0.8735228
1,1,0.9833856
1,1,0.99327177
1,1,0.9673264
1,1,0.99095094
1,1,0.99341726
1,1,0.9554093
1,1,0.98775417
1,1,0.9876988
1,1,0.99295396
1,1,0.99109894
1,1,0.90794635
1,1,0.9502679
1,1,0.9917943
1,1,0.93812627
1,1,0.9909768
1,1,0.9916437
1,1,0.98242444
1,1,0.9860978
1,1,0.9871431
1,1,0.98759544
1,1,0.9863339
1,0,0.020563362
1,1,0.98689586
1,0,0.34073335
1,1,0.98944306
1,1,0.9838831
1,1,0.9890941
1,1,0.9915264
1,1,0.97226274
1,1,0.9822943
1,1,0.98906857
1,1,0.98957413
1,1,0.9465514
1,1,0.99056923
1,1,0.983177
1,1,0.9628417
1,1,0.9899913
1,0,0.46090254
1,1,0.991768
1,1,0.8705546
1,1,0.9905794
1,1,0.99279493
1,1,0.9801775
1,1,0.97641295
1,1,0.98705137
1,1,0.97296786
1,1,0.9929386
1,1,0.9816513
1,1,0.98324215
1,1,0.9895607
1,1,0.9930419
1,1,0.8640334
1,1,0.9904156
1,1,0.97566277
1,1,0.98431927
1,1,0.99362695
1,1,0.99362695
1,1,0.99228114
1,1,0.92754966
1,1,0.9827351
1,1,0.9920214
1,1,0.99286073
1,1,0.9853896
1,1,0.9869523
1,1,0.98380196
1,1,0.9900092
1,1,0.9885789
1,1,0.9933113
1,1,0.9788602
1,1,0.9887311
1,1,0.8650067
1,1,0.99099123
1,1,0.9857919
1,1,0.98589337
1,1,0.94074035
1,1,0.9917129
1,1,0.98911893
1,1,0.97889197
1,1,0.980212
1,1,0.99079096
1,1,0.9929599
1,1,0.9793611
1,1,0.9881346
1,1,0.9746831
1,1,0.9908608
1,1,0.98793554
1,1,0.9906585
1,1,0.9918013
1,1,0.98302495
1,1,0.98758185
1,1,0.9842758
1,1,0.98849213
1,1,0.954894
1,1,0.98935497
1,1,0.9930114
1,1,0.9601543
1,1,0.9848011
1,1,0.99284583
1,1,0.992331
1,1,0.9713794
1,1,0.9833476
1,1,0.9870574
1,1,0.9872513
1,1,0.98597217
1,1,0.9907821
1,1,0.9538133
1,1,0.991683
1,1,0.97214735
1,1,0.9858905
1,1,0.9815927
1,1,0.9904711
1,1,0.9654227
1,1,0.83081365
1,1,0.80271196
1,1,0.9919288
1,1,0.9604856
1,1,0.9933636
1,1,0.9806652
1,1,0.8922588
1,1,0.99052763
1,1,0.9790254
1,1,0.8997711
1,1,0.9898914
1,1,0.9929461
1,1,0.9934228
1,1,0.95938313
1,1,0.99402606
1,1,0.9380455
1,1,0.9917754
1,1,0.98260295
1,1,0.98616207
1,1,0.9690508
1,1,0.9798125
1,1,0.99397874
1,1,0.9843971
1,0,0.44892877
1,1,0.9835638
1,1,0.9794071
1,1,0.9290499
1,1,0.9740767
1,1,0.991222
1,1,0.7864805
1,1,0.9384169
1,1,0.7905999
1,1,0.96904
1,0,0.097421266
1,1,0.8303645
1,1,0.9857094
1,1,0.9231211
1,1,0.9642745
1,0,0.39716744
1,0,0.28153875
1,1,0.6599489
1,0,0.42215163
1,1,0.6128501
1,1,0.5805404
1,1,0.5912898
1,1,0.9618394
1,0,0.2987572
1,1,0.9848015
1,1,0.9543838
1,1,0.9858279
1,1,0.986694
1,1,0.9767918
1,1,0.9890745
1,1,0.9767918
1,1,0.57970214
1,1,0.5359442
1,0,0.49898595
1,1,0.9049542
1,1,0.9657539
1,1,0.9422129
1,1,0.94354993
1,1,0.942879
1,1,0.9133421
1,1,0.72031033
1,0,0.2987572
1,1,0.8285724
1,1,0.95214677
1,1,0.9659731
1,1,0.6418804
1,1,0.9744821
1,1,0.5005883
1,1,0.9856424
1,1,0.6885947
1,1,0.978285
1,1,0.8378665
1,0,0.48101526
1,1,0.9244747
1,1,0.9422298
1,1,0.929876
1,1,0.9690428
1,1,0.69024545
1,1,0.9659679
1,1,0.8218002
1,1,0.9698833
1,1,0.9817539
1,1,0.97317886
1,0,0.4216076
1,1,0.98196304
1,0,0.35642886
1,1,0.9267914
1,1,0.9567557
1,1,0.8398589
1,1,0.71988726
1,0,0.21768725
1,1,0.9758611
1,0,0.28036657
1,1,0.836531
1,1,0.9720082
1,1,0.9903543
1,1,0.87344974
1,1,0.9831312
1,1,0.97317016
1,1,0.9616278
1,0,0.2266873
1,1,0.76546776
1,1,0.8065044
1,1,0.9844178
1,0,0.2161047
1,1,0.68159443
1,1,0.9486212
1,1,0.63506615
1,1,0.97317016
1,1,0.93236923
1,1,0.59868526
1,1,0.979431
1,1,0.5515987
1,1,0.9153125
1,1,0.94724524
1,1,0.94065183
1,1,0.9883631
1,0,0.35205296
1,1,0.94039863
1,1,0.96376604
1,1,0.97886527
1,0,0.1875022
1,1,0.9883627
1,0,0.055063847
1,0,0.33740053
1,1,0.7637483
1,1,0.98043066
1,1,0.55059946
1,1,0.9167958
1,1,0.9720933
1,1,0.97505647
1,1,0.96483016
1,1,0.91963655
1,1,0.89938104
1,1,0.96150655
1,1,0.94699633
1,1,0.90069515
1,1,0.88071144
1,1,0.9519462
1,0,0.03648973
1,0,0.28774586
1,1,0.98690623
1,1,0.97751504
1,1,0.9572497
1,1,0.9518978
1,1,0.977485
1,1,0.6990416
1,1,0.7602215
1,1,0.96784836
1,1,0.9676877
1,0,0.34483197
1,1,0.98145527
1,1,0.98594147
1,0,0.26654342
1,1,0.9530838
1,1,0.5279553
1,1,0.94214576
1,1,0.54343957
1,1,0.7211506
1,0,0.42003536
1,1,0.7719296
1,1,0.9695238
1,1,0.9618323
1,1,0.7543114
1,1,0.58230543
1,1,0.68446285
1,0,0.443207
1,1,0.9563436
1,1,0.9651204
1,1,0.9785194
1,1,0.87195516
1,1,0.9145018
1,0,0.14085579
1,0,0.27338377
1,0,0.11424872
1,1,0.9885837
1,1,0.97398746
1,1,0.9216428
1,1,0.8599797
1,1,0.94583565
1,1,0.9893194
1,0,0.32203278
1,1,0.98933464
1,0,0.44285613
1,1,0.8702894
1,1,0.8721653
1,1,0.85012066
1,1,0.92532176
1,1,0.61898845
1,1,0.73528326
1,1,0.90823466
1,0,0.2235895
1,1,0.969992
1,1,0.928528
1,1,0.9665668
1,1,0.9830481
1,1,0.94403744
1,1,0.93657404
1,1,0.94456744
1,1,0.7901716
1,1,0.7241839
1,1,0.96781284
1,1,0.75443786
1,0,0.3493453
1,1,0.5057776
1,1,0.9335213
1,0,0.107736625
1,1,0.94553244
1,1,0.98290974
1,1,0.98952395
1,1,0.97260654
1,1,0.7122646
1,1,0.523514
1,1,0.77978295
1,1,0.9583367
1,1,0.95414186
1,1,0.79729795
1,1,0.6870551
1,0,0.2363584
1,1,0.7883796
1,1,0.6792166
1,1,0.9622178
1,1,0.9451169
1,1,0.9645302
1,1,0.8164613
1,1,0.97731256
1,1,0.9376676
1,1,0.96042025
1,1,0.97287875
1,1,0.93630487
1,1,0.9391026
1,1,0.9709727
1,1,0.6159101
1,1,0.9784686
1,0,0.21177875
1,1,0.6177586
1,1,0.8467869
1,1,0.9191964
1,1,0.5406553
1,1,0.9142209
1,1,0.6172431
1,1,0.852936
1,1,0.8258776
1,0,0.3658431
1,1,0.84126925
1,0,0.16691165
1,1,0.86636406
1,1,0.9202018
1,1,0.98164463
1,1,0.90933555
1,1,0.712636
1,1,0.9200205
1,0,0.29871428
1,1,0.96972847
1,0,0.47677696
1,1,0.89649487
1,1,0.9431814
1,1,0.93403673
1,1,0.8031285
1,0,0.22411075
1,1,0.9867937
1,1,0.65629286
1,1,0.9067282
1,0,0.4160761
1,1,0.8143585
1,1,0.96750134
1,1,0.68162036
1,0,0.38917252
1,1,0.9930971
1,0,0.35655326
1,1,0.686747
1,1,0.7258396
1,1,0.87020797
1,0,0.30985937
1,1,0.94754034
1,1,0.92767817
1,1,0.87592566
1,1,0.95250124
1,1,0.5203711
1,1,0.8751608
1,0,0.40911755
1,1,0.5452734
1,1,0.50060916
1,0,0.4992348
1,1,0.95200765
1,1,0.85008806
1,1,0.9462103
1,1,0.9437254
1,1,0.94480926
1,1,0.6464473
1,1,0.9711907
1,1,0.96350193
1,0,0.4905201
1,1,0.95416623
1,1,0.9737248
1,1,0.6272865
1,1,0.9749084
1,1,0.94155264
1,1,0.9719011
1,1,0.7243257
1,0,0.29754484
1,1,0.8206059
1,1,0.9672943
1,1,0.9677423
1,1,0.7814791
1,1,0.86641055
1,1,0.6929171
1,1,0.7446345
1,1,0.5860081
1,1,0.6845037
1,1,0.65235883
1,0,0.34273025
1,1,0.8441642
1,1,0.72509235
1,1,0.875072
1,1,0.8355217
1,1,0.8124286
1,1,0.89761454
1,1,0.65820056
1,1,0.7519056
1,1,0.68246084
1,0,0.305932
1,1,0.8846044
1,0,0.48035094
1,0,0.44381338
1,1,0.9460551
1,1,0.9732694
1,0,0.106993794
1,1,0.73571444
1,1,0.81099164
1,1,0.84622824
1,1,0.9346277
1,0,0.047492612
